[2021-08-07T11:05:09.287] [INFO] info - dddddfff++
[2021-08-07T11:05:13.107] [INFO] info - dddddfff++
[2021-08-07T11:05:23.133] [INFO] info - dddddfff++
[2021-08-07T13:53:26.959] [INFO] info - dddddfff++
[2021-08-07T16:13:03.246] [INFO] info - dddddfff++
[2021-08-07T22:38:43.654] [INFO] info - dddddfff++
[2021-08-08T22:13:57.548] [INFO] info - **数据库连接成功**
[2021-08-08T22:15:03.912] [INFO] info - **数据库连接成功**
[2021-08-08T22:53:39.329] [INFO] info - **数据库连接成功**
[2021-08-08T23:02:19.635] [INFO] info - **数据库连接成功**
[2021-08-08T23:02:25.641] [INFO] info - **数据库连接成功**
[2021-08-08T23:02:26.922] [INFO] info - **数据库连接成功**
[2021-08-08T23:02:30.815] [INFO] info - **数据库连接成功**
[2021-08-08T23:05:26.231] [INFO] info - **数据库连接成功**
[2021-08-08T23:22:55.420] [INFO] info - **数据库连接成功**
[2021-08-08T23:24:43.804] [INFO] info - **数据库连接成功**
[2021-08-08T23:24:58.961] [INFO] info - params:{}
[2021-08-08T23:26:35.766] [INFO] info - **数据库连接成功**
[2021-08-08T23:26:37.698] [INFO] info - get params:{}
[2021-08-08T23:26:37.698] [INFO] info - post params:{"userName":"admin","userPwd":"222"}
[2021-08-08T23:37:15.113] [INFO] info - **数据库连接成功**
[2021-08-09T14:27:40.009] [INFO] info - **数据库连接成功**
[2021-08-09T14:27:45.313] [INFO] info - get params:{}
[2021-08-09T14:27:45.313] [INFO] info - post params:{"userName":"admin","userPwd":"admin"}
[2021-08-09T17:11:35.917] [INFO] info - get params:{}
[2021-08-09T17:11:35.918] [INFO] info - post params:{"userName":"admin","userPwd":"admin"}
[2021-08-09T17:12:31.890] [INFO] info - get params:{"userName":"admin","userPwd":"admin"}
[2021-08-09T17:12:31.891] [INFO] info - post params:{}
[2021-08-09T17:13:19.555] [INFO] info - get params:{}
[2021-08-09T17:13:19.557] [INFO] info - post params:{}
[2021-08-09T17:14:02.650] [INFO] info - get params:{}
[2021-08-09T17:14:02.650] [INFO] info - post params:{"userName":"admin","userPwd":"admin"}
[2021-08-09T22:03:27.995] [INFO] info - get params:{}
[2021-08-09T22:03:27.996] [INFO] info - post params:{"userName":"admin","userPwd":"admin"}
[2021-08-10T15:34:15.760] [INFO] info - **数据库连接成功**
[2021-08-10T15:38:27.981] [INFO] info - **数据库连接成功**
[2021-08-10T15:39:07.033] [INFO] info - **数据库连接成功**
[2021-08-10T15:43:13.649] [INFO] info - get params:{}
[2021-08-10T15:43:13.649] [INFO] info - post params:{"userName":"admin","userPwd":"admin"}
[2021-08-10T15:43:13.864] [INFO] info - get params:{}
[2021-08-10T15:43:13.864] [INFO] info - post params:{}
[2021-08-10T15:43:13.866] [INFO] info - get params:{}
[2021-08-10T15:43:13.866] [INFO] info - post params:{}
[2021-08-10T15:43:54.720] [INFO] info - get params:{}
[2021-08-10T15:43:54.721] [INFO] info - post params:{}
[2021-08-10T16:01:09.342] [INFO] info - get params:{}
[2021-08-10T16:01:09.342] [INFO] info - post params:{}
[2021-08-10T16:01:09.344] [INFO] info - get params:{}
[2021-08-10T16:01:09.344] [INFO] info - post params:{}
[2021-08-10T16:01:54.569] [INFO] info - **数据库连接成功**
[2021-08-10T16:02:22.760] [INFO] info - get params:{}
[2021-08-10T16:02:22.761] [INFO] info - post params:{"userName":"admin","userPwd":"admin"}
[2021-08-10T16:02:22.879] [INFO] info - get params:{}
[2021-08-10T16:02:22.881] [INFO] info - post params:{}
[2021-08-10T16:02:22.887] [INFO] info - get params:{}
[2021-08-10T16:02:22.887] [INFO] info - post params:{}
[2021-08-10T16:04:43.519] [INFO] info - **数据库连接成功**
[2021-08-10T16:04:48.134] [INFO] info - **数据库连接成功**
[2021-08-10T16:04:52.220] [INFO] info - **数据库连接成功**
[2021-08-10T16:08:19.862] [INFO] info - **数据库连接成功**
[2021-08-10T16:08:22.756] [INFO] info - **数据库连接成功**
[2021-08-10T16:08:33.633] [INFO] info - **数据库连接成功**
[2021-08-10T16:08:35.826] [INFO] info - get params:{}
[2021-08-10T16:08:35.826] [INFO] info - post params:{}
[2021-08-10T16:08:35.831] [INFO] info - get params:{}
[2021-08-10T16:08:35.832] [INFO] info - post params:{}
[2021-08-10T16:08:40.250] [INFO] info - get params:{}
[2021-08-10T16:08:40.250] [INFO] info - post params:{}
[2021-08-10T16:08:40.251] [INFO] info - get params:{}
[2021-08-10T16:08:40.251] [INFO] info - post params:{}
[2021-08-10T16:10:18.715] [INFO] info - get params:{}
[2021-08-10T16:10:18.716] [INFO] info - post params:{}
[2021-08-10T16:10:18.717] [INFO] info - get params:{}
[2021-08-10T16:10:18.717] [INFO] info - post params:{}
[2021-08-10T16:11:19.846] [INFO] info - get params:{}
[2021-08-10T16:11:19.846] [INFO] info - post params:{}
[2021-08-10T16:11:19.850] [INFO] info - get params:{}
[2021-08-10T16:11:19.850] [INFO] info - post params:{}
[2021-08-10T16:12:03.109] [INFO] info - get params:{}
[2021-08-10T16:12:03.110] [INFO] info - post params:{}
[2021-08-10T16:12:03.110] [INFO] info - get params:{}
[2021-08-10T16:12:03.110] [INFO] info - post params:{}
[2021-08-10T16:12:12.087] [INFO] info - get params:{}
[2021-08-10T16:12:12.087] [INFO] info - post params:{}
[2021-08-10T16:12:12.095] [INFO] info - get params:{}
[2021-08-10T16:12:12.095] [INFO] info - post params:{}
[2021-08-10T16:12:26.120] [INFO] info - get params:{}
[2021-08-10T16:12:26.120] [INFO] info - post params:{}
[2021-08-10T16:12:26.126] [INFO] info - get params:{}
[2021-08-10T16:12:26.126] [INFO] info - post params:{}
[2021-08-10T16:12:31.659] [INFO] info - get params:{}
[2021-08-10T16:12:31.659] [INFO] info - post params:{}
[2021-08-10T16:12:31.660] [INFO] info - get params:{}
[2021-08-10T16:12:31.660] [INFO] info - post params:{}
[2021-08-10T16:12:48.226] [INFO] info - get params:{}
[2021-08-10T16:12:48.227] [INFO] info - post params:{"userName":"admin","userPwd":"admin"}
[2021-08-10T16:12:48.336] [INFO] info - get params:{}
[2021-08-10T16:12:48.337] [INFO] info - post params:{}
[2021-08-10T16:12:48.339] [INFO] info - get params:{}
[2021-08-10T16:12:48.339] [INFO] info - post params:{}
[2021-08-10T16:13:39.814] [INFO] info - get params:{}
[2021-08-10T16:13:39.814] [INFO] info - post params:{}
[2021-08-10T16:13:39.817] [INFO] info - get params:{}
[2021-08-10T16:13:39.817] [INFO] info - post params:{}
[2021-08-10T16:14:49.015] [INFO] info - get params:{}
[2021-08-10T16:14:49.015] [INFO] info - post params:{}
[2021-08-10T16:14:49.015] [INFO] info - get params:{}
[2021-08-10T16:14:49.015] [INFO] info - post params:{}
[2021-08-10T16:44:32.765] [INFO] info - **数据库连接成功**
[2021-08-10T16:45:25.843] [INFO] info - **数据库连接成功**
[2021-08-10T16:45:28.643] [INFO] info - **数据库连接成功**
[2021-08-10T16:45:39.161] [INFO] info - **数据库连接成功**
[2021-08-10T16:45:44.440] [INFO] info - **数据库连接成功**
[2021-08-10T16:45:45.965] [INFO] info - **数据库连接成功**
[2021-08-10T16:46:54.499] [INFO] info - get params:{}
[2021-08-10T16:46:54.500] [INFO] info - post params:{"userName":"admin","userPwd":"admin"}
[2021-08-10T16:49:36.140] [INFO] info - **数据库连接成功**
[2021-08-10T16:53:12.971] [INFO] info - **数据库连接成功**
[2021-08-10T16:53:17.926] [INFO] info - get params:{}
[2021-08-10T16:53:17.927] [INFO] info - post params:{"userName":"admin","userPwd":"admin"}
[2021-08-10T16:53:44.678] [INFO] info - **数据库连接成功**
[2021-08-10T16:53:53.393] [INFO] info - get params:{}
[2021-08-10T16:53:53.394] [INFO] info - post params:{"userName":"admin","userPwd":"admin"}
[2021-08-10T16:54:01.550] [INFO] info - get params:{}
[2021-08-10T16:54:01.550] [INFO] info - post params:{"userName":"admin","userPwd":"admin"}
[2021-08-10T21:03:01.215] [INFO] info - get params:{}
[2021-08-10T21:03:01.215] [INFO] info - post params:{"userName":"1","userPwd":"1"}
[2021-08-10T21:04:54.653] [INFO] info - **数据库连接成功**
[2021-08-10T21:05:17.916] [INFO] info - **数据库连接成功**
[2021-08-10T21:21:30.538] [INFO] info - **数据库连接成功**
[2021-08-10T21:21:47.375] [INFO] info - get params:{}
[2021-08-10T21:21:47.375] [INFO] info - post params:{"userName":"admin","userPwd":"admin"}
[2021-08-10T21:22:31.813] [INFO] info - **数据库连接成功**
[2021-08-10T21:25:07.806] [INFO] info - **数据库连接成功**
[2021-08-10T21:26:13.526] [INFO] info - get params:{}
[2021-08-10T21:26:13.527] [INFO] info - post params:{"userName":"admin","userPwd":"admin"}
[2021-08-10T21:34:50.380] [INFO] info - get params:{}
[2021-08-10T21:34:50.380] [INFO] info - post params:{"userName":"admin","userPwd":"admin"}
[2021-08-10T21:36:51.289] [INFO] info - get params:{}
[2021-08-10T21:36:51.289] [INFO] info - post params:{"userName":"admin","userPwd":"admin"}
[2021-08-10T21:36:51.679] [INFO] info - get params:{}
[2021-08-10T21:36:51.679] [INFO] info - post params:{"userName":"admin","userPwd":"admin"}
[2021-08-10T21:36:51.834] [INFO] info - get params:{}
[2021-08-10T21:36:51.834] [INFO] info - post params:{"userName":"admin","userPwd":"admin"}
[2021-08-10T21:36:51.987] [INFO] info - get params:{}
[2021-08-10T21:36:51.987] [INFO] info - post params:{"userName":"admin","userPwd":"admin"}
[2021-08-10T21:36:52.131] [INFO] info - get params:{}
[2021-08-10T21:36:52.131] [INFO] info - post params:{"userName":"admin","userPwd":"admin"}
[2021-08-10T21:39:35.343] [INFO] info - **数据库连接成功**
[2021-08-10T21:39:57.584] [INFO] info - get params:{}
[2021-08-10T21:39:57.584] [INFO] info - post params:{"userName":"admin","userPwd":"admin"}
[2021-08-10T21:39:57.774] [INFO] info - get params:{}
[2021-08-10T21:39:57.774] [INFO] info - post params:{}
[2021-08-10T21:39:57.780] [INFO] info - get params:{}
[2021-08-10T21:39:57.781] [INFO] info - post params:{}
[2021-08-10T21:41:33.221] [INFO] info - **数据库连接成功**
[2021-08-10T21:41:44.949] [INFO] info - **数据库连接成功**
[2021-08-10T21:42:01.453] [INFO] info - **数据库连接成功**
[2021-08-10T21:42:13.679] [INFO] info - **数据库连接成功**
[2021-08-10T21:42:36.400] [INFO] info - **数据库连接成功**
[2021-08-10T21:43:31.301] [INFO] info - **数据库连接成功**
[2021-08-10T21:43:46.163] [INFO] info - **数据库连接成功**
[2021-08-10T21:44:06.117] [INFO] info - get params:{}
[2021-08-10T21:44:06.117] [INFO] info - post params:{"userName":"admin","userPwd":"admin"}
[2021-08-10T21:44:06.185] [INFO] info - get params:{}
[2021-08-10T21:44:06.186] [INFO] info - post params:{}
[2021-08-10T21:44:06.190] [INFO] info - get params:{}
[2021-08-10T21:44:06.191] [INFO] info - post params:{}
[2021-08-10T21:45:14.287] [INFO] info - **数据库连接成功**
[2021-08-10T21:45:30.568] [INFO] info - **数据库连接成功**
[2021-08-10T21:46:06.425] [INFO] info - **数据库连接成功**
[2021-08-10T21:46:24.526] [INFO] info - **数据库连接成功**
[2021-08-10T21:47:02.135] [INFO] info - **数据库连接成功**
[2021-08-15T17:25:33.583] [INFO] info - **数据库连接成功**
[2021-08-15T17:27:48.195] [INFO] info - **数据库连接成功**
[2021-08-15T17:27:51.689] [INFO] info - get params:{"state":"0","pageNum":"1","pageSize":"10"}
[2021-08-15T17:27:51.689] [INFO] info - post params:{}
[2021-08-15T17:29:28.792] [INFO] info - get params:{"state":"0","pageNum":"1","pageSize":"10","total":"1"}
[2021-08-15T17:29:28.792] [INFO] info - post params:{}
[2021-08-15T19:52:52.119] [INFO] info - **数据库连接成功**
[2021-08-15T19:53:38.302] [INFO] info - **数据库连接成功**
[2021-08-15T19:56:59.931] [INFO] info - **数据库连接成功**
[2021-08-15T19:57:52.933] [INFO] info - **数据库连接成功**
[2021-08-15T19:57:54.387] [INFO] info - **数据库连接成功**
[2021-08-15T19:59:40.114] [INFO] info - **数据库连接成功**
[2021-08-15T20:00:19.347] [INFO] info - **数据库连接成功**
[2021-08-15T20:00:26.083] [INFO] info - **数据库连接成功**
[2021-08-15T20:00:35.700] [INFO] info - **数据库连接成功**
[2021-08-15T20:00:36.920] [INFO] info - **数据库连接成功**
[2021-08-15T20:00:39.387] [INFO] info - **数据库连接成功**
[2021-08-15T20:01:14.891] [INFO] info - **数据库连接成功**
[2021-08-15T20:01:21.736] [INFO] info - **数据库连接成功**
[2021-08-15T20:02:34.001] [INFO] info - **数据库连接成功**
[2021-08-15T20:02:51.903] [INFO] info - **数据库连接成功**
[2021-08-15T20:03:02.339] [INFO] info - **数据库连接成功**
[2021-08-15T20:04:21.779] [INFO] info - **数据库连接成功**
[2021-08-15T20:04:36.506] [INFO] info - **数据库连接成功**
[2021-08-15T20:04:47.198] [INFO] info - **数据库连接成功**
[2021-08-15T20:04:49.864] [INFO] info - **数据库连接成功**
[2021-08-15T20:04:50.713] [INFO] info - **数据库连接成功**
[2021-08-15T20:04:52.177] [INFO] info - **数据库连接成功**
[2021-08-15T20:06:23.222] [INFO] info - get params:{"state":"0","pageNum":"1","pageSize":"10"}
[2021-08-15T20:06:23.232] [INFO] info - post params:{}
[2021-08-15T20:06:29.569] [INFO] info - get params:{"state":"0","pageNum":"1","pageSize":"10"}
[2021-08-15T20:06:29.569] [INFO] info - post params:{}
[2021-08-15T20:06:34.097] [INFO] info - get params:{"state":"0","pageNum":"1","pageSize":"10"}
[2021-08-15T20:06:34.097] [INFO] info - post params:{}
[2021-08-15T20:06:44.438] [INFO] info - get params:{}
[2021-08-15T20:06:44.439] [INFO] info - post params:{"state":2,"roleList":["60180b07b1eaed6c45fbebdb","60150cb764de99631b2c3cd3","60180b59b1eaed6c45fbebdc"],"deptId":["60167059c9027b7d2c520a61","60167345c6a4417f2d27506f"],"role":0,"createTime":"2021-01-17T13:32:06.381Z","lastLoginTime":"2021-01-17T13:32:06.381Z","userId":1000002,"userName":"admin","userEmail":"admin@imooc.com@imooc.com","__v":0,"job":"前端架构师1","mobile":"17611020001","action":"edit"}
[2021-08-15T20:07:30.808] [INFO] info - **数据库连接成功**
[2021-08-15T20:09:00.108] [INFO] info - **数据库连接成功**
[2021-08-15T20:09:15.595] [INFO] info - **数据库连接成功**
[2021-08-15T20:09:16.627] [INFO] info - **数据库连接成功**
[2021-08-15T20:09:27.297] [INFO] info - **数据库连接成功**
[2021-08-15T20:09:37.086] [INFO] info - **数据库连接成功**
[2021-08-15T20:10:02.528] [INFO] info - get params:{}
[2021-08-15T20:10:02.528] [INFO] info - post params:{"state":1,"roleList":["60180b07b1eaed6c45fbebdb"],"deptId":["60167059c9027b7d2c520a61","60167345c6a4417f2d27506f"],"role":0,"createTime":"2021-01-17T13:32:06.381Z","lastLoginTime":"2021-01-17T13:32:06.381Z","userId":1000002,"userName":"admin","userEmail":"admin@imooc.com@imooc.com@imooc.com","__v":0,"job":"前端","mobile":"17611020001","action":"edit"}
[2021-08-15T20:10:02.669] [INFO] info - get params:{"state":"0","pageNum":"1","pageSize":"10","total":"2"}
[2021-08-15T20:10:02.669] [INFO] info - post params:{}
[2021-08-15T20:10:06.330] [INFO] info - get params:{"state":"0","pageNum":"1","pageSize":"10","total":"2"}
[2021-08-15T20:10:06.330] [INFO] info - post params:{}
[2021-08-15T20:10:40.549] [INFO] info - **数据库连接成功**
[2021-08-15T20:10:41.732] [INFO] info - **数据库连接成功**
[2021-08-15T20:11:27.026] [INFO] info - **数据库连接成功**
[2021-08-15T20:11:42.641] [INFO] info - get params:{}
[2021-08-15T20:11:42.642] [INFO] info - post params:{"state":1,"roleList":["60180b07b1eaed6c45fbebdb","60150cb764de99631b2c3cd3","60180b59b1eaed6c45fbebdc"],"deptId":["60167059c9027b7d2c520a61","60167345c6a4417f2d27506f"],"role":0,"createTime":"2021-01-17T13:32:06.381Z","lastLoginTime":"2021-01-17T13:32:06.381Z","userId":1000003,"userName":"admin","userEmail":"admin@imooc.com@imooc.com","__v":0,"job":"前端架构师","mobile":"17611020000","action":"edit"}
[2021-08-15T20:11:42.719] [INFO] info - get params:{"state":"0","pageNum":"1","pageSize":"10","total":"2"}
[2021-08-15T20:11:42.720] [INFO] info - post params:{}
[2021-08-15T20:11:53.768] [INFO] info - get params:{"state":"0","pageNum":"1","pageSize":"10","total":"2"}
[2021-08-15T20:11:53.768] [INFO] info - post params:{}
[2021-08-15T20:11:59.796] [INFO] info - get params:{}
[2021-08-15T20:11:59.796] [INFO] info - post params:{"state":1,"roleList":["60180b07b1eaed6c45fbebdb"],"deptId":["60167059c9027b7d2c520a61","60167345c6a4417f2d27506f"],"role":0,"createTime":"2021-01-17T13:32:06.381Z","lastLoginTime":"2021-01-17T13:32:06.381Z","userId":1000002,"userName":"admin","userEmail":"admin@imooc.com@imooc.com","__v":0,"job":"前端","mobile":"17611020001","action":"edit"}
[2021-08-15T20:11:59.847] [INFO] info - get params:{"state":"0","pageNum":"1","pageSize":"10","total":"2"}
[2021-08-15T20:11:59.848] [INFO] info - post params:{}
[2021-08-15T20:15:16.811] [INFO] info - **数据库连接成功**
[2021-08-15T20:15:42.349] [INFO] info - **数据库连接成功**
[2021-08-15T20:36:43.407] [INFO] info - get params:{"state":"0","pageNum":"1","pageSize":"10"}
[2021-08-15T20:36:43.408] [INFO] info - post params:{}
[2021-08-15T21:12:17.206] [INFO] info - **数据库连接成功**
[2021-08-15T21:12:18.347] [INFO] info - **数据库连接成功**
[2021-08-15T21:12:29.923] [INFO] info - **数据库连接成功**
[2021-08-15T21:12:47.691] [INFO] info - **数据库连接成功**
[2021-08-15T21:12:49.066] [INFO] info - **数据库连接成功**
[2021-08-15T21:12:57.715] [INFO] info - **数据库连接成功**
[2021-08-15T21:13:00.281] [INFO] info - **数据库连接成功**
[2021-08-15T21:13:42.405] [INFO] info - **数据库连接成功**
[2021-08-15T21:14:00.297] [INFO] info - **数据库连接成功**
[2021-08-15T21:14:25.427] [INFO] info - **数据库连接成功**
[2021-08-15T21:15:02.557] [INFO] info - **数据库连接成功**
[2021-08-15T21:15:16.080] [INFO] info - **数据库连接成功**
[2021-08-15T21:15:46.374] [INFO] info - **数据库连接成功**
[2021-08-15T21:16:47.153] [INFO] info - **数据库连接成功**
[2021-08-15T21:17:43.033] [INFO] info - **数据库连接成功**
[2021-08-15T21:21:23.066] [INFO] info - **数据库连接成功**
[2021-08-15T21:21:46.968] [INFO] info - **数据库连接成功**
[2021-08-15T21:21:59.051] [INFO] info - **数据库连接成功**
[2021-08-15T21:22:38.297] [INFO] info - **数据库连接成功**
[2021-08-15T21:22:57.091] [INFO] info - **数据库连接成功**
[2021-08-15T21:23:00.790] [INFO] info - **数据库连接成功**
[2021-08-15T21:25:11.747] [INFO] info - get params:{}
[2021-08-15T21:25:11.747] [INFO] info - post params:{"state":3,"roleList":[],"userName":"1","userEmail":"1@imooc.com","deptId":["60167059c9027b7d2c520a61","6016728fc6a4417f2d27506e"],"action":"add"}
[2021-08-15T21:25:24.399] [INFO] info - get params:{}
[2021-08-15T21:25:24.399] [INFO] info - post params:{"userName":"admin","userPwd":"admin"}
[2021-08-15T21:25:28.777] [INFO] info - get params:{"state":"0","pageNum":"1","pageSize":"10"}
[2021-08-15T21:25:28.777] [INFO] info - post params:{}
[2021-08-15T21:25:36.532] [INFO] info - get params:{}
[2021-08-15T21:25:36.532] [INFO] info - post params:{"state":3,"roleList":[],"userName":"1","userEmail":"1@imooc.com","deptId":["60167059c9027b7d2c520a61","6016728fc6a4417f2d27506e"],"action":"add"}
[2021-08-15T21:25:37.532] [INFO] info - get params:{}
[2021-08-15T21:25:37.533] [INFO] info - post params:{"state":3,"roleList":[],"userName":"1","userEmail":"1@imooc.com@imooc.com","deptId":["60167059c9027b7d2c520a61","6016728fc6a4417f2d27506e"],"action":"add"}
[2021-08-15T21:25:38.790] [INFO] info - get params:{}
[2021-08-15T21:25:38.790] [INFO] info - post params:{"state":3,"roleList":[],"userName":"1","userEmail":"1@imooc.com@imooc.com@imooc.com","deptId":["60167059c9027b7d2c520a61","6016728fc6a4417f2d27506e"],"action":"add"}
[2021-08-15T21:25:38.976] [INFO] info - get params:{}
[2021-08-15T21:25:38.976] [INFO] info - post params:{"state":3,"roleList":[],"userName":"1","userEmail":"1@imooc.com@imooc.com@imooc.com@imooc.com","deptId":["60167059c9027b7d2c520a61","6016728fc6a4417f2d27506e"],"action":"add"}
[2021-08-15T21:25:39.163] [INFO] info - get params:{}
[2021-08-15T21:25:39.164] [INFO] info - post params:{"state":3,"roleList":[],"userName":"1","userEmail":"1@imooc.com@imooc.com@imooc.com@imooc.com@imooc.com","deptId":["60167059c9027b7d2c520a61","6016728fc6a4417f2d27506e"],"action":"add"}
[2021-08-15T21:25:47.669] [INFO] info - get params:{}
[2021-08-15T21:25:47.669] [INFO] info - post params:{"state":3,"roleList":[],"userName":"1","userEmail":"1wwq@imooc.com","deptId":["60167059c9027b7d2c520a61","6016728fc6a4417f2d27506e"],"action":"add"}
[2021-08-15T21:25:48.808] [INFO] info - get params:{}
[2021-08-15T21:25:48.808] [INFO] info - post params:{"state":3,"roleList":[],"userName":"1","userEmail":"1wwq@imooc.com@imooc.com","deptId":["60167059c9027b7d2c520a61","6016728fc6a4417f2d27506e"],"action":"add"}
[2021-08-15T21:25:48.986] [INFO] info - get params:{}
[2021-08-15T21:25:48.986] [INFO] info - post params:{"state":3,"roleList":[],"userName":"1","userEmail":"1wwq@imooc.com@imooc.com@imooc.com","deptId":["60167059c9027b7d2c520a61","6016728fc6a4417f2d27506e"],"action":"add"}
[2021-08-15T21:25:55.485] [INFO] info - get params:{}
[2021-08-15T21:25:55.485] [INFO] info - post params:{"state":3,"roleList":[],"userName":"1","userEmail":"1wwq@imooc.com@imooc.com@imooc.com@imooc.com","deptId":["60167059c9027b7d2c520a61","6016728fc6a4417f2d27506e"],"action":"add"}
[2021-08-15T21:31:02.112] [INFO] info - **数据库连接成功**
[2021-08-15T21:32:23.900] [INFO] info - **数据库连接成功**
[2021-08-15T21:32:43.811] [INFO] info - **数据库连接成功**
[2021-08-15T21:34:03.356] [INFO] info - **数据库连接成功**
[2021-08-15T21:34:35.490] [INFO] info - **数据库连接成功**
[2021-08-15T21:35:12.880] [INFO] info - **数据库连接成功**
[2021-08-15T21:38:26.514] [INFO] info - **数据库连接成功**
[2021-08-15T21:41:02.393] [INFO] info - **数据库连接成功**
[2021-08-15T21:41:22.191] [INFO] info - **数据库连接成功**
[2021-08-15T21:41:36.920] [INFO] info - **数据库连接成功**
[2021-08-15T21:42:21.981] [INFO] info - **数据库连接成功**
[2021-08-15T21:44:04.131] [INFO] info - **数据库连接成功**
[2021-08-15T21:45:32.421] [INFO] info - get params:{"state":"0","pageNum":"1","pageSize":"10"}
[2021-08-15T21:45:32.421] [INFO] info - post params:{}
[2021-08-15T21:45:43.531] [INFO] info - **数据库连接成功**
[2021-08-15T21:46:19.514] [INFO] info - **数据库连接成功**
[2021-08-15T21:46:38.181] [INFO] info - **数据库连接成功**
[2021-08-15T21:46:54.166] [INFO] info - **数据库连接成功**
[2021-08-15T21:47:11.464] [INFO] info - get params:{"state":"0","pageNum":"1","pageSize":"10"}
[2021-08-15T21:47:11.465] [INFO] info - post params:{}
[2021-08-15T21:48:18.640] [INFO] info - **数据库连接成功**
[2021-08-15T21:48:28.811] [INFO] info - **数据库连接成功**
[2021-08-15T21:50:52.761] [INFO] info - **数据库连接成功**
[2021-08-15T21:51:33.697] [INFO] info - **数据库连接成功**
[2021-08-15T21:52:47.683] [INFO] info - get params:{}
[2021-08-15T21:52:47.684] [INFO] info - post params:{"state":3,"roleList":["60180b07b1eaed6c45fbebdb"],"userName":"shiXl","userEmail":"shiXl@imooc.com","mobile":"15854299869","job":"前端","deptId":["60167059c9027b7d2c520a61","60167345c6a4417f2d27506f"],"action":"add"}
[2021-08-15T21:52:47.767] [INFO] info - get params:{"state":"0","pageNum":"1","pageSize":"10","total":"2"}
[2021-08-15T21:52:47.768] [INFO] info - post params:{}
[2021-08-15T21:53:51.507] [INFO] info - get params:{"state":"1","pageNum":"1","pageSize":"10"}
[2021-08-15T21:53:51.507] [INFO] info - post params:{}
[2021-08-15T21:54:33.095] [INFO] info - get params:{}
[2021-08-15T21:54:33.096] [INFO] info - post params:{"userIds":[1000003]}
[2021-08-15T21:54:33.115] [INFO] info - get params:{"state":"1","pageNum":"1","pageSize":"10","total":"3"}
[2021-08-15T21:54:33.115] [INFO] info - post params:{}
[2021-08-15T21:54:36.576] [INFO] info - get params:{"state":"0","pageNum":"1","pageSize":"10","total":"2"}
[2021-08-15T21:54:36.576] [INFO] info - post params:{}
[2021-08-15T21:54:39.265] [INFO] info - get params:{"state":"1","pageNum":"1","pageSize":"10","total":"3"}
[2021-08-15T21:54:39.265] [INFO] info - post params:{}
[2021-08-16T22:59:58.380] [INFO] info - **数据库连接成功**
[2021-08-16T23:02:34.938] [INFO] info - get params:{}
[2021-08-16T23:02:34.939] [INFO] info - post params:{"userName":"admin","userPwd":"admin"}
[2021-08-16T23:03:10.511] [INFO] info - get params:{"state":"1","pageNum":"1","pageSize":"10"}
[2021-08-16T23:03:10.511] [INFO] info - post params:{}
[2021-08-16T23:03:16.853] [INFO] info - get params:{"state":"1","pageNum":"1","pageSize":"10"}
[2021-08-16T23:03:16.854] [INFO] info - post params:{}
[2021-08-16T23:12:40.068] [INFO] info - get params:{"state":"1","pageNum":"1","pageSize":"10"}
[2021-08-16T23:12:40.069] [INFO] info - post params:{}
[2021-08-17T03:51:25.987] [INFO] info - **数据库连接成功**
[2021-08-17T07:59:29.938] [INFO] info - get params:{"state":"1","pageNum":"1","pageSize":"10"}
[2021-08-17T07:59:29.939] [INFO] info - post params:{}
[2021-08-17T11:54:03.804] [INFO] info - get params:{"state":"1","pageNum":"1","pageSize":"10"}
[2021-08-17T11:54:03.811] [INFO] info - post params:{}
[2021-08-17T19:56:39.331] [INFO] info - get params:{"state":"1","pageNum":"1","pageSize":"10"}
[2021-08-17T19:56:39.333] [INFO] info - post params:{}
[2021-08-17T22:40:49.187] [INFO] info - get params:{"state":"1","pageNum":"1","pageSize":"10"}
[2021-08-17T22:40:49.188] [INFO] info - post params:{}
[2021-08-17T22:41:06.000] [INFO] info - get params:{}
[2021-08-17T22:41:06.000] [INFO] info - post params:{"userName":"admin","userPwd":"admin"}
[2021-08-21T17:15:54.777] [INFO] info - **数据库连接成功**
[2021-08-21T17:18:36.592] [INFO] info - get params:{}
[2021-08-21T17:18:36.593] [INFO] info - post params:{"userName":"login","userPwd":"login"}
[2021-08-21T17:18:44.834] [INFO] info - get params:{}
[2021-08-21T17:18:44.834] [INFO] info - post params:{"userName":"admin","userPwd":"admin"}
[2021-08-21T17:21:22.573] [INFO] info - get params:{"state":"1","pageNum":"1","pageSize":"10"}
[2021-08-21T17:21:22.573] [INFO] info - post params:{}
[2021-08-21T17:21:46.242] [INFO] info - get params:{"state":"1","pageNum":"1","pageSize":"10"}
[2021-08-21T17:21:46.242] [INFO] info - post params:{}
[2021-08-21T21:55:31.128] [INFO] info - **数据库连接成功**
[2021-08-21T21:56:14.112] [INFO] info - **数据库连接成功**
[2021-08-21T21:57:24.681] [INFO] info - **数据库连接成功**
[2021-08-21T21:58:20.076] [INFO] info - **数据库连接成功**
[2021-08-21T21:58:27.356] [INFO] info - **数据库连接成功**
[2021-08-21T21:58:29.266] [INFO] info - **数据库连接成功**
[2021-08-21T21:58:34.474] [INFO] info - **数据库连接成功**
[2021-08-21T21:59:19.662] [INFO] info - **数据库连接成功**
[2021-08-21T22:00:58.442] [INFO] info - **数据库连接成功**
[2021-08-21T22:01:04.256] [INFO] info - **数据库连接成功**
[2021-08-21T22:01:13.080] [INFO] info - **数据库连接成功**
[2021-08-21T22:01:23.091] [INFO] info - **数据库连接成功**
[2021-08-21T22:01:29.057] [INFO] info - **数据库连接成功**
[2021-08-21T22:01:30.676] [INFO] info - **数据库连接成功**
[2021-08-21T22:01:35.191] [INFO] info - **数据库连接成功**
[2021-08-21T22:01:57.644] [INFO] info - **数据库连接成功**
[2021-08-21T22:02:31.849] [INFO] info - **数据库连接成功**
[2021-08-21T22:03:46.280] [INFO] info - **数据库连接成功**
[2021-08-21T22:48:11.484] [INFO] info - **数据库连接成功**
[2021-08-21T22:48:17.154] [INFO] info - get params:{}
[2021-08-21T22:48:17.155] [INFO] info - post params:{"menuType":1,"menuState":1,"menuName":"dd","icon":"dd","path":"d","action":"add"}
[2021-08-21T22:50:34.292] [INFO] info - get params:{}
[2021-08-21T22:50:34.293] [INFO] info - post params:{"userName":"admin","userPwd":"admin"}
[2021-08-21T22:50:38.476] [INFO] info - get params:{"state":"1","pageNum":"1","pageSize":"10"}
[2021-08-21T22:50:38.476] [INFO] info - post params:{}
[2021-08-21T22:51:20.431] [INFO] info - get params:{}
[2021-08-21T22:51:20.431] [INFO] info - post params:{"menuType":1,"menuState":1,"menuName":"ArcGIS","path":"/arcgis","component":"/arcgis","action":"add"}
[2021-08-21T22:52:47.027] [INFO] info - get params:{}
[2021-08-21T22:52:47.027] [INFO] info - post params:{"menuType":1,"menuState":1,"menuName":"测试","path":"","component":"","icon":"/test","action":"add"}
[2021-08-21T22:53:53.061] [INFO] info - **数据库连接成功**
[2021-08-21T22:53:56.732] [INFO] info - get params:{}
[2021-08-21T22:53:56.732] [INFO] info - post params:{"menuType":1,"menuState":1,"menuName":"测试","path":"","component":"","icon":"/test","action":"add"}
[2021-08-21T22:54:50.161] [INFO] info - **数据库连接成功**
[2021-08-21T22:57:58.169] [INFO] info - **数据库连接成功**
[2021-08-21T22:59:22.894] [INFO] info - **数据库连接成功**
[2021-08-21T22:59:54.858] [INFO] info - **数据库连接成功**
[2021-08-21T23:00:09.365] [INFO] info - **数据库连接成功**
[2021-08-21T23:01:01.875] [INFO] info - **数据库连接成功**
[2021-08-21T23:01:02.956] [INFO] info - **数据库连接成功**
[2021-08-21T23:01:17.570] [INFO] info - **数据库连接成功**
[2021-08-21T23:01:56.413] [INFO] info - **数据库连接成功**
[2021-08-21T23:03:37.492] [INFO] info - **数据库连接成功**
[2021-08-21T23:03:38.738] [INFO] info - **数据库连接成功**
[2021-08-21T23:03:39.328] [INFO] info - **数据库连接成功**
[2021-08-21T23:04:52.263] [INFO] info - **数据库连接成功**
[2021-08-21T23:05:26.539] [INFO] info - **数据库连接成功**
[2021-08-21T23:05:31.799] [INFO] info - **数据库连接成功**
[2021-08-21T23:05:58.174] [INFO] info - **数据库连接成功**
[2021-08-21T23:06:20.570] [INFO] info - **数据库连接成功**
[2021-08-21T23:06:50.671] [INFO] info - **数据库连接成功**
[2021-08-21T23:07:29.767] [INFO] info - **数据库连接成功**
[2021-08-21T23:07:38.461] [INFO] info - **数据库连接成功**
[2021-08-21T23:09:34.405] [INFO] info - get params:{}
[2021-08-21T23:09:34.406] [INFO] info - post params:{"menuType":1,"menuState":1,"menuName":"22","path":"2","component":"2","icon":"2","action":"add"}
[2021-08-21T23:13:45.480] [INFO] info - **数据库连接成功**
[2021-08-21T23:17:29.713] [INFO] info - **数据库连接成功**
[2021-08-21T23:18:01.200] [INFO] info - **数据库连接成功**
[2021-08-21T23:19:33.821] [INFO] info - **数据库连接成功**
[2021-08-21T23:19:47.171] [INFO] info - **数据库连接成功**
[2021-08-21T23:20:14.179] [INFO] info - **数据库连接成功**
[2021-08-21T23:20:33.956] [INFO] info - **数据库连接成功**
[2021-08-21T23:21:31.307] [INFO] info - get params:{}
[2021-08-21T23:21:31.307] [INFO] info - post params:{"menuType":1,"menuState":1,"menuName":"系统管理","icon":"icon-setting","path":"/system","action":"add"}
[2021-08-21T23:21:31.391] [INFO] info - get params:{}
[2021-08-21T23:21:31.391] [INFO] info - post params:{}
[2021-08-21T23:21:47.856] [INFO] info - get params:{}
[2021-08-21T23:21:47.856] [INFO] info - post params:{}
[2021-08-21T23:21:47.860] [INFO] info - get params:{}
[2021-08-21T23:21:47.860] [INFO] info - post params:{}
[2021-08-21T23:21:53.904] [INFO] info - get params:{}
[2021-08-21T23:21:53.905] [INFO] info - post params:{}
[2021-08-21T23:23:03.185] [INFO] info - get params:{}
[2021-08-21T23:23:03.186] [INFO] info - post params:{}
[2021-08-21T23:37:53.899] [INFO] info - get params:{}
[2021-08-21T23:37:53.899] [INFO] info - post params:{}
[2021-08-21T23:39:23.835] [INFO] info - get params:{}
[2021-08-21T23:39:23.836] [INFO] info - post params:{}
[2021-08-21T23:39:23.848] [INFO] info - get params:{}
[2021-08-21T23:39:23.848] [INFO] info - post params:{}
[2021-08-21T23:39:35.847] [INFO] info - get params:{}
[2021-08-21T23:39:35.847] [INFO] info - post params:{}
[2021-08-21T23:39:35.853] [INFO] info - get params:{}
[2021-08-21T23:39:35.854] [INFO] info - post params:{}
[2021-08-21T23:40:38.343] [INFO] info - get params:{}
[2021-08-21T23:40:38.344] [INFO] info - post params:{"menuType":1,"menuState":1,"parentId":["612119fbfbdbaf3b31a534c6"],"menuName":"用户管理","path":"/system/user","action":"add"}
[2021-08-21T23:40:38.434] [INFO] info - get params:{}
[2021-08-21T23:40:38.434] [INFO] info - post params:{}
[2021-08-21T23:58:02.819] [INFO] info - get params:{}
[2021-08-21T23:58:02.819] [INFO] info - post params:{}
[2021-08-21T23:58:02.824] [INFO] info - get params:{}
[2021-08-21T23:58:02.825] [INFO] info - post params:{}
[2021-08-22T00:03:42.140] [INFO] info - get params:{}
[2021-08-22T00:03:42.140] [INFO] info - post params:{}
[2021-08-22T00:03:42.145] [INFO] info - get params:{}
[2021-08-22T00:03:42.146] [INFO] info - post params:{}
[2021-08-22T00:04:23.987] [INFO] info - get params:{}
[2021-08-22T00:04:23.987] [INFO] info - post params:{"userName":"admin","userPwd":"admin"}
[2021-08-22T00:04:24.048] [INFO] info - get params:{}
[2021-08-22T00:04:24.049] [INFO] info - post params:{}
[2021-08-22T00:06:05.443] [INFO] info - get params:{}
[2021-08-22T00:06:05.443] [INFO] info - post params:{}
[2021-08-22T00:06:23.708] [INFO] info - get params:{"state":"1","pageNum":"1","pageSize":"10"}
[2021-08-22T00:06:23.709] [INFO] info - post params:{}
[2021-08-22T00:06:28.178] [INFO] info - get params:{"state":"1","pageNum":"1","pageSize":"10"}
[2021-08-22T00:06:28.178] [INFO] info - post params:{}
[2021-08-22T00:06:28.191] [INFO] info - get params:{}
[2021-08-22T00:06:28.192] [INFO] info - post params:{}
[2021-08-22T00:06:46.488] [INFO] info - get params:{"menuState":"1"}
[2021-08-22T00:06:46.488] [INFO] info - post params:{}
[2021-08-22T00:06:46.506] [INFO] info - get params:{}
[2021-08-22T00:06:46.506] [INFO] info - post params:{}
[2021-08-22T00:06:50.781] [INFO] info - get params:{"menuState":"2"}
[2021-08-22T00:06:50.781] [INFO] info - post params:{}
[2021-08-22T00:06:53.280] [INFO] info - get params:{"menuState":"1"}
[2021-08-22T00:06:53.280] [INFO] info - post params:{}
[2021-08-22T00:07:46.053] [INFO] info - **数据库连接成功**
[2021-08-22T00:07:59.123] [INFO] info - **数据库连接成功**
[2021-08-22T00:08:00.457] [INFO] info - **数据库连接成功**
[2021-08-22T00:08:01.718] [INFO] info - **数据库连接成功**
[2021-08-22T00:08:18.989] [INFO] info - **数据库连接成功**
[2021-08-22T00:08:35.867] [INFO] info - **数据库连接成功**
[2021-08-22T00:09:26.291] [INFO] info - get params:{"menuState":"1"}
[2021-08-22T00:09:26.292] [INFO] info - post params:{}
[2021-08-22T00:12:51.175] [INFO] info - **数据库连接成功**
[2021-08-22T00:12:53.832] [INFO] info - get params:{"menuState":"1"}
[2021-08-22T00:12:53.832] [INFO] info - post params:{}
[2021-08-22T00:12:53.843] [INFO] info - get params:{}
[2021-08-22T00:12:53.843] [INFO] info - post params:{}
[2021-08-22T00:13:44.338] [INFO] info - **数据库连接成功**
[2021-08-22T00:13:48.731] [INFO] info - **数据库连接成功**
[2021-08-22T00:13:52.995] [INFO] info - **数据库连接成功**
[2021-08-22T00:18:18.828] [INFO] info - get params:{}
[2021-08-22T00:18:18.828] [INFO] info - post params:{"_id":"612119fbfbdbaf3b31a534c6","action":"delete"}
[2021-08-22T00:18:18.891] [INFO] info - get params:{"menuState":"1"}
[2021-08-22T00:18:18.891] [INFO] info - post params:{}
[2021-08-22T00:19:33.676] [INFO] info - get params:{}
[2021-08-22T00:19:33.676] [INFO] info - post params:{"parentId":[null],"menuType":1,"menuState":1,"menuName":"系统管理","icon":"el-icon-setting","path":"/system","action":"add"}
[2021-08-22T00:19:33.739] [INFO] info - get params:{"menuState":"1"}
[2021-08-22T00:19:33.740] [INFO] info - post params:{}
[2021-08-22T00:20:06.000] [INFO] info - get params:{}
[2021-08-22T00:20:06.001] [INFO] info - post params:{"parentId":["61212795635dd73e0d524f44"],"menuType":1,"menuState":1,"menuName":"用户管理","path":"/system/user","action":"add"}
[2021-08-22T00:20:06.047] [INFO] info - get params:{"menuState":"1"}
[2021-08-22T00:20:06.048] [INFO] info - post params:{}
[2021-08-22T00:20:52.965] [INFO] info - get params:{}
[2021-08-22T00:20:52.965] [INFO] info - post params:{"parentId":[null],"menuType":1,"menuState":1,"menuName":"审批管理","icon":"el-icon-s-promotion","path":"/apply","action":"add"}
[2021-08-22T00:20:53.003] [INFO] info - get params:{"menuState":"1"}
[2021-08-22T00:20:53.004] [INFO] info - post params:{}
[2021-08-22T00:21:41.915] [INFO] info - **数据库连接成功**
[2021-08-22T00:24:08.016] [INFO] info - **数据库连接成功**
[2021-08-22T00:24:09.323] [INFO] info - **数据库连接成功**
[2021-08-22T00:24:29.709] [INFO] info - **数据库连接成功**
[2021-08-22T00:25:13.755] [INFO] info - **数据库连接成功**
[2021-08-22T00:26:00.211] [INFO] info - get params:{"menuState":"1"}
[2021-08-22T00:26:00.212] [INFO] info - post params:{}
[2021-08-22T00:26:00.226] [INFO] info - get params:{}
[2021-08-22T00:26:00.226] [INFO] info - post params:{}
[2021-08-22T00:29:48.817] [INFO] info - **数据库连接成功**
[2021-08-22T00:30:38.576] [INFO] info - **数据库连接成功**
[2021-08-22T00:30:39.288] [INFO] info - **数据库连接成功**
[2021-08-22T00:31:02.635] [INFO] info - **数据库连接成功**
[2021-08-22T00:31:08.237] [INFO] info - get params:{"menuState":"1"}
[2021-08-22T00:31:08.237] [INFO] info - post params:{}
[2021-08-22T00:31:08.250] [INFO] info - get params:{}
[2021-08-22T00:31:08.250] [INFO] info - post params:{}
[2021-08-22T00:38:38.850] [INFO] info - **数据库连接成功**
[2021-08-22T00:38:51.385] [INFO] info - get params:{"menuState":"1"}
[2021-08-22T00:38:51.385] [INFO] info - post params:{}
[2021-08-22T00:38:51.395] [INFO] info - get params:{}
[2021-08-22T00:38:51.395] [INFO] info - post params:{}
[2021-08-22T00:48:12.889] [INFO] info - **数据库连接成功**
[2021-08-22T00:48:19.086] [INFO] info - get params:{"menuState":"1"}
[2021-08-22T00:48:19.086] [INFO] info - post params:{}
[2021-08-22T00:48:19.139] [INFO] info - get params:{}
[2021-08-22T00:48:19.139] [INFO] info - post params:{}
[2021-08-22T00:49:00.574] [INFO] info - **数据库连接成功**
[2021-08-22T00:49:15.885] [INFO] info - **数据库连接成功**
[2021-08-22T00:49:18.213] [INFO] info - get params:{"menuState":"1"}
[2021-08-22T00:49:18.213] [INFO] info - post params:{}
[2021-08-22T00:49:18.228] [INFO] info - get params:{}
[2021-08-22T00:49:18.228] [INFO] info - post params:{}
[2021-08-22T00:51:13.365] [INFO] info - **数据库连接成功**
[2021-08-22T00:51:31.615] [INFO] info - **数据库连接成功**
[2021-08-22T00:51:36.164] [INFO] info - get params:{"menuState":"1"}
[2021-08-22T00:51:36.164] [INFO] info - post params:{}
[2021-08-22T00:53:41.992] [INFO] info - **数据库连接成功**
[2021-08-22T00:56:31.856] [INFO] info - **数据库连接成功**
[2021-08-22T00:56:36.503] [INFO] info - get params:{"menuState":"1"}
[2021-08-22T00:56:36.503] [INFO] info - post params:{}
[2021-08-22T00:56:49.208] [INFO] info - **数据库连接成功**
[2021-08-22T00:56:51.105] [INFO] info - get params:{"menuState":"1"}
[2021-08-22T00:56:51.105] [INFO] info - post params:{}
[2021-08-22T00:57:08.369] [INFO] info - get params:{"menuState":"1"}
[2021-08-22T00:57:08.369] [INFO] info - post params:{}
[2021-08-22T00:57:14.775] [INFO] info - get params:{"menuState":"1"}
[2021-08-22T00:57:14.776] [INFO] info - post params:{}
[2021-08-22T00:58:00.772] [INFO] info - **数据库连接成功**
[2021-08-22T00:58:02.248] [INFO] info - get params:{"menuState":"1"}
[2021-08-22T00:58:02.248] [INFO] info - post params:{}
[2021-08-22T00:58:41.270] [INFO] info - **数据库连接成功**
[2021-08-22T01:00:17.793] [INFO] info - get params:{"menuState":"1"}
[2021-08-22T01:00:17.794] [INFO] info - post params:{}
[2021-08-22T01:00:17.809] [INFO] info - get params:{}
[2021-08-22T01:00:17.809] [INFO] info - post params:{}
[2021-08-22T01:03:50.736] [INFO] info - **数据库连接成功**
[2021-08-22T01:04:43.975] [INFO] info - **数据库连接成功**
[2021-08-22T01:05:47.260] [INFO] info - **数据库连接成功**
[2021-08-22T01:05:50.804] [INFO] info - **数据库连接成功**
[2021-08-22T01:05:59.096] [INFO] info - **数据库连接成功**
[2021-08-22T01:07:00.332] [INFO] info - **数据库连接成功**
[2021-08-22T01:07:11.534] [INFO] info - get params:{"menuState":"1"}
[2021-08-22T01:07:11.535] [INFO] info - post params:{}
[2021-08-22T01:07:11.542] [INFO] info - get params:{}
[2021-08-22T01:07:11.543] [INFO] info - post params:{}
[2021-08-22T01:07:21.143] [INFO] info - get params:{}
[2021-08-22T01:07:21.143] [INFO] info - post params:{"userName":"admin","userPwd":"admin"}
[2021-08-22T01:07:21.280] [INFO] info - get params:{}
[2021-08-22T01:07:21.280] [INFO] info - post params:{}
[2021-08-22T01:07:24.739] [INFO] info - get params:{"state":"1","pageNum":"1","pageSize":"10"}
[2021-08-22T01:07:24.739] [INFO] info - post params:{}
[2021-08-22T01:08:35.751] [INFO] info - get params:{"menuState":"1"}
[2021-08-22T01:08:35.751] [INFO] info - post params:{}
[2021-08-22T01:08:57.759] [INFO] info - get params:{}
[2021-08-22T01:08:57.759] [INFO] info - post params:{"parentId":["61212795635dd73e0d524f44"],"menuType":1,"menuState":1,"menuName":"菜单管理","path":"/system/menu","action":"add"}
[2021-08-22T01:08:57.828] [INFO] info - get params:{"menuState":"1"}
[2021-08-22T01:08:57.828] [INFO] info - post params:{}
[2021-08-22T01:09:05.507] [INFO] info - get params:{"menuState":"1"}
[2021-08-22T01:09:05.507] [INFO] info - post params:{}
[2021-08-22T01:09:05.510] [INFO] info - get params:{}
[2021-08-22T01:09:05.510] [INFO] info - post params:{}
[2021-08-22T01:09:07.171] [INFO] info - get params:{"state":"1","pageNum":"1","pageSize":"10"}
[2021-08-22T01:09:07.171] [INFO] info - post params:{}
[2021-08-22T01:09:07.767] [INFO] info - get params:{"menuState":"1"}
[2021-08-22T01:09:07.767] [INFO] info - post params:{}
[2021-08-22T20:25:40.852] [INFO] info - **数据库连接成功**
[2021-08-22T20:31:36.903] [INFO] info - get params:{}
[2021-08-22T20:31:36.904] [INFO] info - post params:{"userName":"admin","userPwd":"admin"}
[2021-08-22T20:31:37.043] [INFO] info - get params:{}
[2021-08-22T20:31:37.043] [INFO] info - post params:{}
[2021-08-22T20:32:00.765] [INFO] info - get params:{"menuState":"1"}
[2021-08-22T20:32:00.765] [INFO] info - post params:{}
[2021-08-22T20:34:45.823] [INFO] info - get params:{}
[2021-08-22T20:34:45.823] [INFO] info - post params:{"parentId":[null],"menuType":1,"menuState":1,"menuName":"应用管理","icon":"el-icon-s-grid","path":"/apManager","action":"add"}
[2021-08-22T20:34:45.897] [INFO] info - get params:{"menuState":"1"}
[2021-08-22T20:34:45.897] [INFO] info - post params:{}
[2021-08-22T20:34:49.792] [INFO] info - get params:{"menuState":"1"}
[2021-08-22T20:34:49.792] [INFO] info - post params:{}
[2021-08-22T20:34:49.794] [INFO] info - get params:{}
[2021-08-22T20:34:49.798] [INFO] info - post params:{}
[2021-08-22T20:35:53.037] [INFO] info - get params:{"menuState":"1"}
[2021-08-22T20:35:53.037] [INFO] info - post params:{}
[2021-08-22T20:37:03.378] [INFO] info - get params:{}
[2021-08-22T20:37:03.378] [INFO] info - post params:{"parentId":[null],"menuType":1,"menuState":1,"createTime":"2021-08-22T12:25:40.786Z","updateTime":"2021-08-22T12:25:40.786Z","_id":"612244658960164b749a3595","menuName":"应用管理","icon":"el-icon-setting","path":"/apManager","__v":0,"action":"edit"}
[2021-08-22T20:37:03.450] [INFO] info - get params:{"menuState":"1"}
[2021-08-22T20:37:03.450] [INFO] info - post params:{}
[2021-08-22T20:37:05.935] [INFO] info - get params:{"menuState":"1"}
[2021-08-22T20:37:05.935] [INFO] info - post params:{}
[2021-08-22T20:37:05.941] [INFO] info - get params:{}
[2021-08-22T20:37:05.941] [INFO] info - post params:{}
[2021-08-22T20:37:10.410] [INFO] info - get params:{"menuState":"1"}
[2021-08-22T20:37:10.410] [INFO] info - post params:{}
[2021-08-22T20:37:10.411] [INFO] info - get params:{}
[2021-08-22T20:37:10.412] [INFO] info - post params:{}
[2021-08-22T20:41:14.063] [INFO] info - get params:{"menuState":"1"}
[2021-08-22T20:41:14.063] [INFO] info - post params:{}
[2021-08-22T20:41:14.078] [INFO] info - get params:{}
[2021-08-22T20:41:14.078] [INFO] info - post params:{}
[2021-08-22T20:41:24.383] [INFO] info - get params:{}
[2021-08-22T20:41:24.383] [INFO] info - post params:{"userName":"admin","userPwd":"admin"}
[2021-08-22T20:41:24.434] [INFO] info - get params:{}
[2021-08-22T20:41:24.434] [INFO] info - post params:{}
[2021-08-22T20:41:28.081] [INFO] info - get params:{"menuState":"1"}
[2021-08-22T20:41:28.081] [INFO] info - post params:{}
[2021-08-22T20:45:39.912] [INFO] info - get params:{}
[2021-08-22T20:45:39.912] [INFO] info - post params:{"parentId":["612244658960164b749a3595"],"menuType":1,"menuState":1,"menuName":"Cesium管理","path":"/apManager/cesium","action":"add"}
[2021-08-22T20:45:39.960] [INFO] info - get params:{"menuState":"1"}
[2021-08-22T20:45:39.960] [INFO] info - post params:{}
[2021-08-22T20:45:53.665] [INFO] info - get params:{"menuState":"1"}
[2021-08-22T20:45:53.665] [INFO] info - post params:{}
[2021-08-22T20:45:53.667] [INFO] info - get params:{}
[2021-08-22T20:45:53.667] [INFO] info - post params:{}
[2021-08-22T20:49:17.435] [INFO] info - get params:{}
[2021-08-22T20:49:17.435] [INFO] info - post params:{"parentId":[null],"menuType":1,"menuState":1,"createTime":"2021-08-22T12:25:40.786Z","updateTime":"2021-08-22T12:37:03.378Z","_id":"612244658960164b749a3595","menuName":"应用管理","icon":"l-icon-film","path":"/apManager","__v":0,"children":[{"parentId":["612244658960164b749a3595"],"createTime":"2021-08-22T12:25:40.786Z","updateTime":"2021-08-22T12:25:40.786Z","_id":"612246f38960164b749a35a4","menuType":1,"menuState":1,"menuName":"Cesium管理","path":"/apManager/cesium","__v":0}],"action":"edit"}
[2021-08-22T20:49:17.478] [INFO] info - get params:{"menuState":"1"}
[2021-08-22T20:49:17.478] [INFO] info - post params:{}
[2021-08-22T20:49:19.790] [INFO] info - get params:{"menuState":"1"}
[2021-08-22T20:49:19.790] [INFO] info - post params:{}
[2021-08-22T20:49:19.792] [INFO] info - get params:{}
[2021-08-22T20:49:19.792] [INFO] info - post params:{}
[2021-08-22T20:49:29.327] [INFO] info - get params:{"menuState":"1"}
[2021-08-22T20:49:29.327] [INFO] info - post params:{}
[2021-08-22T20:49:29.336] [INFO] info - get params:{}
[2021-08-22T20:49:29.336] [INFO] info - post params:{}
[2021-08-22T20:52:01.816] [INFO] info - get params:{"state":"1","pageNum":"1","pageSize":"10"}
[2021-08-22T20:52:01.816] [INFO] info - post params:{}
[2021-08-22T20:53:02.003] [INFO] info - get params:{"menuState":"1"}
[2021-08-22T20:53:02.004] [INFO] info - post params:{}
[2021-08-22T20:53:36.474] [INFO] info - get params:{"menuState":"1"}
[2021-08-22T20:53:36.474] [INFO] info - post params:{}
[2021-08-22T20:53:36.476] [INFO] info - get params:{}
[2021-08-22T20:53:36.476] [INFO] info - post params:{}
[2021-08-22T20:54:11.500] [INFO] info - get params:{}
[2021-08-22T20:54:11.500] [INFO] info - post params:{"parentId":["612244658960164b749a3595","612246f38960164b749a35a4"],"menuType":1,"menuState":1,"menuName":"cesium1","path":"/apManager/cesium/cesium1","action":"add"}
[2021-08-22T20:54:11.535] [INFO] info - get params:{"menuState":"1"}
[2021-08-22T20:54:11.535] [INFO] info - post params:{}
[2021-08-22T20:54:18.247] [INFO] info - get params:{"menuState":"1"}
[2021-08-22T20:54:18.247] [INFO] info - post params:{}
[2021-08-22T20:54:18.259] [INFO] info - get params:{}
[2021-08-22T20:54:18.259] [INFO] info - post params:{}
[2021-08-22T20:54:33.361] [INFO] info - get params:{"menuState":"1"}
[2021-08-22T20:54:33.361] [INFO] info - post params:{}
[2021-08-22T20:54:33.372] [INFO] info - get params:{}
[2021-08-22T20:54:33.374] [INFO] info - post params:{}
[2021-08-22T20:59:45.983] [INFO] info - get params:{"menuState":"1"}
[2021-08-22T20:59:45.983] [INFO] info - post params:{}
[2021-08-22T20:59:45.999] [INFO] info - get params:{}
[2021-08-22T20:59:45.999] [INFO] info - post params:{}
[2021-08-22T21:03:11.011] [INFO] info - get params:{"menuState":"1"}
[2021-08-22T21:03:11.011] [INFO] info - post params:{}
[2021-08-22T21:03:11.018] [INFO] info - get params:{}
[2021-08-22T21:03:11.018] [INFO] info - post params:{}
[2021-08-22T21:03:30.642] [INFO] info - get params:{"menuState":"1"}
[2021-08-22T21:03:30.642] [INFO] info - post params:{}
[2021-08-22T21:03:30.666] [INFO] info - get params:{}
[2021-08-22T21:03:30.666] [INFO] info - post params:{}
[2021-08-22T21:10:56.023] [INFO] info - get params:{}
[2021-08-22T21:10:56.023] [INFO] info - post params:{}
[2021-08-22T21:10:56.031] [INFO] info - get params:{"menuState":"1"}
[2021-08-22T21:10:56.031] [INFO] info - post params:{}
[2021-08-22T21:11:09.777] [INFO] info - get params:{"menuState":"1"}
[2021-08-22T21:11:09.778] [INFO] info - post params:{}
[2021-08-22T21:11:09.793] [INFO] info - get params:{}
[2021-08-22T21:11:09.793] [INFO] info - post params:{}
[2021-08-22T21:12:43.578] [INFO] info - get params:{"menuState":"1"}
[2021-08-22T21:12:43.578] [INFO] info - post params:{}
[2021-08-22T21:12:43.595] [INFO] info - get params:{}
[2021-08-22T21:12:43.595] [INFO] info - post params:{}
[2021-08-22T21:15:57.299] [INFO] info - get params:{"menuState":"1"}
[2021-08-22T21:15:57.300] [INFO] info - post params:{}
[2021-08-22T21:15:57.301] [INFO] info - get params:{}
[2021-08-22T21:15:57.301] [INFO] info - post params:{}
[2021-08-22T21:16:01.082] [INFO] info - get params:{"menuState":"1"}
[2021-08-22T21:16:01.083] [INFO] info - post params:{}
[2021-08-22T21:16:01.099] [INFO] info - get params:{}
[2021-08-22T21:16:01.100] [INFO] info - post params:{}
[2021-08-22T21:16:07.734] [INFO] info - get params:{"menuState":"1"}
[2021-08-22T21:16:07.734] [INFO] info - post params:{}
[2021-08-22T21:16:07.749] [INFO] info - get params:{}
[2021-08-22T21:16:07.749] [INFO] info - post params:{}
[2021-08-22T21:17:01.733] [INFO] info - get params:{}
[2021-08-22T21:17:01.733] [INFO] info - post params:{"parentId":[null],"menuType":1,"menuState":1,"createTime":"2021-08-22T12:25:40.786Z","updateTime":"2021-08-22T12:49:17.435Z","_id":"612244658960164b749a3595","menuName":"应用管理","icon":"el-icon-film","path":"/apManager","__v":0,"children":[{"parentId":["612244658960164b749a3595"],"createTime":"2021-08-22T12:25:40.786Z","updateTime":"2021-08-22T12:25:40.786Z","_id":"612246f38960164b749a35a4","menuType":1,"menuState":1,"menuName":"Cesium管理","path":"/apManager/cesium","__v":0,"children":[{"parentId":["612244658960164b749a3595","612246f38960164b749a35a4"],"createTime":"2021-08-22T12:25:40.786Z","updateTime":"2021-08-22T12:25:40.786Z","_id":"612248f38960164b749a35b4","menuType":1,"menuState":1,"menuName":"cesium1","path":"/apManager/cesium/cesium1","__v":0}]}],"action":"edit"}
[2021-08-22T21:17:01.788] [INFO] info - get params:{"menuState":"1"}
[2021-08-22T21:17:01.789] [INFO] info - post params:{}
[2021-08-22T21:17:03.636] [INFO] info - get params:{"menuState":"1"}
[2021-08-22T21:17:03.636] [INFO] info - post params:{}
[2021-08-22T21:17:03.638] [INFO] info - get params:{}
[2021-08-22T21:17:03.639] [INFO] info - post params:{}
[2021-08-22T21:17:12.531] [INFO] info - get params:{"menuState":"1"}
[2021-08-22T21:17:12.532] [INFO] info - post params:{}
[2021-08-22T21:17:12.545] [INFO] info - get params:{}
[2021-08-22T21:17:12.545] [INFO] info - post params:{}
[2021-08-22T21:17:45.285] [INFO] info - get params:{"menuState":"1"}
[2021-08-22T21:17:45.285] [INFO] info - post params:{}
[2021-08-22T21:17:45.293] [INFO] info - get params:{}
[2021-08-22T21:17:45.293] [INFO] info - post params:{}
[2021-08-22T21:18:47.563] [INFO] info - get params:{"menuState":"1"}
[2021-08-22T21:18:47.563] [INFO] info - post params:{}
[2021-08-22T21:18:47.569] [INFO] info - get params:{}
[2021-08-22T21:18:47.569] [INFO] info - post params:{}
[2021-08-22T21:18:50.020] [INFO] info - get params:{"menuState":"1"}
[2021-08-22T21:18:50.020] [INFO] info - post params:{}
[2021-08-22T21:18:50.033] [INFO] info - get params:{}
[2021-08-22T21:18:50.033] [INFO] info - post params:{}
[2021-08-22T21:18:53.741] [INFO] info - get params:{"menuState":"1"}
[2021-08-22T21:18:53.741] [INFO] info - post params:{}
[2021-08-22T21:18:53.751] [INFO] info - get params:{}
[2021-08-22T21:18:53.751] [INFO] info - post params:{}
[2021-08-22T21:20:01.942] [INFO] info - get params:{}
[2021-08-22T21:20:01.942] [INFO] info - post params:{}
[2021-08-22T21:20:18.498] [INFO] info - get params:{}
[2021-08-22T21:20:18.498] [INFO] info - post params:{}
[2021-08-22T21:20:46.676] [INFO] info - get params:{}
[2021-08-22T21:20:46.676] [INFO] info - post params:{}
[2021-08-22T21:21:20.861] [INFO] info - get params:{}
[2021-08-22T21:21:20.862] [INFO] info - post params:{}
[2021-08-22T21:21:25.083] [INFO] info - get params:{"state":"1","pageNum":"1","pageSize":"10"}
[2021-08-22T21:21:25.083] [INFO] info - post params:{}
[2021-08-22T21:21:50.355] [INFO] info - get params:{}
[2021-08-22T21:21:50.355] [INFO] info - post params:{}
[2021-08-22T21:24:21.214] [INFO] info - get params:{}
[2021-08-22T21:24:21.214] [INFO] info - post params:{}
[2021-08-22T21:57:29.136] [INFO] info - get params:{"state":"1","pageNum":"1","pageSize":"10"}
[2021-08-22T21:57:29.136] [INFO] info - post params:{}
[2021-08-22T21:57:30.010] [INFO] info - get params:{"menuState":"1"}
[2021-08-22T21:57:30.010] [INFO] info - post params:{}
[2021-08-22T21:57:43.784] [INFO] info - get params:{}
[2021-08-22T21:57:43.784] [INFO] info - post params:{"userName":"admin","userPwd":"admin"}
[2021-08-22T21:57:43.862] [INFO] info - get params:{}
[2021-08-22T21:57:43.862] [INFO] info - post params:{}
[2021-08-22T21:57:47.605] [INFO] info - get params:{}
[2021-08-22T21:57:47.605] [INFO] info - post params:{}
[2021-08-22T22:03:58.812] [INFO] info - get params:{}
[2021-08-22T22:03:58.812] [INFO] info - post params:{}
[2021-08-22T22:07:32.617] [INFO] info - get params:{}
[2021-08-22T22:07:32.619] [INFO] info - post params:{}
[2021-08-22T22:15:48.692] [INFO] info - get params:{}
[2021-08-22T22:15:48.693] [INFO] info - post params:{}
[2021-08-22T22:18:56.585] [INFO] info - get params:{}
[2021-08-22T22:18:56.585] [INFO] info - post params:{}
[2021-08-22T22:19:13.226] [INFO] info - get params:{}
[2021-08-22T22:19:13.226] [INFO] info - post params:{}
[2021-08-22T22:19:14.748] [INFO] info - get params:{}
[2021-08-22T22:19:14.748] [INFO] info - post params:{}
[2021-08-22T22:23:07.900] [INFO] info - get params:{}
[2021-08-22T22:23:07.901] [INFO] info - post params:{}
[2021-08-22T22:25:16.923] [INFO] info - get params:{}
[2021-08-22T22:25:16.923] [INFO] info - post params:{}
[2021-08-22T22:25:36.001] [INFO] info - get params:{}
[2021-08-22T22:25:36.001] [INFO] info - post params:{}
[2021-08-22T22:27:47.540] [INFO] info - get params:{"menuState":"1"}
[2021-08-22T22:27:47.540] [INFO] info - post params:{}
[2021-08-22T22:27:47.546] [INFO] info - get params:{}
[2021-08-22T22:27:47.546] [INFO] info - post params:{}
[2021-08-22T22:29:45.271] [INFO] info - get params:{"menuState":"1"}
[2021-08-22T22:29:45.271] [INFO] info - post params:{}
[2021-08-22T22:29:45.278] [INFO] info - get params:{}
[2021-08-22T22:29:45.281] [INFO] info - post params:{}
[2021-08-22T22:36:05.442] [INFO] info - get params:{}
[2021-08-22T22:36:05.443] [INFO] info - post params:{}
[2021-08-22T22:42:19.993] [INFO] info - get params:{}
[2021-08-22T22:42:19.994] [INFO] info - post params:{}
[2021-08-22T22:44:17.894] [INFO] info - get params:{}
[2021-08-22T22:44:17.894] [INFO] info - post params:{}
[2021-08-22T22:44:20.625] [INFO] info - get params:{}
[2021-08-22T22:44:20.626] [INFO] info - post params:{}
[2021-08-22T22:45:20.712] [INFO] info - get params:{}
[2021-08-22T22:45:20.712] [INFO] info - post params:{}
[2021-08-22T22:50:30.526] [INFO] info - get params:{}
[2021-08-22T22:50:30.526] [INFO] info - post params:{}
[2021-08-22T22:51:28.368] [INFO] info - get params:{}
[2021-08-22T22:51:28.368] [INFO] info - post params:{}
[2021-08-22T22:52:10.892] [INFO] info - get params:{}
[2021-08-22T22:52:10.892] [INFO] info - post params:{}
[2021-08-22T22:52:31.416] [INFO] info - get params:{}
[2021-08-22T22:52:31.416] [INFO] info - post params:{}
[2021-08-22T22:52:52.032] [INFO] info - get params:{}
[2021-08-22T22:52:52.032] [INFO] info - post params:{}
[2021-08-22T22:53:07.783] [INFO] info - get params:{}
[2021-08-22T22:53:07.783] [INFO] info - post params:{}
[2021-08-22T22:55:21.652] [INFO] info - get params:{}
[2021-08-22T22:55:21.652] [INFO] info - post params:{}
[2021-08-22T23:30:25.585] [INFO] info - get params:{}
[2021-08-22T23:30:25.585] [INFO] info - post params:{}
[2021-08-22T23:30:33.783] [INFO] info - get params:{}
[2021-08-22T23:30:33.783] [INFO] info - post params:{"userName":"admin","userPwd":"admin"}
[2021-08-22T23:30:33.845] [INFO] info - get params:{}
[2021-08-22T23:30:33.845] [INFO] info - post params:{}
[2021-08-22T23:42:14.213] [INFO] info - get params:{}
[2021-08-22T23:42:14.213] [INFO] info - post params:{}
[2021-08-22T23:56:39.060] [INFO] info - get params:{}
[2021-08-22T23:56:39.060] [INFO] info - post params:{}
[2021-08-22T23:59:54.988] [INFO] info - get params:{}
[2021-08-22T23:59:54.989] [INFO] info - post params:{}
[2021-08-23T00:07:37.364] [INFO] info - get params:{}
[2021-08-23T00:07:37.364] [INFO] info - post params:{}
[2021-08-23T09:02:07.715] [INFO] info - get params:{}
[2021-08-23T09:02:07.716] [INFO] info - post params:{}
[2021-08-23T09:02:15.703] [INFO] info - get params:{}
[2021-08-23T09:02:15.703] [INFO] info - post params:{"userName":"admin","userPwd":"admin"}
[2021-08-23T09:02:15.847] [INFO] info - get params:{}
[2021-08-23T09:02:15.847] [INFO] info - post params:{}
[2021-08-23T22:49:50.998] [INFO] info - get params:{}
[2021-08-23T22:49:50.999] [INFO] info - post params:{}
[2021-08-23T22:50:00.900] [INFO] info - get params:{}
[2021-08-23T22:50:00.900] [INFO] info - post params:{"userName":"admin","userPwd":"admin"}
[2021-08-23T22:50:04.295] [INFO] info - get params:{}
[2021-08-23T22:50:04.296] [INFO] info - post params:{"userName":"admin","userPwd":"admin"}
[2021-08-23T22:51:00.226] [INFO] info - get params:{}
[2021-08-23T22:51:00.226] [INFO] info - post params:{"userName":"admin","userPwd":"admin"}
[2021-08-23T22:51:01.402] [INFO] info - get params:{}
[2021-08-23T22:51:01.402] [INFO] info - post params:{"userName":"admin","userPwd":"admin"}
[2021-08-23T22:51:08.769] [INFO] info - get params:{}
[2021-08-23T22:51:08.769] [INFO] info - post params:{"userName":"admin","userPwd":"admin"}
[2021-08-23T22:51:11.816] [INFO] info - get params:{}
[2021-08-23T22:51:11.816] [INFO] info - post params:{"userName":"admin","userPwd":"admin"}
[2021-08-23T22:51:20.610] [INFO] info - get params:{}
[2021-08-23T22:51:20.610] [INFO] info - post params:{"userName":"admin","userPwd":"admin"}
[2021-08-23T22:51:30.003] [INFO] info - **数据库连接成功**
[2021-08-23T22:51:39.047] [INFO] info - get params:{}
[2021-08-23T22:51:39.047] [INFO] info - post params:{"userName":"admin","userPwd":"admin"}
[2021-08-23T22:51:39.258] [INFO] info - get params:{}
[2021-08-23T22:51:39.258] [INFO] info - post params:{}
[2021-08-23T23:07:18.215] [INFO] info - get params:{}
[2021-08-23T23:07:18.215] [INFO] info - post params:{}
[2021-08-23T23:25:02.015] [INFO] info - get params:{}
[2021-08-23T23:25:02.015] [INFO] info - post params:{}
[2021-08-23T23:33:20.371] [INFO] info - get params:{}
[2021-08-23T23:33:20.371] [INFO] info - post params:{}
[2021-08-24T20:59:07.988] [INFO] info - **数据库连接成功**
[2021-08-24T20:59:14.940] [INFO] info - get params:{}
[2021-08-24T20:59:14.940] [INFO] info - post params:{}
[2021-08-24T20:59:23.901] [INFO] info - get params:{}
[2021-08-24T20:59:23.901] [INFO] info - post params:{"userName":"admin","userPwd":"admin"}
[2021-08-24T20:59:23.957] [INFO] info - get params:{}
[2021-08-24T20:59:23.958] [INFO] info - post params:{}
[2021-08-24T21:05:41.257] [INFO] info - get params:{}
[2021-08-24T21:05:41.257] [INFO] info - post params:{}
[2021-08-24T21:10:40.379] [INFO] info - get params:{}
[2021-08-24T21:10:40.379] [INFO] info - post params:{}
[2021-08-24T21:11:38.685] [INFO] info - get params:{}
[2021-08-24T21:11:38.685] [INFO] info - post params:{}
[2021-08-24T21:13:07.629] [INFO] info - get params:{}
[2021-08-24T21:13:07.629] [INFO] info - post params:{}
[2021-08-24T21:21:03.280] [INFO] info - get params:{}
[2021-08-24T21:21:03.280] [INFO] info - post params:{}
[2021-08-24T21:24:27.491] [INFO] info - get params:{}
[2021-08-24T21:24:27.491] [INFO] info - post params:{}
[2021-08-24T21:25:19.430] [INFO] info - get params:{}
[2021-08-24T21:25:19.431] [INFO] info - post params:{}
[2021-08-24T21:28:38.920] [INFO] info - get params:{}
[2021-08-24T21:28:38.920] [INFO] info - post params:{}
[2021-08-24T21:33:07.859] [INFO] info - get params:{}
[2021-08-24T21:33:07.859] [INFO] info - post params:{}
[2021-08-24T21:34:20.995] [INFO] info - get params:{}
[2021-08-24T21:34:20.995] [INFO] info - post params:{"userName":"admin","userPwd":"admin"}
[2021-08-24T21:34:21.093] [INFO] info - get params:{}
[2021-08-24T21:34:21.093] [INFO] info - post params:{}
[2021-08-24T21:37:53.185] [INFO] info - get params:{}
[2021-08-24T21:37:53.185] [INFO] info - post params:{}
[2021-08-24T21:47:02.776] [INFO] info - get params:{}
[2021-08-24T21:47:02.776] [INFO] info - post params:{}
[2021-08-24T21:58:55.711] [INFO] info - get params:{}
[2021-08-24T21:58:55.711] [INFO] info - post params:{}
[2021-08-24T21:59:16.919] [INFO] info - get params:{}
[2021-08-24T21:59:16.919] [INFO] info - post params:{}
[2021-08-24T22:01:00.388] [INFO] info - get params:{}
[2021-08-24T22:01:00.389] [INFO] info - post params:{}
[2021-08-24T22:03:38.210] [INFO] info - get params:{}
[2021-08-24T22:03:38.211] [INFO] info - post params:{}
[2021-08-24T22:08:44.304] [INFO] info - get params:{}
[2021-08-24T22:08:44.304] [INFO] info - post params:{}
[2021-08-24T22:21:06.828] [INFO] info - get params:{}
[2021-08-24T22:21:06.829] [INFO] info - post params:{}
[2021-08-24T22:21:35.549] [INFO] info - get params:{}
[2021-08-24T22:21:35.549] [INFO] info - post params:{}
[2021-08-24T22:36:16.737] [INFO] info - get params:{}
[2021-08-24T22:36:16.737] [INFO] info - post params:{}
[2021-08-24T22:38:00.869] [INFO] info - get params:{}
[2021-08-24T22:38:00.869] [INFO] info - post params:{}
[2021-08-24T22:39:06.292] [INFO] info - get params:{}
[2021-08-24T22:39:06.292] [INFO] info - post params:{}
[2021-08-24T22:40:56.533] [INFO] info - get params:{}
[2021-08-24T22:40:56.533] [INFO] info - post params:{}
[2021-08-24T22:41:24.650] [INFO] info - get params:{}
[2021-08-24T22:41:24.650] [INFO] info - post params:{}
[2021-08-24T23:27:12.239] [INFO] info - get params:{}
[2021-08-24T23:27:12.239] [INFO] info - post params:{}
[2021-08-24T23:27:40.712] [INFO] info - get params:{}
[2021-08-24T23:27:40.712] [INFO] info - post params:{}
[2021-08-24T23:29:40.786] [INFO] info - get params:{}
[2021-08-24T23:29:40.786] [INFO] info - post params:{}
[2021-08-24T23:36:26.719] [INFO] info - get params:{}
[2021-08-24T23:36:26.719] [INFO] info - post params:{}
[2021-08-25T00:06:13.818] [INFO] info - get params:{}
[2021-08-25T00:06:13.819] [INFO] info - post params:{}
[2021-08-25T08:59:08.834] [INFO] info - get params:{}
[2021-08-25T08:59:08.835] [INFO] info - post params:{}
[2021-08-25T20:29:51.783] [INFO] info - **数据库连接成功**
[2021-08-25T20:30:56.961] [INFO] info - get params:{}
[2021-08-25T20:30:56.961] [INFO] info - post params:{"userName":"admin","userPwd":"admin"}
[2021-08-25T20:30:57.069] [INFO] info - get params:{}
[2021-08-25T20:30:57.070] [INFO] info - post params:{}
[2021-08-25T20:49:01.345] [INFO] info - get params:{}
[2021-08-25T20:49:01.345] [INFO] info - post params:{}
[2021-08-25T21:48:45.963] [INFO] info - get params:{}
[2021-08-25T21:48:45.964] [INFO] info - post params:{}
[2021-08-25T21:54:06.179] [INFO] info - get params:{}
[2021-08-25T21:54:06.179] [INFO] info - post params:{}
[2021-08-25T22:03:57.495] [INFO] info - get params:{}
[2021-08-25T22:03:57.498] [INFO] info - post params:{}
[2021-08-25T22:04:39.215] [INFO] info - get params:{}
[2021-08-25T22:04:39.216] [INFO] info - post params:{}
[2021-08-25T22:04:49.941] [INFO] info - get params:{}
[2021-08-25T22:04:49.941] [INFO] info - post params:{}
[2021-08-25T22:10:44.164] [INFO] info - get params:{}
[2021-08-25T22:10:44.164] [INFO] info - post params:{}
[2021-08-25T22:11:55.926] [INFO] info - get params:{}
[2021-08-25T22:11:55.926] [INFO] info - post params:{}
[2021-08-25T22:12:42.553] [INFO] info - get params:{}
[2021-08-25T22:12:42.553] [INFO] info - post params:{}
[2021-08-25T22:13:03.781] [INFO] info - get params:{}
[2021-08-25T22:13:03.781] [INFO] info - post params:{}
[2021-08-25T22:24:59.368] [INFO] info - get params:{}
[2021-08-25T22:24:59.368] [INFO] info - post params:{}
[2021-08-25T22:26:00.189] [INFO] info - get params:{}
[2021-08-25T22:26:00.190] [INFO] info - post params:{}
[2021-08-25T22:30:58.939] [INFO] info - get params:{}
[2021-08-25T22:30:58.940] [INFO] info - post params:{}
[2021-08-25T22:37:08.722] [INFO] info - get params:{}
[2021-08-25T22:37:08.722] [INFO] info - post params:{}
[2021-08-25T22:37:27.509] [INFO] info - get params:{}
[2021-08-25T22:37:27.509] [INFO] info - post params:{}
[2021-08-25T22:41:22.833] [INFO] info - get params:{}
[2021-08-25T22:41:22.833] [INFO] info - post params:{}
[2021-08-25T22:42:24.868] [INFO] info - get params:{}
[2021-08-25T22:42:24.868] [INFO] info - post params:{}
[2021-08-25T22:42:53.353] [INFO] info - get params:{}
[2021-08-25T22:42:53.353] [INFO] info - post params:{}
[2021-08-25T22:46:53.078] [INFO] info - get params:{}
[2021-08-25T22:46:53.078] [INFO] info - post params:{}
[2021-08-25T22:47:11.370] [INFO] info - get params:{}
[2021-08-25T22:47:11.371] [INFO] info - post params:{}
[2021-08-25T22:50:49.611] [INFO] info - get params:{}
[2021-08-25T22:50:49.612] [INFO] info - post params:{}
[2021-08-25T22:51:09.241] [INFO] info - get params:{}
[2021-08-25T22:51:09.242] [INFO] info - post params:{}
[2021-08-25T22:51:20.332] [INFO] info - get params:{}
[2021-08-25T22:51:20.332] [INFO] info - post params:{}
[2021-08-25T22:51:30.476] [INFO] info - get params:{}
[2021-08-25T22:51:30.476] [INFO] info - post params:{}
[2021-08-25T22:51:38.745] [INFO] info - get params:{}
[2021-08-25T22:51:38.746] [INFO] info - post params:{"userName":"admin","userPwd":"admin"}
[2021-08-25T22:51:38.815] [INFO] info - get params:{}
[2021-08-25T22:51:38.815] [INFO] info - post params:{}
[2021-08-25T22:51:52.547] [INFO] info - get params:{}
[2021-08-25T22:51:52.547] [INFO] info - post params:{}
[2021-08-25T22:51:58.995] [INFO] info - get params:{}
[2021-08-25T22:51:58.995] [INFO] info - post params:{}
[2021-08-25T22:53:31.754] [INFO] info - get params:{}
[2021-08-25T22:53:31.755] [INFO] info - post params:{}
[2021-08-25T22:55:21.423] [INFO] info - get params:{}
[2021-08-25T22:55:21.423] [INFO] info - post params:{}
[2021-08-27T17:20:13.849] [INFO] info - **数据库连接成功**
[2021-08-27T23:19:26.764] [INFO] info - **数据库连接成功**
[2021-08-27T23:20:26.245] [INFO] info - get params:{}
[2021-08-27T23:20:26.245] [INFO] info - post params:{"userName":"admin","userPwd":"admin"}
[2021-08-27T23:20:26.390] [INFO] info - get params:{}
[2021-08-27T23:20:26.391] [INFO] info - post params:{}
[2021-08-27T23:20:36.466] [INFO] info - get params:{"menuState":"1"}
[2021-08-27T23:20:36.467] [INFO] info - post params:{}
[2021-08-27T23:20:51.573] [INFO] info - get params:{}
[2021-08-27T23:20:51.574] [INFO] info - post params:{"parentId":["612244658960164b749a3595","612246f38960164b749a35a4"],"menuType":1,"menuState":1,"createTime":"2021-08-22T12:25:40.786Z","updateTime":"2021-08-22T12:25:40.786Z","_id":"612248f38960164b749a35b4","menuName":"cesium(测)","path":"/apManager/cesium/cesium1","__v":0,"action":"edit"}
[2021-08-27T23:20:51.676] [INFO] info - get params:{"menuState":"1"}
[2021-08-27T23:20:51.676] [INFO] info - post params:{}
[2021-08-27T23:20:54.993] [INFO] info - get params:{"menuState":"1"}
[2021-08-27T23:20:54.994] [INFO] info - post params:{}
[2021-08-27T23:20:54.995] [INFO] info - get params:{}
[2021-08-27T23:20:54.995] [INFO] info - post params:{}
[2021-08-27T23:21:41.228] [INFO] info - get params:{}
[2021-08-27T23:21:41.228] [INFO] info - post params:{"parentId":["612244658960164b749a3595","612246f38960164b749a35a4"],"menuType":1,"menuState":1,"menuName":"图层调整","path":"/apManager/cesium/cesium2","action":"add"}
[2021-08-27T23:21:41.299] [INFO] info - get params:{"menuState":"1"}
[2021-08-27T23:21:41.299] [INFO] info - post params:{}
[2021-08-27T23:22:18.786] [INFO] info - get params:{"menuState":"1"}
[2021-08-27T23:22:18.786] [INFO] info - post params:{}
[2021-08-27T23:22:18.788] [INFO] info - get params:{}
[2021-08-27T23:22:18.788] [INFO] info - post params:{}
[2021-08-27T23:22:20.818] [INFO] info - get params:{"menuState":"1"}
[2021-08-27T23:22:20.818] [INFO] info - post params:{}
[2021-08-27T23:22:20.820] [INFO] info - get params:{}
[2021-08-27T23:22:20.821] [INFO] info - post params:{}
[2021-08-27T23:22:22.910] [INFO] info - get params:{"menuState":"1"}
[2021-08-27T23:22:22.910] [INFO] info - post params:{}
[2021-08-27T23:22:22.917] [INFO] info - get params:{}
[2021-08-27T23:22:22.917] [INFO] info - post params:{}
[2021-08-27T23:24:28.979] [INFO] info - get params:{}
[2021-08-27T23:24:28.980] [INFO] info - post params:{}
[2021-08-27T23:24:33.143] [INFO] info - get params:{"menuState":"1"}
[2021-08-27T23:24:33.144] [INFO] info - post params:{}
[2021-08-27T23:32:16.526] [INFO] info - get params:{}
[2021-08-27T23:32:16.526] [INFO] info - post params:{}
[2021-08-27T23:32:42.657] [INFO] info - get params:{}
[2021-08-27T23:32:42.657] [INFO] info - post params:{}
[2021-08-27T23:34:31.637] [INFO] info - get params:{}
[2021-08-27T23:34:31.637] [INFO] info - post params:{}
[2021-08-28T08:56:14.092] [INFO] info - get params:{}
[2021-08-28T08:56:14.093] [INFO] info - post params:{}
[2021-08-28T08:56:25.786] [INFO] info - get params:{}
[2021-08-28T08:56:25.786] [INFO] info - post params:{"userName":"admin","userPwd":"admin"}
[2021-08-28T08:56:25.855] [INFO] info - get params:{}
[2021-08-28T08:56:25.855] [INFO] info - post params:{}
[2021-08-28T09:00:26.112] [INFO] info - get params:{}
[2021-08-28T09:00:26.112] [INFO] info - post params:{}
[2021-08-28T09:01:34.756] [INFO] info - get params:{}
[2021-08-28T09:01:34.756] [INFO] info - post params:{}
[2021-08-28T09:01:51.504] [INFO] info - get params:{}
[2021-08-28T09:01:51.504] [INFO] info - post params:{}
[2021-08-28T09:04:02.392] [INFO] info - get params:{}
[2021-08-28T09:04:02.393] [INFO] info - post params:{}
[2021-08-28T09:24:41.784] [INFO] info - get params:{}
[2021-08-28T09:24:41.785] [INFO] info - post params:{}
[2021-08-28T15:56:15.768] [INFO] info - **数据库连接成功**
[2021-08-28T15:56:22.051] [INFO] info - get params:{}
[2021-08-28T15:56:22.051] [INFO] info - post params:{}
[2021-08-28T16:01:36.123] [INFO] info - get params:{}
[2021-08-28T16:01:36.123] [INFO] info - post params:{"userName":"admin","userPwd":"admin"}
[2021-08-28T16:01:36.212] [INFO] info - get params:{}
[2021-08-28T16:01:36.213] [INFO] info - post params:{}
[2021-08-28T16:10:50.874] [INFO] info - get params:{}
[2021-08-28T16:10:50.874] [INFO] info - post params:{}
[2021-08-28T16:11:39.222] [INFO] info - get params:{}
[2021-08-28T16:11:39.223] [INFO] info - post params:{}
[2021-08-28T16:13:19.808] [INFO] info - get params:{}
[2021-08-28T16:13:19.808] [INFO] info - post params:{}
[2021-08-28T16:18:34.543] [INFO] info - get params:{}
[2021-08-28T16:18:34.543] [INFO] info - post params:{}
[2021-08-28T16:31:17.400] [INFO] info - get params:{}
[2021-08-28T16:31:17.401] [INFO] info - post params:{}
[2021-08-28T16:32:07.024] [INFO] info - get params:{}
[2021-08-28T16:32:07.024] [INFO] info - post params:{}
[2021-08-28T16:33:54.600] [INFO] info - get params:{}
[2021-08-28T16:33:54.600] [INFO] info - post params:{}
[2021-08-28T16:34:13.277] [INFO] info - get params:{}
[2021-08-28T16:34:13.277] [INFO] info - post params:{}
[2021-08-28T16:39:35.014] [INFO] info - get params:{}
[2021-08-28T16:39:35.015] [INFO] info - post params:{}
[2021-08-28T16:44:52.563] [INFO] info - get params:{}
[2021-08-28T16:44:52.563] [INFO] info - post params:{}
[2021-08-28T16:50:54.886] [INFO] info - get params:{}
[2021-08-28T16:50:54.886] [INFO] info - post params:{}
[2021-08-28T16:51:18.379] [INFO] info - get params:{}
[2021-08-28T16:51:18.379] [INFO] info - post params:{}
[2021-08-28T16:52:09.046] [INFO] info - get params:{}
[2021-08-28T16:52:09.046] [INFO] info - post params:{}
[2021-08-28T17:13:36.913] [INFO] info - get params:{}
[2021-08-28T17:13:36.915] [INFO] info - post params:{}
[2021-08-28T17:23:29.480] [INFO] info - get params:{}
[2021-08-28T17:23:29.480] [INFO] info - post params:{}
[2021-08-28T17:44:17.997] [INFO] info - get params:{}
[2021-08-28T17:44:17.997] [INFO] info - post params:{}
[2021-08-28T17:49:55.991] [INFO] info - get params:{}
[2021-08-28T17:49:55.992] [INFO] info - post params:{}
[2021-08-28T22:41:38.897] [INFO] info - get params:{}
[2021-08-28T22:41:38.897] [INFO] info - post params:{}
[2021-08-28T22:47:09.053] [INFO] info - get params:{}
[2021-08-28T22:47:09.054] [INFO] info - post params:{}
[2021-08-28T22:47:25.912] [INFO] info - get params:{}
[2021-08-28T22:47:25.912] [INFO] info - post params:{}
[2021-08-28T23:25:23.442] [INFO] info - get params:{}
[2021-08-28T23:25:23.442] [INFO] info - post params:{}
[2021-08-28T23:27:48.676] [INFO] info - get params:{}
[2021-08-28T23:27:48.677] [INFO] info - post params:{}
[2021-08-28T23:31:31.390] [INFO] info - get params:{}
[2021-08-28T23:31:31.390] [INFO] info - post params:{}
[2021-08-28T23:34:20.625] [INFO] info - get params:{}
[2021-08-28T23:34:20.625] [INFO] info - post params:{}
[2021-08-28T23:36:21.637] [INFO] info - get params:{}
[2021-08-28T23:36:21.637] [INFO] info - post params:{}
[2021-08-28T23:43:23.920] [INFO] info - get params:{}
[2021-08-28T23:43:23.921] [INFO] info - post params:{}
[2021-08-29T04:32:05.340] [INFO] info - **数据库连接成功**
[2021-08-29T09:30:46.201] [INFO] info - get params:{}
[2021-08-29T09:30:46.202] [INFO] info - post params:{}
[2021-08-29T10:06:01.564] [INFO] info - get params:{}
[2021-08-29T10:06:01.565] [INFO] info - post params:{}
[2021-08-29T10:14:21.537] [INFO] info - get params:{}
[2021-08-29T10:14:21.537] [INFO] info - post params:{}
[2021-08-29T10:14:31.587] [INFO] info - get params:{}
[2021-08-29T10:14:31.588] [INFO] info - post params:{"userName":"admin","userPwd":"admin"}
[2021-08-29T10:14:31.722] [INFO] info - get params:{}
[2021-08-29T10:14:31.726] [INFO] info - post params:{}
[2021-08-29T10:19:39.480] [INFO] info - get params:{}
[2021-08-29T10:19:39.480] [INFO] info - post params:{}
[2021-08-29T10:30:43.990] [INFO] info - get params:{}
[2021-08-29T10:30:43.990] [INFO] info - post params:{}
[2021-08-29T10:36:56.281] [INFO] info - get params:{}
[2021-08-29T10:36:56.282] [INFO] info - post params:{}
[2021-08-31T21:53:06.591] [INFO] info - **数据库连接成功**
[2021-08-31T21:53:19.494] [INFO] info - get params:{}
[2021-08-31T21:53:19.494] [INFO] info - post params:{}
[2021-08-31T21:53:31.504] [INFO] info - get params:{}
[2021-08-31T21:53:31.505] [INFO] info - post params:{"userName":"admin","userPwd":"admin"}
[2021-08-31T21:53:31.706] [INFO] info - get params:{}
[2021-08-31T21:53:31.706] [INFO] info - post params:{}
[2021-08-31T21:55:14.462] [INFO] info - get params:{"menuState":"1"}
[2021-08-31T21:55:14.463] [INFO] info - post params:{}
[2021-08-31T21:55:22.353] [INFO] info - get params:{"state":"1","pageNum":"1","pageSize":"10"}
[2021-08-31T21:55:22.353] [INFO] info - post params:{}
[2021-08-31T21:55:24.257] [INFO] info - get params:{"menuState":"1"}
[2021-08-31T21:55:24.257] [INFO] info - post params:{}
[2021-08-31T21:56:42.095] [INFO] info - get params:{}
[2021-08-31T21:56:42.095] [INFO] info - post params:{"parentId":["61212795635dd73e0d524f44"],"menuType":1,"menuState":1,"menuName":"角色管理","path":"/system/role","action":"add"}
[2021-08-31T21:56:42.385] [INFO] info - get params:{"menuState":"1"}
[2021-08-31T21:56:42.386] [INFO] info - post params:{}
[2021-08-31T21:56:45.429] [INFO] info - get params:{"menuState":"1"}
[2021-08-31T21:56:45.430] [INFO] info - post params:{}
[2021-08-31T21:56:45.431] [INFO] info - get params:{}
[2021-08-31T21:56:45.431] [INFO] info - post params:{}
[2021-08-31T21:59:52.654] [INFO] info - get params:{"menuState":"1"}
[2021-08-31T21:59:52.655] [INFO] info - post params:{}
[2021-08-31T21:59:52.769] [INFO] info - get params:{}
[2021-08-31T21:59:52.769] [INFO] info - post params:{}
[2021-08-31T22:00:53.456] [INFO] info - get params:{"menuState":"1"}
[2021-08-31T22:00:53.456] [INFO] info - post params:{}
[2021-08-31T22:00:53.476] [INFO] info - get params:{}
[2021-08-31T22:00:53.476] [INFO] info - post params:{}
[2021-08-31T22:01:06.623] [INFO] info - get params:{"menuState":"1"}
[2021-08-31T22:01:06.623] [INFO] info - post params:{}
[2021-08-31T22:01:06.629] [INFO] info - get params:{}
[2021-08-31T22:01:06.629] [INFO] info - post params:{}
[2021-08-31T22:01:14.952] [INFO] info - get params:{"menuState":"1"}
[2021-08-31T22:01:14.952] [INFO] info - post params:{}
[2021-08-31T22:01:14.960] [INFO] info - get params:{}
[2021-08-31T22:01:14.960] [INFO] info - post params:{}
[2021-08-31T22:01:18.044] [INFO] info - get params:{"menuState":"1"}
[2021-08-31T22:01:18.044] [INFO] info - post params:{}
[2021-08-31T22:01:18.053] [INFO] info - get params:{}
[2021-08-31T22:01:18.053] [INFO] info - post params:{}
[2021-08-31T22:01:30.627] [INFO] info - get params:{"menuState":"1"}
[2021-08-31T22:01:30.627] [INFO] info - post params:{}
[2021-08-31T22:01:30.636] [INFO] info - get params:{}
[2021-08-31T22:01:30.636] [INFO] info - post params:{}
[2021-08-31T22:01:49.284] [INFO] info - get params:{"menuState":"1"}
[2021-08-31T22:01:49.284] [INFO] info - post params:{}
[2021-08-31T22:01:49.295] [INFO] info - get params:{}
[2021-08-31T22:01:49.295] [INFO] info - post params:{}
[2021-08-31T22:02:58.814] [INFO] info - get params:{"menuState":"1"}
[2021-08-31T22:02:58.815] [INFO] info - post params:{}
[2021-08-31T22:02:59.169] [INFO] info - get params:{}
[2021-08-31T22:02:59.169] [INFO] info - post params:{}
[2021-08-31T22:03:10.690] [INFO] info - get params:{"menuState":"1"}
[2021-08-31T22:03:10.690] [INFO] info - post params:{}
[2021-08-31T22:03:10.699] [INFO] info - get params:{}
[2021-08-31T22:03:10.699] [INFO] info - post params:{}
[2021-08-31T22:03:12.229] [INFO] info - get params:{"menuState":"1"}
[2021-08-31T22:03:12.229] [INFO] info - post params:{}
[2021-08-31T22:03:12.239] [INFO] info - get params:{}
[2021-08-31T22:03:12.239] [INFO] info - post params:{}
[2021-08-31T22:03:18.141] [INFO] info - get params:{"menuState":"1"}
[2021-08-31T22:03:18.141] [INFO] info - post params:{}
[2021-08-31T22:03:18.142] [INFO] info - get params:{}
[2021-08-31T22:03:18.142] [INFO] info - post params:{}
[2021-08-31T22:03:30.057] [INFO] info - get params:{"menuState":"1"}
[2021-08-31T22:03:30.059] [INFO] info - post params:{}
[2021-08-31T22:03:30.083] [INFO] info - get params:{}
[2021-08-31T22:03:30.083] [INFO] info - post params:{}
[2021-08-31T22:03:48.923] [INFO] info - get params:{"menuState":"1"}
[2021-08-31T22:03:48.923] [INFO] info - post params:{}
[2021-08-31T22:03:48.939] [INFO] info - get params:{}
[2021-08-31T22:03:48.939] [INFO] info - post params:{}
[2021-08-31T22:03:58.477] [INFO] info - get params:{"menuState":"1"}
[2021-08-31T22:03:58.477] [INFO] info - post params:{}
[2021-08-31T22:03:58.479] [INFO] info - get params:{}
[2021-08-31T22:03:58.479] [INFO] info - post params:{}
[2021-08-31T22:04:25.253] [INFO] info - get params:{"menuState":"1"}
[2021-08-31T22:04:25.253] [INFO] info - post params:{}
[2021-08-31T22:04:25.261] [INFO] info - get params:{}
[2021-08-31T22:04:25.261] [INFO] info - post params:{}
[2021-08-31T22:04:50.779] [INFO] info - get params:{"menuState":"1"}
[2021-08-31T22:04:50.779] [INFO] info - post params:{}
[2021-08-31T22:04:50.780] [INFO] info - get params:{}
[2021-08-31T22:04:50.780] [INFO] info - post params:{}
[2021-08-31T22:05:00.916] [INFO] info - get params:{"menuState":"1"}
[2021-08-31T22:05:00.916] [INFO] info - post params:{}
[2021-08-31T22:05:01.172] [INFO] info - get params:{}
[2021-08-31T22:05:01.172] [INFO] info - post params:{}
[2021-08-31T22:18:31.828] [INFO] info - get params:{"menuState":"1"}
[2021-08-31T22:18:31.829] [INFO] info - post params:{}
[2021-08-31T22:18:31.833] [INFO] info - get params:{}
[2021-08-31T22:18:31.834] [INFO] info - post params:{}
[2021-08-31T22:28:05.849] [INFO] info - get params:{"menuState":"1"}
[2021-08-31T22:28:05.849] [INFO] info - post params:{}
[2021-08-31T22:28:05.854] [INFO] info - get params:{}
[2021-08-31T22:28:05.854] [INFO] info - post params:{}
[2021-08-31T22:28:35.825] [INFO] info - get params:{"menuState":"1"}
[2021-08-31T22:28:35.825] [INFO] info - post params:{}
[2021-08-31T22:28:35.826] [INFO] info - get params:{}
[2021-08-31T22:28:35.826] [INFO] info - post params:{}
[2021-08-31T22:30:16.218] [INFO] info - get params:{"menuState":"1"}
[2021-08-31T22:30:16.218] [INFO] info - post params:{}
[2021-08-31T22:30:16.219] [INFO] info - get params:{}
[2021-08-31T22:30:16.219] [INFO] info - post params:{}
[2021-08-31T22:30:43.541] [INFO] info - get params:{"menuState":"1"}
[2021-08-31T22:30:43.541] [INFO] info - post params:{}
[2021-08-31T22:30:43.543] [INFO] info - get params:{}
[2021-08-31T22:30:43.543] [INFO] info - post params:{}
[2021-08-31T22:30:48.313] [INFO] info - get params:{"state":"1","pageNum":"1","pageSize":"10"}
[2021-08-31T22:30:48.313] [INFO] info - post params:{}
[2021-08-31T22:30:50.097] [INFO] info - get params:{"menuState":"1"}
[2021-08-31T22:30:50.097] [INFO] info - post params:{}
[2021-08-31T22:30:51.302] [INFO] info - get params:{"state":"1","pageNum":"1","pageSize":"10"}
[2021-08-31T22:30:51.302] [INFO] info - post params:{}
[2021-08-31T22:35:14.551] [INFO] info - get params:{"state":"1","pageNum":"1","pageSize":"10"}
[2021-08-31T22:35:14.551] [INFO] info - post params:{}
[2021-08-31T22:35:14.575] [INFO] info - get params:{}
[2021-08-31T22:35:14.575] [INFO] info - post params:{}
[2021-08-31T22:35:24.329] [INFO] info - get params:{"state":"1","pageNum":"1","pageSize":"10"}
[2021-08-31T22:35:24.329] [INFO] info - post params:{}
[2021-08-31T22:35:24.335] [INFO] info - get params:{}
[2021-08-31T22:35:24.335] [INFO] info - post params:{}
[2021-08-31T22:35:42.322] [INFO] info - get params:{"state":"1","pageNum":"1","pageSize":"10"}
[2021-08-31T22:35:42.322] [INFO] info - post params:{}
[2021-08-31T22:35:42.327] [INFO] info - get params:{}
[2021-08-31T22:35:42.327] [INFO] info - post params:{}
[2021-08-31T22:35:59.908] [INFO] info - get params:{"state":"1","pageNum":"1","pageSize":"10"}
[2021-08-31T22:35:59.909] [INFO] info - post params:{}
[2021-08-31T22:35:59.920] [INFO] info - get params:{}
[2021-08-31T22:35:59.920] [INFO] info - post params:{}
[2021-08-31T22:42:37.331] [INFO] info - get params:{"state":"1","pageNum":"1","pageSize":"10"}
[2021-08-31T22:42:37.332] [INFO] info - post params:{}
[2021-08-31T22:42:37.340] [INFO] info - get params:{}
[2021-08-31T22:42:37.341] [INFO] info - post params:{}
[2021-08-31T22:42:42.805] [INFO] info - get params:{"state":"1","pageNum":"1","pageSize":"10"}
[2021-08-31T22:42:42.805] [INFO] info - post params:{}
[2021-08-31T22:42:42.821] [INFO] info - get params:{}
[2021-08-31T22:42:42.821] [INFO] info - post params:{}
[2021-08-31T22:44:57.007] [INFO] info - get params:{"state":"1","pageNum":"1","pageSize":"10"}
[2021-08-31T22:44:57.007] [INFO] info - post params:{}
[2021-08-31T22:44:57.009] [INFO] info - get params:{}
[2021-08-31T22:44:57.009] [INFO] info - post params:{}
[2021-08-31T22:45:14.265] [INFO] info - get params:{"state":"1","pageNum":"1","pageSize":"10"}
[2021-08-31T22:45:14.266] [INFO] info - post params:{}
[2021-08-31T22:45:14.267] [INFO] info - get params:{}
[2021-08-31T22:45:14.267] [INFO] info - post params:{}
[2021-08-31T22:45:56.037] [INFO] info - get params:{"state":"1","pageNum":"1","pageSize":"10"}
[2021-08-31T22:45:56.037] [INFO] info - post params:{}
[2021-08-31T22:45:56.050] [INFO] info - get params:{}
[2021-08-31T22:45:56.050] [INFO] info - post params:{}
[2021-08-31T22:47:03.109] [INFO] info - get params:{"state":"1","pageNum":"1","pageSize":"10"}
[2021-08-31T22:47:03.109] [INFO] info - post params:{}
[2021-08-31T22:47:03.117] [INFO] info - get params:{}
[2021-08-31T22:47:03.117] [INFO] info - post params:{}
[2021-08-31T22:47:30.019] [INFO] info - get params:{"state":"1","pageNum":"1","pageSize":"10"}
[2021-08-31T22:47:30.019] [INFO] info - post params:{}
[2021-08-31T22:47:30.069] [INFO] info - get params:{}
[2021-08-31T22:47:30.069] [INFO] info - post params:{}
[2021-08-31T22:49:38.461] [INFO] info - get params:{}
[2021-08-31T22:49:38.461] [INFO] info - post params:{}
[2021-08-31T22:49:38.462] [INFO] info - get params:{"state":"1","pageNum":"1","pageSize":"10"}
[2021-08-31T22:49:38.462] [INFO] info - post params:{}
[2021-08-31T22:50:14.088] [INFO] info - get params:{"state":"1","pageNum":"1","pageSize":"10"}
[2021-08-31T22:50:14.088] [INFO] info - post params:{}
[2021-08-31T22:50:14.098] [INFO] info - get params:{}
[2021-08-31T22:50:14.098] [INFO] info - post params:{}
[2021-08-31T22:50:39.959] [INFO] info - get params:{"state":"1","pageNum":"1","pageSize":"10"}
[2021-08-31T22:50:39.959] [INFO] info - post params:{}
[2021-08-31T22:50:39.963] [INFO] info - get params:{}
[2021-08-31T22:50:39.963] [INFO] info - post params:{}
[2021-08-31T22:50:57.263] [INFO] info - get params:{"state":"1","pageNum":"1","pageSize":"10"}
[2021-08-31T22:50:57.263] [INFO] info - post params:{}
[2021-08-31T22:50:57.279] [INFO] info - get params:{}
[2021-08-31T22:50:57.280] [INFO] info - post params:{}
[2021-08-31T22:51:01.240] [INFO] info - get params:{"state":"1","pageNum":"1","pageSize":"10"}
[2021-08-31T22:51:01.240] [INFO] info - post params:{}
[2021-08-31T22:51:01.242] [INFO] info - get params:{}
[2021-08-31T22:51:01.242] [INFO] info - post params:{}
[2021-08-31T22:51:04.575] [INFO] info - get params:{"state":"1","pageNum":"1","pageSize":"10"}
[2021-08-31T22:51:04.575] [INFO] info - post params:{}
[2021-08-31T22:51:04.587] [INFO] info - get params:{}
[2021-08-31T22:51:04.587] [INFO] info - post params:{}
[2021-08-31T22:51:11.518] [INFO] info - get params:{"state":"1","pageNum":"1","pageSize":"10"}
[2021-08-31T22:51:11.519] [INFO] info - post params:{}
[2021-08-31T22:51:11.529] [INFO] info - get params:{}
[2021-08-31T22:51:11.529] [INFO] info - post params:{}
[2021-08-31T22:51:29.009] [INFO] info - get params:{"state":"1","pageNum":"1","pageSize":"10"}
[2021-08-31T22:51:29.010] [INFO] info - post params:{}
[2021-08-31T22:51:29.022] [INFO] info - get params:{}
[2021-08-31T22:51:29.022] [INFO] info - post params:{}
[2021-08-31T22:51:38.450] [INFO] info - get params:{"state":"1","pageNum":"1","pageSize":"10"}
[2021-08-31T22:51:38.450] [INFO] info - post params:{}
[2021-08-31T22:51:38.460] [INFO] info - get params:{}
[2021-08-31T22:51:38.460] [INFO] info - post params:{}
[2021-08-31T22:52:27.682] [INFO] info - get params:{"state":"1","pageNum":"1","pageSize":"10"}
[2021-08-31T22:52:27.683] [INFO] info - post params:{}
[2021-08-31T22:52:27.686] [INFO] info - get params:{}
[2021-08-31T22:52:27.686] [INFO] info - post params:{}
[2021-08-31T22:52:48.079] [INFO] info - get params:{"state":"1","pageNum":"1","pageSize":"10"}
[2021-08-31T22:52:48.079] [INFO] info - post params:{}
[2021-08-31T22:52:48.083] [INFO] info - get params:{}
[2021-08-31T22:52:48.083] [INFO] info - post params:{}
[2021-08-31T22:52:56.274] [INFO] info - get params:{"state":"1","pageNum":"1","pageSize":"10"}
[2021-08-31T22:52:56.274] [INFO] info - post params:{}
[2021-08-31T22:52:56.285] [INFO] info - get params:{}
[2021-08-31T22:52:56.285] [INFO] info - post params:{}
[2021-08-31T22:53:02.830] [INFO] info - get params:{"state":"1","pageNum":"1","pageSize":"10"}
[2021-08-31T22:53:02.831] [INFO] info - post params:{}
[2021-08-31T22:53:02.836] [INFO] info - get params:{}
[2021-08-31T22:53:02.836] [INFO] info - post params:{}
[2021-08-31T22:54:01.476] [INFO] info - get params:{"state":"1","pageNum":"1","pageSize":"10"}
[2021-08-31T22:54:01.476] [INFO] info - post params:{}
[2021-08-31T22:54:01.485] [INFO] info - get params:{}
[2021-08-31T22:54:01.485] [INFO] info - post params:{}
[2021-08-31T22:54:23.830] [INFO] info - get params:{"state":"1","pageNum":"1","pageSize":"10"}
[2021-08-31T22:54:23.830] [INFO] info - post params:{}
[2021-08-31T22:54:23.835] [INFO] info - get params:{}
[2021-08-31T22:54:23.835] [INFO] info - post params:{}
[2021-08-31T22:56:55.918] [INFO] info - get params:{"state":"1","pageNum":"1","pageSize":"10"}
[2021-08-31T22:56:55.920] [INFO] info - post params:{}
[2021-08-31T22:56:55.992] [INFO] info - get params:{}
[2021-08-31T22:56:55.992] [INFO] info - post params:{}
[2021-08-31T23:00:33.600] [INFO] info - get params:{}
[2021-08-31T23:00:33.601] [INFO] info - post params:{"userName":"admin","userPwd":"admin"}
[2021-08-31T23:00:33.731] [INFO] info - get params:{}
[2021-08-31T23:00:33.731] [INFO] info - post params:{}
[2021-08-31T23:09:11.980] [INFO] info - get params:{"state":"1","pageNum":"1","pageSize":"10"}
[2021-08-31T23:09:11.982] [INFO] info - post params:{}
[2021-08-31T23:09:46.128] [INFO] info - get params:{"state":"1","pageNum":"1","pageSize":"10"}
[2021-08-31T23:09:46.129] [INFO] info - post params:{}
[2021-08-31T23:09:46.131] [INFO] info - get params:{}
[2021-08-31T23:09:46.131] [INFO] info - post params:{}
[2021-08-31T23:09:55.379] [INFO] info - get params:{"state":"1","pageNum":"1","pageSize":"10"}
[2021-08-31T23:09:55.379] [INFO] info - post params:{}
[2021-08-31T23:09:55.383] [INFO] info - get params:{}
[2021-08-31T23:09:55.383] [INFO] info - post params:{}
[2021-08-31T23:30:00.081] [INFO] info - get params:{}
[2021-08-31T23:30:00.081] [INFO] info - post params:{}
[2021-08-31T23:30:37.245] [INFO] info - get params:{}
[2021-08-31T23:30:37.245] [INFO] info - post params:{}
[2021-08-31T23:30:59.001] [INFO] info - get params:{}
[2021-08-31T23:30:59.001] [INFO] info - post params:{}
[2021-08-31T23:41:17.404] [INFO] info - get params:{}
[2021-08-31T23:41:17.404] [INFO] info - post params:{}
[2021-08-31T23:43:55.743] [INFO] info - get params:{}
[2021-08-31T23:43:55.743] [INFO] info - post params:{}
[2021-09-04T22:49:20.145] [INFO] info - **数据库连接成功**
[2021-09-04T22:49:30.639] [INFO] info - get params:{}
[2021-09-04T22:49:30.641] [INFO] info - post params:{}
[2021-09-04T22:49:39.317] [INFO] info - get params:{}
[2021-09-04T22:49:39.317] [INFO] info - post params:{"userName":"admin","userPwd":"admin"}
[2021-09-04T22:49:39.411] [INFO] info - get params:{}
[2021-09-04T22:49:39.413] [INFO] info - post params:{}
[2021-09-04T22:54:08.529] [INFO] info - get params:{}
[2021-09-04T22:54:08.529] [INFO] info - post params:{}
[2021-09-04T23:03:40.538] [INFO] info - get params:{}
[2021-09-04T23:03:40.539] [INFO] info - post params:{}
[2021-09-04T23:03:41.889] [INFO] info - get params:{}
[2021-09-04T23:03:41.889] [INFO] info - post params:{}
[2021-09-04T23:04:54.345] [INFO] info - get params:{}
[2021-09-04T23:04:54.345] [INFO] info - post params:{}
[2021-09-04T23:05:14.064] [INFO] info - get params:{}
[2021-09-04T23:05:14.064] [INFO] info - post params:{}
[2021-09-04T23:06:50.249] [INFO] info - get params:{}
[2021-09-04T23:06:50.249] [INFO] info - post params:{}
[2021-09-04T23:06:51.192] [INFO] info - get params:{}
[2021-09-04T23:06:51.192] [INFO] info - post params:{}
[2021-09-04T23:06:52.988] [INFO] info - get params:{}
[2021-09-04T23:06:52.988] [INFO] info - post params:{}
[2021-09-04T23:06:57.124] [INFO] info - get params:{}
[2021-09-04T23:06:57.124] [INFO] info - post params:{}
[2021-09-04T23:07:01.743] [INFO] info - get params:{}
[2021-09-04T23:07:01.743] [INFO] info - post params:{}
[2021-09-04T23:07:25.699] [INFO] info - get params:{}
[2021-09-04T23:07:25.699] [INFO] info - post params:{}
[2021-09-04T23:07:55.906] [INFO] info - get params:{}
[2021-09-04T23:07:55.906] [INFO] info - post params:{}
[2021-09-04T23:08:24.212] [INFO] info - get params:{}
[2021-09-04T23:08:24.212] [INFO] info - post params:{}
[2021-09-04T23:12:40.009] [INFO] info - get params:{}
[2021-09-04T23:12:40.009] [INFO] info - post params:{}
[2021-09-04T23:12:40.032] [INFO] info - get params:{}
[2021-09-04T23:12:40.033] [INFO] info - post params:{}
[2021-09-04T23:15:51.114] [INFO] info - get params:{}
[2021-09-04T23:15:51.114] [INFO] info - post params:{}
[2021-09-04T23:16:05.047] [INFO] info - get params:{}
[2021-09-04T23:16:05.047] [INFO] info - post params:{}
[2021-09-04T23:19:26.535] [INFO] info - get params:{}
[2021-09-04T23:19:26.535] [INFO] info - post params:{}
[2021-09-04T23:19:49.061] [INFO] info - get params:{}
[2021-09-04T23:19:49.061] [INFO] info - post params:{}
[2021-09-04T23:19:49.062] [INFO] info - get params:{}
[2021-09-04T23:19:49.062] [INFO] info - post params:{}
[2021-09-04T23:22:17.634] [INFO] info - get params:{}
[2021-09-04T23:22:17.634] [INFO] info - post params:{}
[2021-09-04T23:22:17.642] [INFO] info - get params:{}
[2021-09-04T23:22:17.642] [INFO] info - post params:{}
[2021-09-04T23:29:48.381] [INFO] info - get params:{}
[2021-09-04T23:29:48.381] [INFO] info - post params:{}
[2021-09-04T23:29:48.384] [INFO] info - get params:{}
[2021-09-04T23:29:48.385] [INFO] info - post params:{}
[2021-09-04T23:32:15.090] [INFO] info - get params:{}
[2021-09-04T23:32:15.090] [INFO] info - post params:{}
[2021-09-04T23:32:15.093] [INFO] info - get params:{}
[2021-09-04T23:32:15.093] [INFO] info - post params:{}
[2021-09-04T23:35:18.150] [INFO] info - get params:{}
[2021-09-04T23:35:18.150] [INFO] info - post params:{}
[2021-09-04T23:38:58.443] [INFO] info - get params:{}
[2021-09-04T23:38:58.443] [INFO] info - post params:{}
[2021-09-04T23:40:27.860] [INFO] info - get params:{}
[2021-09-04T23:40:27.861] [INFO] info - post params:{}
[2021-09-04T23:41:35.396] [INFO] info - get params:{}
[2021-09-04T23:41:35.397] [INFO] info - post params:{}
[2021-09-04T23:41:35.398] [INFO] info - get params:{}
[2021-09-04T23:41:35.398] [INFO] info - post params:{}
[2021-09-05T09:11:22.355] [INFO] info - get params:{}
[2021-09-05T09:11:22.355] [INFO] info - post params:{}
[2021-09-05T09:11:22.365] [INFO] info - get params:{}
[2021-09-05T09:11:22.365] [INFO] info - post params:{}
[2021-09-05T09:11:29.301] [INFO] info - get params:{}
[2021-09-05T09:11:29.301] [INFO] info - post params:{"userName":"admin","userPwd":"admin"}
[2021-09-05T09:11:29.459] [INFO] info - get params:{}
[2021-09-05T09:11:29.460] [INFO] info - post params:{}
[2021-09-05T09:11:33.995] [INFO] info - get params:{}
[2021-09-05T09:11:33.995] [INFO] info - post params:{}
[2021-09-05T09:13:31.413] [INFO] info - get params:{}
[2021-09-05T09:13:31.414] [INFO] info - post params:{}
[2021-09-05T09:13:53.845] [INFO] info - get params:{}
[2021-09-05T09:13:53.845] [INFO] info - post params:{}
[2021-09-05T09:14:17.047] [INFO] info - get params:{}
[2021-09-05T09:14:17.047] [INFO] info - post params:{}
[2021-09-05T09:19:14.451] [INFO] info - get params:{}
[2021-09-05T09:19:14.451] [INFO] info - post params:{}
[2021-09-05T09:19:14.453] [INFO] info - get params:{}
[2021-09-05T09:19:14.455] [INFO] info - post params:{}
[2021-09-05T09:19:29.118] [INFO] info - get params:{}
[2021-09-05T09:19:29.118] [INFO] info - post params:{}
[2021-09-05T09:19:29.131] [INFO] info - get params:{}
[2021-09-05T09:19:29.131] [INFO] info - post params:{}
[2021-09-05T09:20:02.425] [INFO] info - get params:{}
[2021-09-05T09:20:02.425] [INFO] info - post params:{}
[2021-09-05T09:20:02.427] [INFO] info - get params:{}
[2021-09-05T09:20:02.427] [INFO] info - post params:{}
[2021-09-05T09:27:18.626] [INFO] info - get params:{}
[2021-09-05T09:27:18.626] [INFO] info - post params:{}
[2021-09-05T09:27:18.631] [INFO] info - get params:{}
[2021-09-05T09:27:18.631] [INFO] info - post params:{}
[2021-09-05T09:29:48.215] [INFO] info - get params:{"menuState":"1"}
[2021-09-05T09:29:48.215] [INFO] info - post params:{}
[2021-09-05T09:30:27.641] [INFO] info - get params:{}
[2021-09-05T09:30:27.642] [INFO] info - post params:{"parentId":["61212795635dd73e0d524f44","612133293782b541c7acaf65"],"menuType":2,"menuState":1,"menuName":"查看","action":"add"}
[2021-09-05T09:30:27.729] [INFO] info - get params:{"menuState":"1"}
[2021-09-05T09:30:27.729] [INFO] info - post params:{}
[2021-09-05T09:30:33.701] [INFO] info - get params:{}
[2021-09-05T09:30:33.702] [INFO] info - post params:{}
[2021-09-05T09:30:55.895] [INFO] info - get params:{"menuState":"1"}
[2021-09-05T09:30:55.896] [INFO] info - post params:{}
[2021-09-05T09:31:14.843] [INFO] info - get params:{}
[2021-09-05T09:31:14.843] [INFO] info - post params:{"parentId":["61212795635dd73e0d524f44","612133293782b541c7acaf65"],"menuType":2,"menuState":1,"createTime":"2021-09-04T14:49:20.097Z","updateTime":"2021-09-04T14:49:20.097Z","_id":"61341db34f7bf05be50ac06f","menuName":"查看","__v":0,"menuCode":"menu_query","action":"edit"}
[2021-09-05T09:31:14.944] [INFO] info - get params:{"menuState":"1"}
[2021-09-05T09:31:14.945] [INFO] info - post params:{}
[2021-09-05T09:31:16.681] [INFO] info - get params:{}
[2021-09-05T09:31:16.681] [INFO] info - post params:{}
[2021-09-05T09:37:43.704] [INFO] info - get params:{}
[2021-09-05T09:37:43.704] [INFO] info - post params:{}
[2021-09-05T09:38:17.212] [INFO] info - get params:{}
[2021-09-05T09:38:17.212] [INFO] info - post params:{}
[2021-09-05T09:41:07.314] [INFO] info - get params:{}
[2021-09-05T09:41:07.314] [INFO] info - post params:{}
[2021-09-05T09:41:20.332] [INFO] info - get params:{}
[2021-09-05T09:41:20.333] [INFO] info - post params:{}
[2021-09-05T09:41:38.352] [INFO] info - get params:{}
[2021-09-05T09:41:38.353] [INFO] info - post params:{}
[2021-09-05T09:41:41.237] [INFO] info - get params:{}
[2021-09-05T09:41:41.237] [INFO] info - post params:{}
[2021-09-05T09:42:45.323] [INFO] info - get params:{}
[2021-09-05T09:42:45.323] [INFO] info - post params:{}
[2021-09-05T09:51:24.739] [INFO] info - get params:{}
[2021-09-05T09:51:24.739] [INFO] info - post params:{}
[2021-09-05T09:51:24.745] [INFO] info - get params:{}
[2021-09-05T09:51:24.745] [INFO] info - post params:{}
[2021-09-05T09:54:47.264] [INFO] info - get params:{}
[2021-09-05T09:54:47.264] [INFO] info - post params:{}
[2021-09-05T09:54:47.298] [INFO] info - get params:{}
[2021-09-05T09:54:47.299] [INFO] info - post params:{}
[2021-09-05T09:54:53.576] [INFO] info - get params:{}
[2021-09-05T09:54:53.576] [INFO] info - post params:{}
[2021-09-05T09:54:53.579] [INFO] info - get params:{}
[2021-09-05T09:54:53.579] [INFO] info - post params:{}
[2021-09-05T09:57:18.728] [INFO] info - get params:{}
[2021-09-05T09:57:18.728] [INFO] info - post params:{}
[2021-09-05T09:57:18.729] [INFO] info - get params:{}
[2021-09-05T09:57:18.730] [INFO] info - post params:{}
[2021-09-05T09:58:35.367] [INFO] info - get params:{}
[2021-09-05T09:58:35.368] [INFO] info - post params:{}
[2021-09-05T10:03:24.864] [INFO] info - get params:{}
[2021-09-05T10:03:24.864] [INFO] info - post params:{}
[2021-09-05T10:03:24.882] [INFO] info - get params:{}
[2021-09-05T10:03:24.882] [INFO] info - post params:{}
[2021-09-05T10:08:20.800] [INFO] info - **数据库连接成功**
[2021-09-05T10:08:23.517] [INFO] info - get params:{}
[2021-09-05T10:08:23.518] [INFO] info - post params:{}
[2021-09-05T10:08:23.532] [INFO] info - get params:{}
[2021-09-05T10:08:23.533] [INFO] info - post params:{}
[2021-09-05T10:08:37.581] [INFO] info - get params:{"state":"1","pageNum":"1","pageSize":"10"}
[2021-09-05T10:08:37.582] [INFO] info - post params:{}
[2021-09-05T10:08:54.206] [INFO] info - get params:{"menuState":"1"}
[2021-09-05T10:08:54.206] [INFO] info - post params:{}
[2021-09-05T10:08:55.445] [INFO] info - get params:{"state":"1","pageNum":"1","pageSize":"10"}
[2021-09-05T10:08:55.446] [INFO] info - post params:{}
[2021-09-05T10:09:04.936] [INFO] info - get params:{"menuState":"1"}
[2021-09-05T10:09:04.936] [INFO] info - post params:{}
[2021-09-05T10:09:16.204] [INFO] info - get params:{}
[2021-09-05T10:09:16.204] [INFO] info - post params:{}
[2021-09-05T10:12:59.320] [INFO] info - get params:{}
[2021-09-05T10:12:59.321] [INFO] info - post params:{}
[2021-09-05T10:13:12.240] [INFO] info - get params:{}
[2021-09-05T10:13:12.240] [INFO] info - post params:{"userName":"admin","userPwd":"admin"}
[2021-09-05T10:13:12.335] [INFO] info - get params:{}
[2021-09-05T10:13:12.336] [INFO] info - post params:{}
[2021-09-05T10:13:15.507] [INFO] info - get params:{}
[2021-09-05T10:13:15.509] [INFO] info - post params:{}
[2021-09-05T10:13:17.210] [INFO] info - get params:{}
[2021-09-05T10:13:17.210] [INFO] info - post params:{}
[2021-09-05T10:17:59.382] [INFO] info - get params:{"state":"1","pageNum":"1","pageSize":"10"}
[2021-09-05T10:17:59.382] [INFO] info - post params:{}
[2021-09-05T10:18:10.272] [INFO] info - get params:{"state":"1","pageNum":"1","pageSize":"10","total":"2"}
[2021-09-05T10:18:10.272] [INFO] info - post params:{}
[2021-09-05T10:20:31.860] [INFO] info - get params:{"state":"1","pageNum":"1","pageSize":"10"}
[2021-09-05T10:20:31.860] [INFO] info - post params:{}
[2021-09-05T10:20:31.876] [INFO] info - get params:{}
[2021-09-05T10:20:31.877] [INFO] info - post params:{}
[2021-09-05T10:20:48.985] [INFO] info - get params:{}
[2021-09-05T10:20:48.985] [INFO] info - post params:{}
[2021-09-05T10:20:50.798] [INFO] info - get params:{"state":"1","pageNum":"1","pageSize":"10"}
[2021-09-05T10:20:50.798] [INFO] info - post params:{}
[2021-09-05T10:21:56.762] [INFO] info - get params:{"state":"1","pageNum":"1","pageSize":"10"}
[2021-09-05T10:21:56.762] [INFO] info - post params:{}
[2021-09-05T10:22:26.129] [INFO] info - get params:{"state":"1","pageNum":"1","pageSize":"10"}
[2021-09-05T10:22:26.129] [INFO] info - post params:{}
[2021-09-05T10:22:26.140] [INFO] info - get params:{}
[2021-09-05T10:22:26.140] [INFO] info - post params:{}
[2021-09-05T10:22:53.118] [INFO] info - get params:{"state":"1","pageNum":"1","pageSize":"10"}
[2021-09-05T10:22:53.118] [INFO] info - post params:{}
[2021-09-05T10:23:33.365] [INFO] info - get params:{"menuState":"1"}
[2021-09-05T10:23:33.366] [INFO] info - post params:{}
[2021-09-05T10:23:47.529] [INFO] info - get params:{}
[2021-09-05T10:23:47.529] [INFO] info - post params:{}
[2021-09-05T10:24:53.621] [INFO] info - get params:{}
[2021-09-05T10:24:53.621] [INFO] info - post params:{}
[2021-09-05T10:24:53.622] [INFO] info - get params:{}
[2021-09-05T10:24:53.622] [INFO] info - post params:{}
[2021-09-05T10:25:01.487] [INFO] info - get params:{}
[2021-09-05T10:25:01.487] [INFO] info - post params:{}
[2021-09-05T10:25:32.054] [INFO] info - get params:{"menuState":"1"}
[2021-09-05T10:25:32.054] [INFO] info - post params:{}
[2021-09-05T10:26:02.038] [INFO] info - get params:{"state":"1","pageNum":"1","pageSize":"10"}
[2021-09-05T10:26:02.038] [INFO] info - post params:{}
[2021-09-05T10:26:05.052] [INFO] info - get params:{}
[2021-09-05T10:26:05.052] [INFO] info - post params:{}
[2021-09-05T10:26:05.490] [INFO] info - get params:{"menuState":"1"}
[2021-09-05T10:26:05.490] [INFO] info - post params:{}
[2021-09-05T10:26:16.513] [INFO] info - get params:{}
[2021-09-05T10:26:16.513] [INFO] info - post params:{"_id":"612127b6635dd73e0d524f47","action":"delete"}
[2021-09-05T10:26:16.553] [INFO] info - get params:{"menuState":"1"}
[2021-09-05T10:26:16.554] [INFO] info - post params:{}
[2021-09-05T10:26:31.567] [INFO] info - get params:{}
[2021-09-05T10:26:31.568] [INFO] info - post params:{"parentId":["61212795635dd73e0d524f44"],"menuType":1,"menuState":1,"createTime":"2021-08-21T16:13:52.959Z","updateTime":"2021-08-21T16:13:52.959Z","_id":"612127b6635dd73e0d524f47","menuName":"用户管理","path":"/system/user","__v":0,"action":"add"}
[2021-09-05T10:26:31.648] [INFO] info - get params:{"menuState":"1"}
[2021-09-05T10:26:31.648] [INFO] info - post params:{}
[2021-09-05T10:26:34.666] [INFO] info - get params:{"menuState":"1"}
[2021-09-05T10:26:34.666] [INFO] info - post params:{}
[2021-09-05T10:26:34.668] [INFO] info - get params:{}
[2021-09-05T10:26:34.668] [INFO] info - post params:{}
[2021-09-05T10:26:39.233] [INFO] info - get params:{}
[2021-09-05T10:26:39.233] [INFO] info - post params:{}
[2021-09-05T10:26:41.337] [INFO] info - get params:{"state":"1","pageNum":"1","pageSize":"10"}
[2021-09-05T10:26:41.337] [INFO] info - post params:{}
[2021-09-05T10:26:42.334] [INFO] info - get params:{}
[2021-09-05T10:26:42.335] [INFO] info - post params:{}
[2021-09-05T10:26:59.618] [INFO] info - get params:{}
[2021-09-05T10:26:59.618] [INFO] info - post params:{}
[2021-09-05T10:26:59.620] [INFO] info - get params:{}
[2021-09-05T10:26:59.620] [INFO] info - post params:{}
[2021-09-05T10:37:43.035] [INFO] info - **数据库连接成功**
[2021-09-05T10:37:45.684] [INFO] info - get params:{}
[2021-09-05T10:37:45.684] [INFO] info - post params:{}
[2021-09-05T10:37:45.719] [INFO] info - get params:{}
[2021-09-05T10:37:45.719] [INFO] info - post params:{}
[2021-09-05T10:38:34.374] [INFO] info - **数据库连接成功**
[2021-09-05T10:40:37.457] [INFO] info - **数据库连接成功**
[2021-09-05T10:40:41.420] [INFO] info - get params:{}
[2021-09-05T10:40:41.421] [INFO] info - post params:{}
[2021-09-05T10:40:41.463] [INFO] info - get params:{}
[2021-09-05T10:40:41.463] [INFO] info - post params:{}
[2021-09-05T10:41:10.082] [INFO] info - **数据库连接成功**
[2021-09-05T10:44:19.300] [INFO] info - get params:{}
[2021-09-05T10:44:19.301] [INFO] info - post params:{}
[2021-09-05T10:44:22.604] [INFO] info - get params:{}
[2021-09-05T10:44:22.604] [INFO] info - post params:{}
[2021-09-05T10:44:22.606] [INFO] info - get params:{}
[2021-09-05T10:44:22.606] [INFO] info - post params:{}
[2021-09-05T10:44:43.088] [INFO] info - get params:{}
[2021-09-05T10:44:43.088] [INFO] info - post params:{}
[2021-09-05T10:44:43.105] [INFO] info - get params:{}
[2021-09-05T10:44:43.105] [INFO] info - post params:{}
[2021-09-05T10:45:59.240] [INFO] info - get params:{}
[2021-09-05T10:45:59.240] [INFO] info - post params:{}
[2021-09-05T10:48:46.811] [INFO] info - get params:{"menuState":"1"}
[2021-09-05T10:48:46.811] [INFO] info - post params:{}
[2021-09-05T10:49:12.378] [INFO] info - get params:{}
[2021-09-05T10:49:12.378] [INFO] info - post params:{"parentId":["61212795635dd73e0d524f44","612e351abfe6b94cc3ac50b0"],"menuType":2,"menuState":1,"createTime":"2021-08-31T13:53:06.544Z","updateTime":"2021-08-31T13:53:06.544Z","_id":"612e351abfe6b94cc3ac50b0","menuName":"查看","path":"/system/role","__v":0,"menuCode":"user_query","action":"add"}
[2021-09-05T10:49:12.462] [INFO] info - get params:{"menuState":"1"}
[2021-09-05T10:49:12.462] [INFO] info - post params:{}
[2021-09-05T10:49:14.315] [INFO] info - get params:{"state":"1","pageNum":"1","pageSize":"10"}
[2021-09-05T10:49:14.315] [INFO] info - post params:{}
[2021-09-05T10:49:15.478] [INFO] info - get params:{}
[2021-09-05T10:49:15.478] [INFO] info - post params:{}
[2021-09-05T10:59:47.212] [INFO] info - get params:{}
[2021-09-05T10:59:47.213] [INFO] info - post params:{}
[2021-09-05T10:59:47.218] [INFO] info - get params:{}
[2021-09-05T10:59:47.218] [INFO] info - post params:{}
[2021-09-05T11:51:34.358] [INFO] info - get params:{}
[2021-09-05T11:51:34.358] [INFO] info - post params:{}
[2021-09-05T11:51:34.363] [INFO] info - get params:{}
[2021-09-05T11:51:34.364] [INFO] info - post params:{}
[2021-09-05T20:56:20.811] [INFO] info - get params:{}
[2021-09-05T20:56:20.813] [INFO] info - post params:{}
[2021-09-05T20:56:20.817] [INFO] info - get params:{}
[2021-09-05T20:56:20.817] [INFO] info - post params:{}
[2021-09-05T20:56:26.737] [INFO] info - get params:{}
[2021-09-05T20:56:26.737] [INFO] info - post params:{}
[2021-09-05T20:56:26.742] [INFO] info - get params:{}
[2021-09-05T20:56:26.742] [INFO] info - post params:{}
[2021-09-05T20:57:52.421] [INFO] info - **数据库连接成功**
[2021-09-05T20:58:23.195] [INFO] info - **数据库连接成功**
[2021-09-05T21:03:42.385] [INFO] info - **数据库连接成功**
[2021-09-05T21:03:48.181] [INFO] info - **数据库连接成功**
[2021-09-05T21:04:11.507] [INFO] info - **数据库连接成功**
[2021-09-05T21:05:43.477] [INFO] info - **数据库连接成功**
[2021-09-05T21:05:47.471] [INFO] info - **数据库连接成功**
[2021-09-05T21:13:32.623] [INFO] info - **数据库连接成功**
[2021-09-05T21:13:35.109] [INFO] info - get params:{}
[2021-09-05T21:13:35.110] [INFO] info - post params:{"userName":"admin","userPwd":"admin"}
[2021-09-05T21:13:35.251] [INFO] info - get params:{}
[2021-09-05T21:13:35.251] [INFO] info - post params:{}
[2021-09-05T21:13:38.928] [INFO] info - get params:{}
[2021-09-05T21:13:38.928] [INFO] info - post params:{}
[2021-09-05T21:14:48.684] [INFO] info - **数据库连接成功**
[2021-09-05T21:16:14.960] [INFO] info - get params:{}
[2021-09-05T21:16:14.961] [INFO] info - post params:{}
[2021-09-05T21:16:40.146] [INFO] info - get params:{}
[2021-09-05T21:16:40.150] [INFO] info - post params:{}
[2021-09-05T22:23:28.742] [INFO] info - **数据库连接成功**
[2021-09-05T22:26:19.454] [INFO] info - get params:{}
[2021-09-05T22:26:19.455] [INFO] info - post params:{}
[2021-09-05T22:27:23.663] [INFO] info - get params:{}
[2021-09-05T22:27:23.663] [INFO] info - post params:{}
[2021-09-05T22:27:23.668] [INFO] info - get params:{}
[2021-09-05T22:27:23.668] [INFO] info - post params:{}
[2021-09-05T22:27:32.782] [INFO] info - get params:{}
[2021-09-05T22:27:32.782] [INFO] info - post params:{}
[2021-09-05T22:27:32.783] [INFO] info - get params:{}
[2021-09-05T22:27:32.783] [INFO] info - post params:{}
[2021-09-05T22:29:11.162] [INFO] info - **数据库连接成功**
[2021-09-05T22:50:16.936] [INFO] info - **数据库连接成功**
[2021-09-05T22:51:07.814] [INFO] info - **数据库连接成功**
[2021-09-05T22:52:06.759] [INFO] info - **数据库连接成功**
[2021-09-05T22:52:20.223] [INFO] info - **数据库连接成功**
[2021-09-05T22:52:32.587] [INFO] info - **数据库连接成功**
[2021-09-05T22:53:38.321] [INFO] info - **数据库连接成功**
[2021-09-05T22:54:11.242] [INFO] info - **数据库连接成功**
[2021-09-05T22:58:23.549] [INFO] info - get params:{}
[2021-09-05T22:58:23.549] [INFO] info - post params:{}
[2021-09-05T22:58:23.564] [INFO] info - get params:{}
[2021-09-05T22:58:23.564] [INFO] info - post params:{}
[2021-09-05T22:58:27.444] [INFO] info - get params:{}
[2021-09-05T22:58:27.444] [INFO] info - post params:{}
[2021-09-05T22:58:27.447] [INFO] info - get params:{}
[2021-09-05T22:58:27.447] [INFO] info - post params:{}
[2021-09-05T22:58:38.306] [INFO] info - get params:{}
[2021-09-05T22:58:38.306] [INFO] info - post params:{"userName":"admin","userPwd":"admin"}
[2021-09-05T22:58:38.401] [INFO] info - get params:{}
[2021-09-05T22:58:38.401] [INFO] info - post params:{}
[2021-09-05T22:58:45.640] [INFO] info - get params:{}
[2021-09-05T22:58:45.640] [INFO] info - post params:{}
[2021-09-05T22:59:01.646] [INFO] info - get params:{}
[2021-09-05T22:59:01.646] [INFO] info - post params:{"roleName":"产品经理","remark":"产品经理","action":"create"}
[2021-09-05T23:02:22.247] [INFO] info - **数据库连接成功**
[2021-09-05T23:02:25.800] [INFO] info - **数据库连接成功**
[2021-09-05T23:03:41.807] [INFO] info - get params:{}
[2021-09-05T23:03:41.809] [INFO] info - post params:{}
[2021-09-05T23:03:45.342] [INFO] info - get params:{}
[2021-09-05T23:03:45.342] [INFO] info - post params:{}
[2021-09-05T23:04:01.362] [INFO] info - get params:{}
[2021-09-05T23:04:01.362] [INFO] info - post params:{}
[2021-09-05T23:04:43.183] [INFO] info - get params:{}
[2021-09-05T23:04:43.183] [INFO] info - post params:{}
[2021-09-05T23:04:43.185] [INFO] info - get params:{}
[2021-09-05T23:04:43.185] [INFO] info - post params:{}
[2021-09-05T23:04:55.458] [INFO] info - get params:{}
[2021-09-05T23:04:55.458] [INFO] info - post params:{"_id":"60150cb764de99631b2c3cd3","action":"delete"}
[2021-09-05T23:04:56.140] [INFO] info - get params:{}
[2021-09-05T23:04:56.140] [INFO] info - post params:{"_id":"60180b07b1eaed6c45fbebdb","action":"delete"}
[2021-09-05T23:04:56.835] [INFO] info - get params:{}
[2021-09-05T23:04:56.835] [INFO] info - post params:{"_id":"60180b07b1eaed6c45fbebdb","action":"delete"}
[2021-09-05T23:05:00.886] [INFO] info - get params:{}
[2021-09-05T23:05:00.887] [INFO] info - post params:{}
[2021-09-05T23:05:00.900] [INFO] info - get params:{}
[2021-09-05T23:05:00.900] [INFO] info - post params:{}
[2021-09-05T23:05:14.447] [INFO] info - get params:{}
[2021-09-05T23:05:14.447] [INFO] info - post params:{"roleName":"产品经理","remark":"啊啊啊、","action":"create"}
[2021-09-05T23:09:11.386] [INFO] info - get params:{}
[2021-09-05T23:09:11.386] [INFO] info - post params:{"roleName":"dsgds","remark":"sdfds","action":"create"}
[2021-09-05T23:10:05.795] [INFO] info - get params:{"roleName":"","total":"0","pageSize":"10"}
[2021-09-05T23:10:05.795] [INFO] info - post params:{}
[2021-09-05T23:10:05.800] [INFO] info - get params:{}
[2021-09-05T23:10:05.800] [INFO] info - post params:{}
[2021-09-05T23:10:05.813] [INFO] info - get params:{}
[2021-09-05T23:10:05.814] [INFO] info - post params:{}
[2021-09-05T23:10:48.648] [INFO] info - get params:{"roleName":"","total":"0","pageSize":"10"}
[2021-09-05T23:10:48.648] [INFO] info - post params:{}
[2021-09-05T23:10:48.658] [INFO] info - get params:{}
[2021-09-05T23:10:48.658] [INFO] info - post params:{}
[2021-09-05T23:11:34.336] [INFO] info - get params:{}
[2021-09-05T23:11:34.336] [INFO] info - post params:{}
[2021-09-05T23:11:34.348] [INFO] info - get params:{"roleName":"","total":"0","pageSize":"10"}
[2021-09-05T23:11:34.349] [INFO] info - post params:{}
[2021-09-05T23:14:17.616] [INFO] info - get params:{}
[2021-09-05T23:14:17.616] [INFO] info - post params:{"_id":"6134db35a91ebd6d795ebaeb","action":"delete"}
[2021-09-05T23:14:17.635] [INFO] info - get params:{"roleName":"","total":"3","pageSize":"10"}
[2021-09-05T23:14:17.636] [INFO] info - post params:{}
[2021-09-05T23:14:18.507] [INFO] info - get params:{}
[2021-09-05T23:14:18.508] [INFO] info - post params:{"_id":"6134dcaaa14b136dd4107067","action":"delete"}
[2021-09-05T23:14:18.524] [INFO] info - get params:{"roleName":"","total":"2","pageSize":"10"}
[2021-09-05T23:14:18.524] [INFO] info - post params:{}
[2021-09-05T23:14:19.440] [INFO] info - get params:{}
[2021-09-05T23:14:19.440] [INFO] info - post params:{"_id":"6134dd97a14b136dd4107069","action":"delete"}
[2021-09-05T23:14:19.459] [INFO] info - get params:{"roleName":"","total":"1","pageSize":"10"}
[2021-09-05T23:14:19.459] [INFO] info - post params:{}
[2021-09-05T23:23:41.031] [INFO] info - **数据库连接成功**
[2021-09-05T23:24:02.606] [INFO] info - get params:{"roleName":"","total":"0","pageSize":"10"}
[2021-09-05T23:24:02.606] [INFO] info - post params:{}
[2021-09-05T23:24:02.616] [INFO] info - get params:{}
[2021-09-05T23:24:02.616] [INFO] info - post params:{}
[2021-09-05T23:24:02.618] [INFO] info - get params:{}
[2021-09-05T23:24:02.618] [INFO] info - post params:{}
[2021-09-05T23:24:58.120] [INFO] info - get params:{}
[2021-09-05T23:24:58.120] [INFO] info - post params:{"roleName":"产品经理","remark":"产品经理","action":"create"}
[2021-09-05T23:24:58.172] [INFO] info - get params:{"roleName":"","total":"0","pageSize":"10"}
[2021-09-05T23:24:58.172] [INFO] info - post params:{}
[2021-09-05T23:25:05.208] [INFO] info - get params:{}
[2021-09-05T23:25:05.208] [INFO] info - post params:{"_id":"6134e14a593c3d6f2766a0dc","permissionList":{"checkedKeys":["61341db34f7bf05be50ac06f","61343028992bf365a35fc1fc","61342ad7363e4f640a101eea"],"halfCheckedKeys":["61212795635dd73e0d524f44","612133293782b541c7acaf65","612e351abfe6b94cc3ac50b0"]}}
[2021-09-05T23:25:05.260] [INFO] info - get params:{"roleName":"","total":"1","pageSize":"10"}
[2021-09-05T23:25:05.260] [INFO] info - post params:{}
[2021-09-05T23:25:27.126] [INFO] info - get params:{}
[2021-09-05T23:25:27.126] [INFO] info - post params:{"_id":"6134e14a593c3d6f2766a0dc","permissionList":{"checkedKeys":["61341db34f7bf05be50ac06f","61342ad7363e4f640a101eea"],"halfCheckedKeys":["612133293782b541c7acaf65","61212795635dd73e0d524f44"]}}
[2021-09-05T23:25:27.168] [INFO] info - get params:{"roleName":"","total":"1","pageSize":"10"}
[2021-09-05T23:25:27.168] [INFO] info - post params:{}
[2021-09-05T23:27:01.242] [INFO] info - get params:{"roleName":"","total":"0","pageSize":"10"}
[2021-09-05T23:27:01.242] [INFO] info - post params:{}
[2021-09-05T23:27:01.243] [INFO] info - get params:{}
[2021-09-05T23:27:01.243] [INFO] info - post params:{}
[2021-09-05T23:27:08.980] [INFO] info - get params:{"roleName":"","total":"0","pageSize":"10"}
[2021-09-05T23:27:08.981] [INFO] info - post params:{}
[2021-09-05T23:27:08.985] [INFO] info - get params:{}
[2021-09-05T23:27:08.985] [INFO] info - post params:{}
[2021-09-05T23:27:17.689] [INFO] info - get params:{"roleName":"","total":"0","pageSize":"10"}
[2021-09-05T23:27:17.689] [INFO] info - post params:{}
[2021-09-05T23:27:17.693] [INFO] info - get params:{}
[2021-09-05T23:27:17.693] [INFO] info - post params:{}
[2021-09-05T23:27:17.698] [INFO] info - get params:{}
[2021-09-05T23:27:17.698] [INFO] info - post params:{}
[2021-09-05T23:27:31.013] [INFO] info - get params:{"roleName":"","total":"0","pageSize":"10"}
[2021-09-05T23:27:31.013] [INFO] info - post params:{}
[2021-09-05T23:27:31.014] [INFO] info - get params:{}
[2021-09-05T23:27:31.014] [INFO] info - post params:{}
[2021-09-05T23:27:52.978] [INFO] info - get params:{"roleName":"","total":"0","pageSize":"10"}
[2021-09-05T23:27:52.978] [INFO] info - post params:{}
[2021-09-05T23:27:52.983] [INFO] info - get params:{}
[2021-09-05T23:27:52.983] [INFO] info - post params:{}
[2021-09-05T23:27:52.984] [INFO] info - get params:{}
[2021-09-05T23:27:52.984] [INFO] info - post params:{}
[2021-09-05T23:27:58.210] [INFO] info - get params:{"roleName":"","total":"1","pageSize":"10"}
[2021-09-05T23:27:58.210] [INFO] info - post params:{}
[2021-09-05T23:30:01.786] [INFO] info - get params:{"roleName":"","total":"0","pageNum":"1","pageSize":"10"}
[2021-09-05T23:30:01.786] [INFO] info - post params:{}
[2021-09-05T23:30:01.787] [INFO] info - get params:{}
[2021-09-05T23:30:01.787] [INFO] info - post params:{}
[2021-09-05T23:31:05.750] [INFO] info - get params:{}
[2021-09-05T23:31:05.750] [INFO] info - post params:{}
[2021-09-05T23:31:05.760] [INFO] info - get params:{"roleName":"","total":"0","pageNum":"1","pageSize":"10"}
[2021-09-05T23:31:05.760] [INFO] info - post params:{}
[2021-09-05T23:33:21.343] [INFO] info - get params:{"roleName":"","total":"0","pageNum":"1","pageSize":"10"}
[2021-09-05T23:33:21.344] [INFO] info - post params:{}
[2021-09-05T23:33:21.356] [INFO] info - get params:{}
[2021-09-05T23:33:21.356] [INFO] info - post params:{}
[2021-09-05T23:33:21.359] [INFO] info - get params:{}
[2021-09-05T23:33:21.359] [INFO] info - post params:{}
[2021-09-05T23:33:23.825] [INFO] info - get params:{}
[2021-09-05T23:33:23.825] [INFO] info - post params:{"_id":"6134e14a593c3d6f2766a0dc","action":"delete"}
[2021-09-05T23:33:23.849] [INFO] info - get params:{"roleName":"","total":"1","pageNum":"1","pageSize":"10"}
[2021-09-05T23:33:23.849] [INFO] info - post params:{}
[2021-09-05T23:33:34.300] [INFO] info - get params:{}
[2021-09-05T23:33:34.300] [INFO] info - post params:{"roleName":"aaa","remark":"aaa","action":"create"}
[2021-09-05T23:33:34.341] [INFO] info - get params:{"roleName":"","total":"0","pageNum":"1","pageSize":"10"}
[2021-09-05T23:33:34.341] [INFO] info - post params:{}
[2021-09-05T23:33:46.680] [INFO] info - get params:{}
[2021-09-05T23:33:46.680] [INFO] info - post params:{"_id":"6134e34e593c3d6f2766a106","permissionList":{"checkedKeys":["61341db34f7bf05be50ac06f","61342ad7363e4f640a101eea"],"halfCheckedKeys":["612133293782b541c7acaf65","61212795635dd73e0d524f44"]}}
[2021-09-05T23:33:46.714] [INFO] info - get params:{"roleName":"","total":"1","pageNum":"1","pageSize":"10"}
[2021-09-05T23:33:46.714] [INFO] info - post params:{}
[2021-09-05T23:36:17.124] [INFO] info - get params:{}
[2021-09-05T23:36:17.125] [INFO] info - post params:{"_id":"6134e34e593c3d6f2766a106","permissionList":{"checkedKeys":["61341db34f7bf05be50ac06f","61343028992bf365a35fc1fc","61342ad7363e4f640a101eea"],"halfCheckedKeys":["61212795635dd73e0d524f44","612133293782b541c7acaf65","612e351abfe6b94cc3ac50b0"]}}
[2021-09-05T23:36:17.172] [INFO] info - get params:{"roleName":"","total":"1","pageNum":"1","pageSize":"10"}
[2021-09-05T23:36:17.172] [INFO] info - post params:{}
[2021-09-05T23:39:06.720] [INFO] info - get params:{}
[2021-09-05T23:39:06.720] [INFO] info - post params:{}
[2021-09-05T23:39:06.722] [INFO] info - get params:{"roleName":"","total":"0","pageNum":"1","pageSize":"10"}
[2021-09-05T23:39:06.722] [INFO] info - post params:{}
[2021-09-05T23:39:11.327] [INFO] info - get params:{"roleName":"","total":"0","pageNum":"1","pageSize":"10"}
[2021-09-05T23:39:11.327] [INFO] info - post params:{}
[2021-09-05T23:39:11.330] [INFO] info - get params:{}
[2021-09-05T23:39:11.331] [INFO] info - post params:{}
[2021-09-05T23:39:11.349] [INFO] info - get params:{}
[2021-09-05T23:39:11.349] [INFO] info - post params:{}
[2021-09-05T23:39:17.917] [INFO] info - get params:{}
[2021-09-05T23:39:17.918] [INFO] info - post params:{"_id":"6134e34e593c3d6f2766a106","permissionList":{"checkedKeys":["61341db34f7bf05be50ac06f","61343028992bf365a35fc1fc","61342ad7363e4f640a101eea"],"halfCheckedKeys":["61212795635dd73e0d524f44","612133293782b541c7acaf65","612e351abfe6b94cc3ac50b0"]}}
[2021-09-05T23:39:17.960] [INFO] info - get params:{"roleName":"","total":"1","pageNum":"1","pageSize":"10"}
[2021-09-05T23:39:17.960] [INFO] info - post params:{}
[2021-09-05T23:39:30.651] [INFO] info - get params:{"roleName":"","total":"0","pageNum":"1","pageSize":"10"}
[2021-09-05T23:39:30.651] [INFO] info - post params:{}
[2021-09-05T23:39:30.654] [INFO] info - get params:{}
[2021-09-05T23:39:30.654] [INFO] info - post params:{}
[2021-09-05T23:39:48.699] [INFO] info - get params:{}
[2021-09-05T23:39:48.699] [INFO] info - post params:{"_id":"6134e34e593c3d6f2766a106","permissionList":{"checkedKeys":["61341db34f7bf05be50ac06f","61343028992bf365a35fc1fc","61342ad7363e4f640a101eea"],"halfCheckedKeys":["61212795635dd73e0d524f44","612133293782b541c7acaf65","612e351abfe6b94cc3ac50b0"]}}
[2021-09-05T23:39:48.731] [INFO] info - get params:{"roleName":"","total":"1","pageNum":"1","pageSize":"10"}
[2021-09-05T23:39:48.731] [INFO] info - post params:{}
[2021-09-05T23:40:42.611] [INFO] info - get params:{"roleName":"","total":"0","pageNum":"1","pageSize":"10"}
[2021-09-05T23:40:42.611] [INFO] info - post params:{}
[2021-09-05T23:40:42.614] [INFO] info - get params:{}
[2021-09-05T23:40:42.615] [INFO] info - post params:{}
[2021-09-05T23:40:45.756] [INFO] info - get params:{"roleName":"","total":"0","pageNum":"1","pageSize":"10"}
[2021-09-05T23:40:45.756] [INFO] info - post params:{}
[2021-09-05T23:40:45.759] [INFO] info - get params:{}
[2021-09-05T23:40:45.759] [INFO] info - post params:{}
[2021-09-05T23:40:45.762] [INFO] info - get params:{}
[2021-09-05T23:40:45.762] [INFO] info - post params:{}
[2021-09-05T23:42:03.331] [INFO] info - get params:{}
[2021-09-05T23:42:03.331] [INFO] info - post params:{"_id":"6134e34e593c3d6f2766a106","permissionList":{"checkedKeys":["61341db34f7bf05be50ac06f","61343028992bf365a35fc1fc","61342ad7363e4f640a101eea"],"halfCheckedKeys":["61212795635dd73e0d524f44","612133293782b541c7acaf65","612e351abfe6b94cc3ac50b0"]}}
[2021-09-05T23:42:03.393] [INFO] info - get params:{"roleName":"","total":"1","pageNum":"1","pageSize":"10"}
[2021-09-05T23:42:03.393] [INFO] info - post params:{}
[2021-09-06T00:07:04.512] [INFO] info - **数据库连接成功**
[2021-09-06T00:07:06.222] [INFO] info - **数据库连接成功**
[2021-09-06T00:09:45.087] [INFO] info - get params:{"menuState":"1"}
[2021-09-06T00:09:45.088] [INFO] info - post params:{}
[2021-09-06T00:10:57.754] [INFO] info - get params:{}
[2021-09-06T00:10:57.754] [INFO] info - post params:{"userName":"admin","userPwd":"admin"}
[2021-09-06T00:10:57.834] [INFO] info - get params:{}
[2021-09-06T00:10:57.834] [INFO] info - post params:{}
[2021-09-06T00:10:59.537] [INFO] info - get params:{"menuState":"1"}
[2021-09-06T00:10:59.538] [INFO] info - post params:{}
[2021-09-06T00:18:19.832] [INFO] info - get params:{"state":"1","pageNum":"1","pageSize":"10"}
[2021-09-06T00:18:19.833] [INFO] info - post params:{}
[2021-09-06T00:18:19.845] [INFO] info - get params:{}
[2021-09-06T00:18:19.845] [INFO] info - post params:{}
[2021-09-06T00:18:41.016] [INFO] info - get params:{"state":"1","pageNum":"1","pageSize":"10"}
[2021-09-06T00:18:41.016] [INFO] info - post params:{}
[2021-09-06T00:18:41.017] [INFO] info - get params:{}
[2021-09-06T00:18:41.017] [INFO] info - post params:{}
[2021-09-06T00:18:41.024] [INFO] info - get params:{}
[2021-09-06T00:18:41.024] [INFO] info - post params:{}
[2021-09-06T00:18:55.165] [INFO] info - get params:{}
[2021-09-06T00:18:55.165] [INFO] info - post params:{}
[2021-09-06T00:18:55.167] [INFO] info - get params:{"roleName":"","total":"0","pageNum":"1","pageSize":"10"}
[2021-09-06T00:18:55.167] [INFO] info - post params:{}
[2021-09-06T00:18:56.237] [INFO] info - get params:{}
[2021-09-06T00:18:56.237] [INFO] info - post params:{}
[2021-09-06T00:18:56.240] [INFO] info - get params:{"state":"1","pageNum":"1","pageSize":"10"}
[2021-09-06T00:18:56.241] [INFO] info - post params:{}
[2021-09-06T00:19:23.815] [INFO] info - get params:{"state":"1","pageNum":"1","pageSize":"10"}
[2021-09-06T00:19:23.816] [INFO] info - post params:{}
[2021-09-06T00:19:23.818] [INFO] info - get params:{}
[2021-09-06T00:19:23.818] [INFO] info - post params:{}
[2021-09-06T00:19:23.835] [INFO] info - get params:{}
[2021-09-06T00:19:23.835] [INFO] info - post params:{}
[2021-09-06T00:19:25.797] [INFO] info - get params:{"roleName":"","total":"0","pageNum":"1","pageSize":"10"}
[2021-09-06T00:19:25.797] [INFO] info - post params:{}
[2021-09-06T00:19:25.802] [INFO] info - get params:{}
[2021-09-06T00:19:25.803] [INFO] info - post params:{}
[2021-09-06T00:19:26.601] [INFO] info - get params:{"state":"1","pageNum":"1","pageSize":"10"}
[2021-09-06T00:19:26.601] [INFO] info - post params:{}
[2021-09-06T00:19:26.602] [INFO] info - get params:{}
[2021-09-06T00:19:26.603] [INFO] info - post params:{}
[2021-09-06T00:33:48.344] [INFO] info - get params:{}
[2021-09-06T00:33:48.345] [INFO] info - post params:{}
[2021-09-06T00:33:48.355] [INFO] info - get params:{"state":"1","pageNum":"1","pageSize":"10"}
[2021-09-06T00:33:48.355] [INFO] info - post params:{}
[2021-09-06T00:33:48.365] [INFO] info - get params:{}
[2021-09-06T00:33:48.366] [INFO] info - post params:{}
[2021-09-06T00:34:06.991] [INFO] info - get params:{"state":"1","pageNum":"1","pageSize":"10"}
[2021-09-06T00:34:06.993] [INFO] info - post params:{}
[2021-09-06T00:34:07.001] [INFO] info - get params:{}
[2021-09-06T00:34:07.001] [INFO] info - post params:{}
[2021-09-06T00:34:07.007] [INFO] info - get params:{}
[2021-09-06T00:34:07.007] [INFO] info - post params:{}
[2021-09-06T00:34:15.233] [INFO] info - get params:{}
[2021-09-06T00:34:15.233] [INFO] info - post params:{"userIds":[1000002]}
[2021-09-06T00:34:15.273] [INFO] info - get params:{"state":"1","pageNum":"1","pageSize":"10","total":"2"}
[2021-09-06T00:34:15.273] [INFO] info - post params:{}
[2021-09-06T00:34:18.726] [INFO] info - get params:{"state":"1","pageNum":"1","pageSize":"10"}
[2021-09-06T00:34:18.726] [INFO] info - post params:{}
[2021-09-06T00:34:18.742] [INFO] info - get params:{}
[2021-09-06T00:34:18.742] [INFO] info - post params:{}
[2021-09-06T00:34:18.743] [INFO] info - get params:{}
[2021-09-06T00:34:18.743] [INFO] info - post params:{}
[2021-09-06T00:34:54.215] [INFO] info - get params:{}
[2021-09-06T00:34:54.215] [INFO] info - post params:{"state":3,"roleList":["6134e34e593c3d6f2766a106"],"userName":"admin","userEmail":"admin@imooc.com","deptId":["60167059c9027b7d2c520a61","6016728fc6a4417f2d27506e"],"action":"add"}
[2021-09-06T00:35:06.926] [INFO] info - get params:{}
[2021-09-06T00:35:06.926] [INFO] info - post params:{"state":3,"roleList":["6134e34e593c3d6f2766a106"],"userName":"shixiaolei","userEmail":"admin@imooc.com@imooc.com","deptId":["60167059c9027b7d2c520a61","6016728fc6a4417f2d27506e"],"action":"add"}
[2021-09-06T00:35:06.995] [INFO] info - get params:{"state":"1","pageNum":"1","pageSize":"10","total":"0"}
[2021-09-06T00:35:06.995] [INFO] info - post params:{}
[2021-09-06T00:35:18.099] [INFO] info - get params:{"state":"1","pageNum":"1","pageSize":"10"}
[2021-09-06T00:35:18.099] [INFO] info - post params:{}
[2021-09-06T00:35:18.106] [INFO] info - get params:{}
[2021-09-06T00:35:18.106] [INFO] info - post params:{}
[2021-09-06T00:35:18.113] [INFO] info - get params:{}
[2021-09-06T00:35:18.113] [INFO] info - post params:{}
[2021-09-06T00:35:29.506] [INFO] info - get params:{"roleName":"","total":"0","pageNum":"1","pageSize":"10"}
[2021-09-06T00:35:29.506] [INFO] info - post params:{}
[2021-09-06T00:35:29.511] [INFO] info - get params:{}
[2021-09-06T00:35:29.511] [INFO] info - post params:{}
[2021-09-06T00:37:25.320] [INFO] info - get params:{}
[2021-09-06T00:37:25.320] [INFO] info - post params:{"_id":"6134e34e593c3d6f2766a106","permissionList":{"checkedKeys":["61341db34f7bf05be50ac06f","61343028992bf365a35fc1fc"],"halfCheckedKeys":["612133293782b541c7acaf65","612e351abfe6b94cc3ac50b0","61212795635dd73e0d524f44"]}}
[2021-09-06T00:37:25.407] [INFO] info - get params:{"roleName":"","total":"1","pageNum":"1","pageSize":"10"}
[2021-09-06T00:37:25.407] [INFO] info - post params:{}
[2021-09-06T00:38:17.470] [INFO] info - get params:{}
[2021-09-06T00:38:17.470] [INFO] info - post params:{"_id":"6134e34e593c3d6f2766a106","permissionList":{"checkedKeys":["61341db34f7bf05be50ac06f","61343028992bf365a35fc1fc","61342ad7363e4f640a101eea"],"halfCheckedKeys":["61212795635dd73e0d524f44","612133293782b541c7acaf65","612e351abfe6b94cc3ac50b0"]}}
[2021-09-06T00:38:17.556] [INFO] info - get params:{"roleName":"","total":"1","pageNum":"1","pageSize":"10"}
[2021-09-06T00:38:17.556] [INFO] info - post params:{}
[2021-09-06T00:46:42.020] [INFO] info - get params:{"roleName":"","total":"0","pageNum":"1","pageSize":"10"}
[2021-09-06T00:46:42.020] [INFO] info - post params:{}
[2021-09-06T00:46:42.022] [INFO] info - get params:{}
[2021-09-06T00:46:42.022] [INFO] info - post params:{}
[2021-09-06T00:47:15.171] [INFO] info - get params:{}
[2021-09-06T00:47:15.171] [INFO] info - post params:{"_id":"6134e34e593c3d6f2766a106","permissionList":{"checkedKeys":["61341db34f7bf05be50ac06f"],"halfCheckedKeys":["612133293782b541c7acaf65","61212795635dd73e0d524f44"]}}
[2021-09-06T00:47:15.219] [INFO] info - get params:{"roleName":"","total":"1","pageNum":"1","pageSize":"10"}
[2021-09-06T00:47:15.220] [INFO] info - post params:{}
[2021-09-06T00:47:45.999] [INFO] info - get params:{}
[2021-09-06T00:47:46.000] [INFO] info - post params:{"_id":"6134e34e593c3d6f2766a106","permissionList":{"checkedKeys":["61341db34f7bf05be50ac06f","61342ad7363e4f640a101eea"],"halfCheckedKeys":["612133293782b541c7acaf65","61212795635dd73e0d524f44"]}}
[2021-09-06T00:47:46.087] [INFO] info - get params:{"roleName":"","total":"1","pageNum":"1","pageSize":"10"}
[2021-09-06T00:47:46.087] [INFO] info - post params:{}
[2021-09-06T01:45:42.827] [INFO] info - get params:{"menuState":"1"}
[2021-09-06T01:45:42.828] [INFO] info - post params:{}
[2021-09-06T01:51:30.321] [INFO] info - get params:{}
[2021-09-06T01:51:30.321] [INFO] info - post params:{"userName":"admin","userPwd":"admin"}
[2021-09-06T01:51:30.421] [INFO] info - get params:{}
[2021-09-06T01:51:30.421] [INFO] info - post params:{}
[2021-09-06T01:51:32.838] [INFO] info - get params:{"menuState":"1"}
[2021-09-06T01:51:32.838] [INFO] info - post params:{}
[2021-09-06T02:06:34.501] [INFO] info - get params:{"menuState":"1"}
[2021-09-06T02:06:34.501] [INFO] info - post params:{}
[2021-09-06T02:06:34.520] [INFO] info - get params:{}
[2021-09-06T02:06:34.520] [INFO] info - post params:{}
[2021-09-06T02:06:44.698] [INFO] info - get params:{"menuState":"1"}
[2021-09-06T02:06:44.698] [INFO] info - post params:{}
[2021-09-06T02:06:44.715] [INFO] info - get params:{}
[2021-09-06T02:06:44.715] [INFO] info - post params:{}
[2021-09-06T02:07:26.096] [INFO] info - get params:{"roleName":"","total":"0","pageNum":"1","pageSize":"10"}
[2021-09-06T02:07:26.096] [INFO] info - post params:{}
[2021-09-06T02:07:26.097] [INFO] info - get params:{}
[2021-09-06T02:07:26.098] [INFO] info - post params:{}
[2021-09-06T02:07:31.445] [INFO] info - get params:{"state":"1","pageNum":"1","pageSize":"10"}
[2021-09-06T02:07:31.445] [INFO] info - post params:{}
[2021-09-06T02:07:31.446] [INFO] info - get params:{}
[2021-09-06T02:07:31.447] [INFO] info - post params:{}
[2021-09-06T02:07:33.148] [INFO] info - get params:{"roleName":"","total":"0","pageNum":"1","pageSize":"10"}
[2021-09-06T02:07:33.148] [INFO] info - post params:{}
[2021-09-06T02:07:33.152] [INFO] info - get params:{}
[2021-09-06T02:07:33.152] [INFO] info - post params:{}
[2021-09-06T02:07:37.599] [INFO] info - get params:{"menuState":"1"}
[2021-09-06T02:07:37.600] [INFO] info - post params:{}
[2021-09-06T02:10:09.816] [INFO] info - **数据库连接成功**
[2021-09-06T02:10:12.142] [INFO] info - **数据库连接成功**
[2021-09-06T02:10:22.349] [INFO] info - get params:{}
[2021-09-06T02:10:22.349] [INFO] info - post params:{}
[2021-09-06T02:10:22.359] [INFO] info - get params:{"menuState":"1"}
[2021-09-06T02:10:22.359] [INFO] info - post params:{}
[2021-09-06T02:10:28.795] [INFO] info - get params:{"menuState":"1"}
[2021-09-06T02:10:28.795] [INFO] info - post params:{}
[2021-09-06T02:10:55.011] [INFO] info - **数据库连接成功**
[2021-09-06T02:11:08.902] [INFO] info - get params:{"state":"1","pageNum":"1","pageSize":"10"}
[2021-09-06T02:11:08.902] [INFO] info - post params:{}
[2021-09-06T02:11:08.918] [INFO] info - get params:{}
[2021-09-06T02:11:08.919] [INFO] info - post params:{}
[2021-09-06T02:11:27.127] [INFO] info - get params:{"roleName":"","total":"0","pageNum":"1","pageSize":"10"}
[2021-09-06T02:11:27.127] [INFO] info - post params:{}
[2021-09-06T02:11:27.130] [INFO] info - get params:{}
[2021-09-06T02:11:27.130] [INFO] info - post params:{}
[2021-09-06T02:15:30.739] [INFO] info - get params:{"menuState":"1"}
[2021-09-06T02:15:30.740] [INFO] info - post params:{}
[2021-09-06T02:16:07.444] [INFO] info - get params:{}
[2021-09-06T02:16:07.445] [INFO] info - post params:{"parentId":["61212795635dd73e0d524f44","61342ad7363e4f640a101eea"],"menuType":2,"menuState":1,"createTime":"2021-08-21T16:13:52.959Z","updateTime":"2021-08-21T16:13:52.959Z","_id":"61342ad7363e4f640a101eea","menuName":"查看","path":"/system/user","__v":0,"menuCode":"user_query","action":"add"}
[2021-09-06T02:16:07.554] [INFO] info - get params:{"menuState":"1"}
[2021-09-06T02:16:07.555] [INFO] info - post params:{}
[2021-09-06T02:16:09.830] [INFO] info - get params:{}
[2021-09-06T02:16:09.831] [INFO] info - post params:{}
[2021-09-06T02:16:09.832] [INFO] info - get params:{"state":"1","pageNum":"1","pageSize":"10"}
[2021-09-06T02:16:09.833] [INFO] info - post params:{}
[2021-09-06T02:16:14.499] [INFO] info - get params:{"roleName":"","total":"0","pageNum":"1","pageSize":"10"}
[2021-09-06T02:16:14.499] [INFO] info - post params:{}
[2021-09-06T02:16:14.504] [INFO] info - get params:{}
[2021-09-06T02:16:14.505] [INFO] info - post params:{}
[2021-09-06T02:16:25.417] [INFO] info - get params:{}
[2021-09-06T02:16:25.417] [INFO] info - post params:{"_id":"6134e34e593c3d6f2766a106","permissionList":{"checkedKeys":["61341db34f7bf05be50ac06f","61343028992bf365a35fc1fc","61350967dfcb30744763ffe2"],"halfCheckedKeys":["61212795635dd73e0d524f44","612133293782b541c7acaf65","612e351abfe6b94cc3ac50b0","61342ad7363e4f640a101eea"]}}
[2021-09-06T02:16:25.504] [INFO] info - get params:{"roleName":"","total":"1","pageNum":"1","pageSize":"10"}
[2021-09-06T02:16:25.504] [INFO] info - post params:{}
[2021-09-06T02:16:35.264] [INFO] info - get params:{"roleName":"","total":"0","pageNum":"1","pageSize":"10"}
[2021-09-06T02:16:35.265] [INFO] info - post params:{}
[2021-09-06T02:16:35.272] [INFO] info - get params:{}
[2021-09-06T02:16:35.272] [INFO] info - post params:{}
[2021-09-06T02:16:36.983] [INFO] info - get params:{"roleName":"","total":"0","pageNum":"1","pageSize":"10"}
[2021-09-06T02:16:36.984] [INFO] info - post params:{}
[2021-09-06T02:16:36.992] [INFO] info - get params:{}
[2021-09-06T02:16:36.993] [INFO] info - post params:{}
[2021-09-06T02:19:40.292] [INFO] info - get params:{}
[2021-09-06T02:19:40.292] [INFO] info - post params:{}
[2021-09-06T02:19:44.827] [INFO] info - get params:{"menuState":"1"}
[2021-09-06T02:19:44.827] [INFO] info - post params:{}
[2021-09-06T02:20:27.837] [INFO] info - get params:{}
[2021-09-06T02:20:27.837] [INFO] info - post params:{"parentId":["612244658960164b749a3595","612246f38960164b749a35a4"],"menuType":1,"menuState":1,"menuName":"图层调整颜色","createTime":"2021-08-27T15:19:26.721Z","updateTime":"2021-08-27T15:19:26.721Z","_id":"612903055b919fe7d28826d0","path":"/apManager/cesium/cesium2","__v":0,"action":"edit"}
[2021-09-06T02:20:27.895] [INFO] info - get params:{"menuState":"1"}
[2021-09-06T02:20:27.895] [INFO] info - post params:{}
[2021-09-06T02:21:03.012] [INFO] info - get params:{}
[2021-09-06T02:21:03.012] [INFO] info - post params:{"parentId":["612244658960164b749a3595","612246f38960164b749a35a4"],"menuType":1,"menuState":1,"menuName":"图层调整","createTime":"2021-08-27T15:19:26.721Z","updateTime":"2021-08-27T15:19:26.721Z","_id":"612903055b919fe7d28826d0","path":"/apManager/cesium/cesium1","__v":0,"action":"add"}
[2021-09-06T02:21:03.078] [INFO] info - get params:{"menuState":"1"}
[2021-09-06T02:21:03.078] [INFO] info - post params:{}
[2021-09-06T02:21:09.085] [INFO] info - get params:{"menuState":"1"}
[2021-09-06T02:21:09.086] [INFO] info - post params:{}
[2021-09-06T02:21:09.087] [INFO] info - get params:{}
[2021-09-06T02:21:09.087] [INFO] info - post params:{}
[2021-09-06T02:21:44.343] [INFO] info - get params:{}
[2021-09-06T02:21:44.343] [INFO] info - post params:{}
[2021-09-06T02:21:52.809] [INFO] info - get params:{"menuState":"1"}
[2021-09-06T02:21:52.809] [INFO] info - post params:{}
[2021-09-06T02:22:05.298] [INFO] info - get params:{}
[2021-09-06T02:22:05.298] [INFO] info - post params:{"parentId":["612244658960164b749a3595","612246f38960164b749a35a4"],"menuType":1,"menuState":1,"createTime":"2021-08-27T15:19:26.721Z","updateTime":"2021-08-27T15:19:26.721Z","_id":"61350a8fdfcb30744763fff8","menuName":"图层调整","path":"/apManager/cesium/cesium3","__v":0,"action":"edit"}
[2021-09-06T02:22:05.387] [INFO] info - get params:{"menuState":"1"}
[2021-09-06T02:22:05.387] [INFO] info - post params:{}
[2021-09-06T02:22:10.956] [INFO] info - get params:{}
[2021-09-06T02:22:10.956] [INFO] info - post params:{}
[2021-09-08T09:42:00.994] [INFO] info - **数据库连接成功**
[2021-09-08T09:42:06.870] [INFO] info - get params:{}
[2021-09-08T09:42:06.871] [INFO] info - post params:{}
[2021-09-08T09:42:15.978] [INFO] info - get params:{}
[2021-09-08T09:42:15.978] [INFO] info - post params:{"userName":"admin","userPwd":"admin"}
[2021-09-08T09:42:16.037] [INFO] info - get params:{}
[2021-09-08T09:42:16.037] [INFO] info - post params:{}
[2021-09-08T09:42:38.630] [INFO] info - **数据库连接成功**
[2021-09-08T09:42:39.278] [INFO] info - **数据库连接成功**
[2021-09-08T09:42:45.353] [INFO] info - get params:{}
[2021-09-08T09:42:45.353] [INFO] info - post params:{}
[2021-09-08T09:43:57.741] [INFO] info - **数据库连接成功**
[2021-09-08T09:43:58.982] [INFO] info - **数据库连接成功**
[2021-09-08T09:44:02.410] [INFO] info - get params:{}
[2021-09-08T09:44:02.411] [INFO] info - post params:{}
[2021-09-08T10:15:19.491] [INFO] info - **数据库连接成功**
[2021-11-07T10:21:14.739] [INFO] info - **数据库连接成功**
[2021-11-07T10:21:23.975] [INFO] info - get params:{}
[2021-11-07T10:21:23.975] [INFO] info - post params:{}
[2021-11-07T10:22:13.121] [INFO] info - get params:{}
[2021-11-07T10:22:13.121] [INFO] info - post params:{}
[2021-11-07T10:22:21.371] [INFO] info - get params:{}
[2021-11-07T10:22:21.371] [INFO] info - post params:{"userName":"admin","userPwd":"admin"}
[2021-11-07T10:22:21.449] [INFO] info - get params:{}
[2021-11-07T10:22:21.449] [INFO] info - post params:{}
[2021-11-07T10:22:25.452] [INFO] info - get params:{}
[2021-11-07T10:22:25.452] [INFO] info - post params:{}
[2021-11-07T10:22:27.440] [INFO] info - get params:{"menuState":"1"}
[2021-11-07T10:22:27.440] [INFO] info - post params:{}
[2021-11-07T10:22:28.832] [INFO] info - get params:{"roleName":"","total":"0","pageNum":"1","pageSize":"10"}
[2021-11-07T10:22:28.833] [INFO] info - post params:{}
[2021-11-07T10:22:28.836] [INFO] info - get params:{}
[2021-11-07T10:22:28.836] [INFO] info - post params:{}
[2021-11-07T10:22:31.579] [INFO] info - get params:{"roleName":"","total":"0","pageNum":"1","pageSize":"10"}
[2021-11-07T10:22:31.579] [INFO] info - post params:{}
[2021-11-07T10:22:31.582] [INFO] info - get params:{}
[2021-11-07T10:22:31.582] [INFO] info - post params:{}
[2021-11-07T10:22:31.599] [INFO] info - get params:{}
[2021-11-07T10:22:31.600] [INFO] info - post params:{}
[2021-11-07T10:22:33.000] [INFO] info - get params:{"state":"1","pageNum":"1","pageSize":"10"}
[2021-11-07T10:22:33.000] [INFO] info - post params:{}
[2021-11-07T10:22:33.007] [INFO] info - get params:{}
[2021-11-07T10:22:33.007] [INFO] info - post params:{}
[2021-11-07T10:22:34.236] [INFO] info - get params:{"roleName":"","total":"0","pageNum":"1","pageSize":"10"}
[2021-11-07T10:22:34.236] [INFO] info - post params:{}
[2021-11-07T10:22:34.238] [INFO] info - get params:{}
[2021-11-07T10:22:34.238] [INFO] info - post params:{}
[2021-11-07T10:22:36.151] [INFO] info - get params:{"menuState":"1"}
[2021-11-07T10:22:36.151] [INFO] info - post params:{}
[2021-11-07T10:22:51.205] [INFO] info - get params:{"menuState":"1"}
[2021-11-07T10:22:51.205] [INFO] info - post params:{}
[2021-11-07T10:54:29.845] [INFO] info - get params:{}
[2021-11-07T10:54:29.845] [INFO] info - post params:{}
[2021-11-07T10:58:03.340] [INFO] info - get params:{"state":"1","pageNum":"1","pageSize":"10"}
[2021-11-07T10:58:03.340] [INFO] info - post params:{}
[2021-11-07T10:58:03.346] [INFO] info - get params:{}
[2021-11-07T10:58:03.346] [INFO] info - post params:{}
[2021-11-07T11:55:08.958] [INFO] info - get params:{"state":"1","pageNum":"1","pageSize":"10"}
[2021-11-07T11:55:08.958] [INFO] info - post params:{}
[2021-11-07T11:55:08.963] [INFO] info - get params:{}
[2021-11-07T11:55:08.963] [INFO] info - post params:{}
[2021-11-07T11:55:08.964] [INFO] info - get params:{}
[2021-11-07T11:55:08.965] [INFO] info - post params:{}
[2021-11-07T15:16:54.312] [INFO] info - get params:{"state":"1","pageNum":"1","pageSize":"10"}
[2021-11-07T15:16:54.312] [INFO] info - post params:{}
[2021-11-07T15:16:54.317] [INFO] info - get params:{}
[2021-11-07T15:16:54.317] [INFO] info - post params:{}
[2021-11-07T15:16:54.319] [INFO] info - get params:{}
[2021-11-07T15:16:54.319] [INFO] info - post params:{}
[2021-11-07T15:16:58.413] [INFO] info - get params:{"state":"1","pageNum":"1","pageSize":"10"}
[2021-11-07T15:16:58.413] [INFO] info - post params:{}
[2021-11-07T15:16:58.415] [INFO] info - get params:{}
[2021-11-07T15:16:58.416] [INFO] info - post params:{}
[2021-11-07T15:16:58.419] [INFO] info - get params:{}
[2021-11-07T15:16:58.419] [INFO] info - post params:{}
[2021-11-07T15:25:24.505] [INFO] info - get params:{"state":"1","pageNum":"1","pageSize":"10"}
[2021-11-07T15:25:24.505] [INFO] info - post params:{}
[2021-11-07T15:25:24.508] [INFO] info - get params:{}
[2021-11-07T15:25:24.508] [INFO] info - post params:{}
[2021-11-07T15:25:24.514] [INFO] info - get params:{}
[2021-11-07T15:25:24.515] [INFO] info - post params:{}
[2021-11-07T15:25:37.176] [INFO] info - get params:{}
[2021-11-07T15:25:37.176] [INFO] info - post params:{"userName":"admin","userPwd":"admibn"}
[2021-11-07T15:25:47.749] [INFO] info - get params:{}
[2021-11-07T15:25:47.749] [INFO] info - post params:{"userName":"admin","userPwd":"admibn"}
[2021-11-07T15:26:07.810] [INFO] info - **数据库连接成功**
[2021-11-07T15:26:11.795] [INFO] info - get params:{}
[2021-11-07T15:26:11.796] [INFO] info - post params:{"userName":"admin","userPwd":"admibn"}
[2021-11-07T15:26:12.937] [INFO] info - get params:{}
[2021-11-07T15:26:12.937] [INFO] info - post params:{"userName":"admin","userPwd":"admibn"}
[2021-11-07T15:26:20.696] [INFO] info - get params:{}
[2021-11-07T15:26:20.696] [INFO] info - post params:{"userName":"admin","userPwd":"admin"}
[2021-11-07T15:26:20.795] [INFO] info - get params:{}
[2021-11-07T15:26:20.796] [INFO] info - post params:{}
[2021-11-07T15:26:24.752] [INFO] info - get params:{"menuState":"1"}
[2021-11-07T15:26:24.752] [INFO] info - post params:{}
[2021-11-07T15:27:18.215] [INFO] info - get params:{}
[2021-11-07T15:27:18.215] [INFO] info - post params:{"parentId":["61212795635dd73e0d524f44"],"menuType":1,"menuState":1,"menuName":"部门管理","path":"/system/dept","action":"add"}
[2021-11-07T15:27:18.288] [INFO] info - get params:{"menuState":"1"}
[2021-11-07T15:27:18.289] [INFO] info - post params:{}
[2021-11-07T15:27:25.569] [INFO] info - get params:{"menuState":"1"}
[2021-11-07T15:27:25.569] [INFO] info - post params:{}
[2021-11-07T15:27:25.588] [INFO] info - get params:{}
[2021-11-07T15:27:25.588] [INFO] info - post params:{}
[2021-11-07T15:27:26.073] [INFO] info - get params:{"state":"1","pageNum":"1","pageSize":"10"}
[2021-11-07T15:27:26.073] [INFO] info - post params:{}
[2021-11-07T15:27:26.076] [INFO] info - get params:{}
[2021-11-07T15:27:26.076] [INFO] info - post params:{}
[2021-11-07T15:28:03.013] [INFO] info - get params:{"menuState":"1"}
[2021-11-07T15:28:03.014] [INFO] info - post params:{}
[2021-11-07T15:29:36.718] [INFO] info - get params:{}
[2021-11-07T15:29:36.718] [INFO] info - post params:{"parentId":["61212795635dd73e0d524f44","61877fd6a598ddcb73ae31a4"],"menuType":2,"menuState":1,"menuName":"查看","menuCode":"dept-query","action":"add"}
[2021-11-07T15:29:36.773] [INFO] info - get params:{"menuState":"1"}
[2021-11-07T15:29:36.773] [INFO] info - post params:{}
[2021-11-07T15:47:35.452] [INFO] info - get params:{}
[2021-11-07T15:47:35.452] [INFO] info - post params:{}
[2021-11-07T15:48:54.468] [INFO] info - get params:{}
[2021-11-07T15:48:54.468] [INFO] info - post params:{}
[2021-11-07T15:50:58.693] [INFO] info - get params:{}
[2021-11-07T15:50:58.693] [INFO] info - post params:{}
[2021-11-07T15:54:07.711] [INFO] info - get params:{}
[2021-11-07T15:54:07.711] [INFO] info - post params:{}
[2021-11-07T15:54:07.712] [INFO] info - get params:{}
[2021-11-07T15:54:07.712] [INFO] info - post params:{}
[2021-11-07T15:54:12.063] [INFO] info - get params:{}
[2021-11-07T15:54:12.063] [INFO] info - post params:{}
[2021-11-07T15:54:12.064] [INFO] info - get params:{}
[2021-11-07T15:54:12.065] [INFO] info - post params:{}
[2021-11-07T15:54:34.998] [INFO] info - get params:{}
[2021-11-07T15:54:34.998] [INFO] info - post params:{}
[2021-11-07T15:54:43.639] [INFO] info - get params:{}
[2021-11-07T15:54:43.639] [INFO] info - post params:{}
[2021-11-07T15:55:04.371] [INFO] info - get params:{}
[2021-11-07T15:55:04.371] [INFO] info - post params:{}
[2021-11-07T15:55:30.130] [INFO] info - get params:{}
[2021-11-07T15:55:30.130] [INFO] info - post params:{}
[2021-11-07T16:11:04.246] [INFO] info - get params:{}
[2021-11-07T16:11:04.246] [INFO] info - post params:{}
[2021-11-07T16:11:10.923] [INFO] info - get params:{}
[2021-11-07T16:11:10.923] [INFO] info - post params:{}
[2021-11-07T16:11:14.954] [INFO] info - get params:{}
[2021-11-07T16:11:14.954] [INFO] info - post params:{}
[2021-11-07T16:11:22.485] [INFO] info - get params:{}
[2021-11-07T16:11:22.485] [INFO] info - post params:{}
[2021-11-07T16:12:05.107] [INFO] info - get params:{}
[2021-11-07T16:12:05.107] [INFO] info - post params:{}
[2021-11-07T16:17:55.758] [INFO] info - get params:{}
[2021-11-07T16:17:55.758] [INFO] info - post params:{}
[2021-11-07T16:50:15.054] [INFO] info - get params:{}
[2021-11-07T16:50:15.054] [INFO] info - post params:{}
[2021-11-07T18:53:16.685] [INFO] info - get params:{"deptName":"","pageNum":"1","pageSize":"10"}
[2021-11-07T18:53:16.685] [INFO] info - post params:{}
[2021-11-07T18:53:16.690] [INFO] info - get params:{}
[2021-11-07T18:53:16.690] [INFO] info - post params:{}
[2021-11-07T18:56:55.230] [INFO] info - get params:{"deptName":""}
[2021-11-07T18:56:55.230] [INFO] info - post params:{}
[2021-11-07T18:57:03.318] [INFO] info - get params:{}
[2021-11-07T18:57:03.318] [INFO] info - post params:{}
[2021-11-07T18:57:03.319] [INFO] info - get params:{"deptName":""}
[2021-11-07T18:57:03.319] [INFO] info - post params:{}
[2021-11-07T18:57:17.181] [INFO] info - get params:{}
[2021-11-07T18:57:17.181] [INFO] info - post params:{"userName":"admin","userPwd":"admin"}
[2021-11-07T18:57:17.270] [INFO] info - get params:{}
[2021-11-07T18:57:17.270] [INFO] info - post params:{}
[2021-11-07T18:57:20.293] [INFO] info - get params:{"deptName":""}
[2021-11-07T18:57:20.293] [INFO] info - post params:{}
[2021-11-07T18:59:43.850] [INFO] info - **数据库连接成功**
[2021-11-07T18:59:48.826] [INFO] info - get params:{}
[2021-11-07T18:59:48.826] [INFO] info - post params:{}
[2021-11-07T18:59:48.843] [INFO] info - get params:{"deptName":""}
[2021-11-07T18:59:48.843] [INFO] info - post params:{}
[2021-11-07T18:59:52.084] [INFO] info - get params:{"deptName":""}
[2021-11-07T18:59:52.084] [INFO] info - post params:{}
[2021-11-07T18:59:52.098] [INFO] info - get params:{}
[2021-11-07T18:59:52.098] [INFO] info - post params:{}
[2021-11-07T19:00:59.192] [INFO] info - get params:{"deptName":""}
[2021-11-07T19:00:59.193] [INFO] info - post params:{}
[2021-11-07T19:05:51.594] [INFO] info - get params:{"deptName":""}
[2021-11-07T19:05:51.594] [INFO] info - post params:{}
[2021-11-07T19:06:03.351] [INFO] info - get params:{"deptName":""}
[2021-11-07T19:06:03.352] [INFO] info - post params:{}
[2021-11-07T19:06:03.353] [INFO] info - get params:{}
[2021-11-07T19:06:03.354] [INFO] info - post params:{}
[2021-11-07T19:06:05.142] [INFO] info - get params:{}
[2021-11-07T19:06:05.142] [INFO] info - post params:{}
[2021-11-07T19:06:05.143] [INFO] info - get params:{"deptName":""}
[2021-11-07T19:06:05.144] [INFO] info - post params:{}
[2021-11-07T19:06:23.910] [INFO] info - get params:{}
[2021-11-07T19:06:23.911] [INFO] info - post params:{}
[2021-11-07T19:06:23.913] [INFO] info - get params:{}
[2021-11-07T19:06:23.913] [INFO] info - post params:{}
[2021-11-07T19:06:23.914] [INFO] info - get params:{"state":"1","pageNum":"1","pageSize":"10"}
[2021-11-07T19:06:23.915] [INFO] info - post params:{}
[2021-11-07T19:06:46.113] [INFO] info - get params:{"state":"1","pageNum":"1","pageSize":"10"}
[2021-11-07T19:06:46.114] [INFO] info - post params:{}
[2021-11-07T19:06:46.115] [INFO] info - get params:{}
[2021-11-07T19:06:46.115] [INFO] info - post params:{}
[2021-11-07T19:06:46.123] [INFO] info - get params:{}
[2021-11-07T19:06:46.124] [INFO] info - post params:{}
[2021-11-07T19:06:46.127] [INFO] info - get params:{}
[2021-11-07T19:06:46.128] [INFO] info - post params:{}
[2021-11-07T19:06:49.625] [INFO] info - get params:{}
[2021-11-07T19:06:49.625] [INFO] info - post params:{}
[2021-11-07T19:06:49.627] [INFO] info - get params:{"state":"1","pageNum":"1","pageSize":"10"}
[2021-11-07T19:06:49.627] [INFO] info - post params:{}
[2021-11-07T19:06:49.631] [INFO] info - get params:{}
[2021-11-07T19:06:49.631] [INFO] info - post params:{}
[2021-11-07T19:06:49.632] [INFO] info - get params:{}
[2021-11-07T19:06:49.632] [INFO] info - post params:{}
[2021-11-07T19:06:52.390] [INFO] info - get params:{"deptName":""}
[2021-11-07T19:06:52.390] [INFO] info - post params:{}
[2021-11-07T19:06:52.398] [INFO] info - get params:{}
[2021-11-07T19:06:52.398] [INFO] info - post params:{}
[2021-11-07T19:07:19.703] [INFO] info - get params:{"state":"1","pageNum":"1","pageSize":"10"}
[2021-11-07T19:07:19.703] [INFO] info - post params:{}
[2021-11-07T19:07:19.707] [INFO] info - get params:{}
[2021-11-07T19:07:19.707] [INFO] info - post params:{}
[2021-11-07T19:07:19.714] [INFO] info - get params:{}
[2021-11-07T19:07:19.714] [INFO] info - post params:{}
[2021-11-07T19:07:24.648] [INFO] info - get params:{}
[2021-11-07T19:07:24.648] [INFO] info - post params:{}
[2021-11-07T19:07:24.650] [INFO] info - get params:{"roleName":"","total":"0","pageNum":"1","pageSize":"10"}
[2021-11-07T19:07:24.650] [INFO] info - post params:{}
[2021-11-07T19:07:28.421] [INFO] info - get params:{"state":"1","pageNum":"1","pageSize":"10"}
[2021-11-07T19:07:28.421] [INFO] info - post params:{}
[2021-11-07T19:07:28.423] [INFO] info - get params:{}
[2021-11-07T19:07:28.423] [INFO] info - post params:{}
[2021-11-07T19:07:28.436] [INFO] info - get params:{}
[2021-11-07T19:07:28.436] [INFO] info - post params:{}
[2021-11-07T19:07:31.078] [INFO] info - get params:{"deptName":""}
[2021-11-07T19:07:31.079] [INFO] info - post params:{}
[2021-11-07T19:07:31.083] [INFO] info - get params:{}
[2021-11-07T19:07:31.083] [INFO] info - post params:{}
[2021-11-07T19:08:03.560] [INFO] info - get params:{"deptName":""}
[2021-11-07T19:08:03.560] [INFO] info - post params:{}
[2021-11-07T19:08:03.564] [INFO] info - get params:{}
[2021-11-07T19:08:03.564] [INFO] info - post params:{}
[2021-11-07T19:08:03.565] [INFO] info - get params:{}
[2021-11-07T19:08:03.565] [INFO] info - post params:{}
[2021-11-07T19:09:15.888] [INFO] info - get params:{"deptName":""}
[2021-11-07T19:09:15.889] [INFO] info - post params:{}
[2021-11-07T19:09:15.890] [INFO] info - get params:{}
[2021-11-07T19:09:15.890] [INFO] info - post params:{}
[2021-11-07T19:09:22.075] [INFO] info - get params:{"deptName":""}
[2021-11-07T19:09:22.075] [INFO] info - post params:{}
[2021-11-07T19:09:22.077] [INFO] info - get params:{}
[2021-11-07T19:09:22.077] [INFO] info - post params:{}
[2021-11-07T19:09:22.082] [INFO] info - get params:{}
[2021-11-07T19:09:22.082] [INFO] info - post params:{}
[2021-11-07T19:18:35.427] [INFO] info - get params:{}
[2021-11-07T19:18:35.428] [INFO] info - post params:{}
[2021-11-07T19:18:35.428] [INFO] info - get params:{"deptName":""}
[2021-11-07T19:18:35.429] [INFO] info - post params:{}
[2021-11-07T19:18:35.450] [INFO] info - get params:{}
[2021-11-07T19:18:35.451] [INFO] info - post params:{}
[2021-11-07T19:18:39.024] [INFO] info - get params:{"roleName":"","total":"0","pageNum":"1","pageSize":"10"}
[2021-11-07T19:18:39.024] [INFO] info - post params:{}
[2021-11-07T19:18:39.026] [INFO] info - get params:{}
[2021-11-07T19:18:39.026] [INFO] info - post params:{}
[2021-11-07T19:18:40.167] [INFO] info - get params:{"state":"1","pageNum":"1","pageSize":"10"}
[2021-11-07T19:18:40.167] [INFO] info - post params:{}
[2021-11-07T19:18:40.170] [INFO] info - get params:{}
[2021-11-07T19:18:40.170] [INFO] info - post params:{}
[2021-11-07T19:18:40.181] [INFO] info - get params:{}
[2021-11-07T19:18:40.181] [INFO] info - post params:{}
[2021-11-07T19:18:45.099] [INFO] info - get params:{"menuState":"1"}
[2021-11-07T19:18:45.099] [INFO] info - post params:{}
[2021-11-07T19:18:47.199] [INFO] info - get params:{"roleName":"","total":"0","pageNum":"1","pageSize":"10"}
[2021-11-07T19:18:47.200] [INFO] info - post params:{}
[2021-11-07T19:18:47.208] [INFO] info - get params:{}
[2021-11-07T19:18:47.209] [INFO] info - post params:{}
[2021-11-07T19:18:49.796] [INFO] info - get params:{"state":"1","pageNum":"1","pageSize":"10"}
[2021-11-07T19:18:49.796] [INFO] info - post params:{}
[2021-11-07T19:18:49.798] [INFO] info - get params:{}
[2021-11-07T19:18:49.798] [INFO] info - post params:{}
[2021-11-07T19:18:49.807] [INFO] info - get params:{}
[2021-11-07T19:18:49.808] [INFO] info - post params:{}
[2021-11-07T19:18:57.439] [INFO] info - get params:{"deptName":""}
[2021-11-07T19:18:57.440] [INFO] info - post params:{}
[2021-11-07T19:18:57.442] [INFO] info - get params:{}
[2021-11-07T19:18:57.442] [INFO] info - post params:{}
[2021-11-07T19:19:09.923] [INFO] info - **数据库连接成功**
[2021-11-07T19:19:14.106] [INFO] info - get params:{}
[2021-11-07T19:19:14.106] [INFO] info - post params:{}
[2021-11-07T19:19:14.124] [INFO] info - get params:{"deptName":""}
[2021-11-07T19:19:14.125] [INFO] info - post params:{}
[2021-11-07T19:19:14.127] [INFO] info - get params:{}
[2021-11-07T19:19:14.127] [INFO] info - post params:{}
[2021-11-07T19:19:32.747] [INFO] info - get params:{"state":"1","pageNum":"1","pageSize":"10"}
[2021-11-07T19:19:32.747] [INFO] info - post params:{}
[2021-11-07T19:19:32.757] [INFO] info - get params:{}
[2021-11-07T19:19:32.757] [INFO] info - post params:{}
[2021-11-07T19:19:32.773] [INFO] info - get params:{}
[2021-11-07T19:19:32.773] [INFO] info - post params:{}
[2021-11-07T19:19:45.856] [INFO] info - get params:{"state":"0","pageNum":"1","pageSize":"10","total":"1"}
[2021-11-07T19:19:45.856] [INFO] info - post params:{}
[2021-11-07T19:19:48.826] [INFO] info - get params:{}
[2021-11-07T19:19:48.826] [INFO] info - post params:{"userIds":[1000002]}
[2021-11-07T19:20:06.907] [INFO] info - get params:{"state":"0","pageNum":"1","pageSize":"10","total":"4"}
[2021-11-07T19:20:06.908] [INFO] info - post params:{}
[2021-11-07T19:20:09.175] [INFO] info - get params:{}
[2021-11-07T19:20:09.175] [INFO] info - post params:{"userIds":[1000003]}
[2021-11-07T19:20:09.205] [INFO] info - get params:{"state":"0","pageNum":"1","pageSize":"10","total":"4"}
[2021-11-07T19:20:09.205] [INFO] info - post params:{}
[2021-11-07T19:20:13.390] [INFO] info - get params:{"state":"0","pageNum":"1","pageSize":"10","total":"4"}
[2021-11-07T19:20:13.390] [INFO] info - post params:{}
[2021-11-07T19:20:19.570] [INFO] info - get params:{"state":"0","pageNum":"1","pageSize":"10","total":"4"}
[2021-11-07T19:20:19.571] [INFO] info - post params:{}
[2021-11-07T19:20:23.198] [INFO] info - get params:{}
[2021-11-07T19:20:23.198] [INFO] info - post params:{"userIds":[1000003]}
[2021-11-07T19:20:28.754] [INFO] info - get params:{}
[2021-11-07T19:20:28.754] [INFO] info - post params:{"userIds":[1000002]}
[2021-11-07T19:20:31.363] [INFO] info - get params:{}
[2021-11-07T19:20:31.363] [INFO] info - post params:{"userIds":[1000002]}
[2021-11-07T19:20:33.267] [INFO] info - get params:{}
[2021-11-07T19:20:33.267] [INFO] info - post params:{"userIds":[1000003]}
[2021-11-07T19:22:03.692] [INFO] info - get params:{"state":"1","pageNum":"1","pageSize":"10"}
[2021-11-07T19:22:03.693] [INFO] info - post params:{}
[2021-11-07T19:22:03.695] [INFO] info - get params:{}
[2021-11-07T19:22:03.695] [INFO] info - post params:{}
[2021-11-07T19:22:03.700] [INFO] info - get params:{}
[2021-11-07T19:22:03.700] [INFO] info - post params:{}
[2021-11-07T19:22:03.705] [INFO] info - get params:{}
[2021-11-07T19:22:03.705] [INFO] info - post params:{}
[2021-11-07T19:22:07.550] [INFO] info - get params:{"roleName":"","total":"0","pageNum":"1","pageSize":"10"}
[2021-11-07T19:22:07.550] [INFO] info - post params:{}
[2021-11-07T19:22:07.562] [INFO] info - get params:{}
[2021-11-07T19:22:07.563] [INFO] info - post params:{}
[2021-11-07T19:22:09.434] [INFO] info - get params:{"state":"1","pageNum":"1","pageSize":"10"}
[2021-11-07T19:22:09.435] [INFO] info - post params:{}
[2021-11-07T19:22:09.437] [INFO] info - get params:{}
[2021-11-07T19:22:09.438] [INFO] info - post params:{}
[2021-11-07T19:22:09.448] [INFO] info - get params:{}
[2021-11-07T19:22:09.448] [INFO] info - post params:{}
[2021-11-07T19:22:11.592] [INFO] info - get params:{"deptName":""}
[2021-11-07T19:22:11.593] [INFO] info - post params:{}
[2021-11-07T19:22:11.601] [INFO] info - get params:{}
[2021-11-07T19:22:11.601] [INFO] info - post params:{}
[2021-11-07T19:22:17.919] [INFO] info - get params:{"state":"1","pageNum":"1","pageSize":"10"}
[2021-11-07T19:22:17.919] [INFO] info - post params:{}
[2021-11-07T19:22:17.921] [INFO] info - get params:{}
[2021-11-07T19:22:17.922] [INFO] info - post params:{}
[2021-11-07T19:22:17.929] [INFO] info - get params:{}
[2021-11-07T19:22:17.929] [INFO] info - post params:{}
[2021-11-07T19:22:22.181] [INFO] info - get params:{"state":"0","pageNum":"1","pageSize":"10","total":"0"}
[2021-11-07T19:22:22.182] [INFO] info - post params:{}
[2021-11-07T19:22:25.707] [INFO] info - get params:{}
[2021-11-07T19:22:25.707] [INFO] info - post params:{"userIds":[1000003]}
[2021-11-07T19:23:45.979] [INFO] info - get params:{}
[2021-11-07T19:23:45.979] [INFO] info - post params:{}
[2021-11-07T19:23:45.980] [INFO] info - get params:{"deptName":""}
[2021-11-07T19:23:45.980] [INFO] info - post params:{}
[2021-11-07T19:23:58.307] [INFO] info - get params:{}
[2021-11-07T19:23:58.307] [INFO] info - post params:{"parentId":[null],"deptName":"总部门","userId":"1000002","userName":"shiXl","userEmail":"shiXl@imooc.com","action":"create"}
[2021-11-07T19:23:58.390] [INFO] info - get params:{"deptName":""}
[2021-11-07T19:23:58.390] [INFO] info - post params:{}
[2021-11-07T19:25:55.477] [INFO] info - get params:{"deptName":""}
[2021-11-07T19:25:55.477] [INFO] info - post params:{}
[2021-11-07T19:26:12.218] [INFO] info - get params:{}
[2021-11-07T19:26:12.218] [INFO] info - post params:{"parentId":["6187b74ed4005ed265a9531a"],"deptName":"前端研发","userId":"1000003","userName":"admin","userEmail":"admin@imooc.com","action":"create"}
[2021-11-07T19:26:12.282] [INFO] info - get params:{"deptName":""}
[2021-11-07T19:26:12.283] [INFO] info - post params:{}
[2021-11-07T19:26:15.192] [INFO] info - get params:{"deptName":""}
[2021-11-07T19:26:15.193] [INFO] info - post params:{}
[2021-11-07T19:27:27.671] [INFO] info - get params:{"deptName":""}
[2021-11-07T19:27:27.671] [INFO] info - post params:{}
[2021-11-07T19:27:27.676] [INFO] info - get params:{}
[2021-11-07T19:27:27.676] [INFO] info - post params:{}
[2021-11-07T19:27:27.678] [INFO] info - get params:{}
[2021-11-07T19:27:27.678] [INFO] info - post params:{}
[2021-11-07T19:27:33.098] [INFO] info - **数据库连接成功**
[2021-11-07T19:27:37.278] [INFO] info - get params:{"deptName":""}
[2021-11-07T19:27:37.279] [INFO] info - post params:{}
[2021-11-07T19:27:37.292] [INFO] info - get params:{}
[2021-11-07T19:27:37.292] [INFO] info - post params:{}
[2021-11-07T19:27:37.295] [INFO] info - get params:{}
[2021-11-07T19:27:37.296] [INFO] info - post params:{}
[2021-11-07T19:29:06.828] [INFO] info - get params:{"deptName":""}
[2021-11-07T19:29:06.828] [INFO] info - post params:{}
[2021-11-07T19:29:06.831] [INFO] info - get params:{}
[2021-11-07T19:29:06.831] [INFO] info - post params:{}
[2021-11-07T19:29:06.846] [INFO] info - get params:{}
[2021-11-07T19:29:06.846] [INFO] info - post params:{}
[2021-11-07T19:29:11.060] [INFO] info - get params:{"deptName":"前端"}
[2021-11-07T19:29:11.060] [INFO] info - post params:{}
[2021-11-07T19:29:15.699] [INFO] info - get params:{"deptName":"前端研发"}
[2021-11-07T19:29:15.699] [INFO] info - post params:{}
[2021-11-07T19:29:19.659] [INFO] info - get params:{"deptName":""}
[2021-11-07T19:29:19.659] [INFO] info - post params:{}
[2021-11-07T19:29:24.172] [INFO] info - get params:{"roleName":"","total":"0","pageNum":"1","pageSize":"10"}
[2021-11-07T19:29:24.172] [INFO] info - post params:{}
[2021-11-07T19:29:24.182] [INFO] info - get params:{}
[2021-11-07T19:29:24.182] [INFO] info - post params:{}
[2021-11-07T19:29:24.884] [INFO] info - get params:{"state":"1","pageNum":"1","pageSize":"10"}
[2021-11-07T19:29:24.884] [INFO] info - post params:{}
[2021-11-07T19:29:24.887] [INFO] info - get params:{}
[2021-11-07T19:29:24.887] [INFO] info - post params:{}
[2021-11-07T19:29:24.900] [INFO] info - get params:{}
[2021-11-07T19:29:24.900] [INFO] info - post params:{}
[2021-11-07T19:29:28.298] [INFO] info - get params:{"state":"0","pageNum":"1","pageSize":"10","total":"0"}
[2021-11-07T19:29:28.298] [INFO] info - post params:{}
[2021-11-07T19:29:31.028] [INFO] info - get params:{}
[2021-11-07T19:29:31.028] [INFO] info - post params:{"userIds":[1000002]}
[2021-11-07T19:31:13.174] [INFO] info - get params:{}
[2021-11-07T19:31:13.175] [INFO] info - post params:{}
[2021-11-07T19:31:13.176] [INFO] info - get params:{"state":"1","pageNum":"1","pageSize":"10"}
[2021-11-07T19:31:13.176] [INFO] info - post params:{}
[2021-11-07T19:31:13.190] [INFO] info - get params:{}
[2021-11-07T19:31:13.190] [INFO] info - post params:{}
[2021-11-07T19:31:13.191] [INFO] info - get params:{}
[2021-11-07T19:31:13.191] [INFO] info - post params:{}
[2021-11-07T19:31:17.653] [INFO] info - get params:{"state":"0","pageNum":"1","pageSize":"10","total":"0"}
[2021-11-07T19:31:17.653] [INFO] info - post params:{}
[2021-11-07T19:31:20.400] [INFO] info - get params:{}
[2021-11-07T19:31:20.400] [INFO] info - post params:{"userIds":[1000003]}
[2021-11-07T19:32:23.620] [INFO] info - get params:{}
[2021-11-07T19:32:23.621] [INFO] info - post params:{"state":1,"roleList":["60180b07b1eaed6c45fbebdb"],"deptId":["60167059c9027b7d2c520a61","60167345c6a4417f2d27506f"],"role":0,"createTime":"2021-01-17T13:32:06.381Z","lastLoginTime":"2021-01-17T13:32:06.381Z","userId":1000002,"userName":"admin","userEmail":"admin@imooc.com@imooc.com","__v":0,"job":"前端","mobile":"17611020001","action":"edit"}
[2021-11-07T19:32:23.732] [INFO] info - get params:{"state":"0","pageNum":"1","pageSize":"10","total":"4"}
[2021-11-07T19:32:23.732] [INFO] info - post params:{}
[2021-11-07T19:32:26.295] [INFO] info - get params:{"state":"0","pageNum":"1","pageSize":"10","total":"4"}
[2021-11-07T19:32:26.296] [INFO] info - post params:{}
[2021-11-07T19:32:32.685] [INFO] info - get params:{}
[2021-11-07T19:32:32.685] [INFO] info - post params:{"state":1,"roleList":["6134e34e593c3d6f2766a106"],"deptId":["60167059c9027b7d2c520a61","6016728fc6a4417f2d27506e"],"role":1,"createTime":"2021-09-05T16:07:06.116Z","lastLoginTime":"2021-09-05T16:07:06.116Z","userId":1000003,"userName":"shixiaolei","userEmail":"admin@imooc.com@imooc.com@imooc.com","__v":0,"action":"edit"}
[2021-11-07T19:32:32.773] [INFO] info - get params:{"state":"0","pageNum":"1","pageSize":"10","total":"4"}
[2021-11-07T19:32:32.773] [INFO] info - post params:{}
[2021-11-07T19:32:39.011] [INFO] info - get params:{"state":"0","pageNum":"1","pageSize":"10","total":"4"}
[2021-11-07T19:32:39.011] [INFO] info - post params:{}
[2021-11-07T19:32:42.622] [INFO] info - get params:{}
[2021-11-07T19:32:42.622] [INFO] info - post params:{"userIds":[1000003]}
[2021-11-07T19:32:42.668] [INFO] info - get params:{"state":"0","pageNum":"1","pageSize":"10","total":"4"}
[2021-11-07T19:32:42.668] [INFO] info - post params:{}
[2021-11-07T19:32:46.740] [INFO] info - get params:{"state":"0","pageNum":"1","pageSize":"10","total":"4"}
[2021-11-07T19:32:46.741] [INFO] info - post params:{}
[2021-11-07T19:32:54.281] [INFO] info - get params:{}
[2021-11-07T19:32:54.281] [INFO] info - post params:{"userIds":[1000003]}
[2021-11-07T19:33:05.571] [INFO] info - get params:{}
[2021-11-07T19:33:05.571] [INFO] info - post params:{"state":1,"roleList":["6134e34e593c3d6f2766a106"],"deptId":["60167059c9027b7d2c520a61","6016728fc6a4417f2d27506e"],"role":1,"createTime":"2021-09-05T16:07:06.116Z","lastLoginTime":"2021-09-05T16:07:06.116Z","userId":1000003,"userName":"shixiaolei","userEmail":"admin@imooc.com@imooc.com@imooc.com","__v":0,"action":"edit"}
[2021-11-07T19:33:05.656] [INFO] info - get params:{"state":"0","pageNum":"1","pageSize":"10","total":"4"}
[2021-11-07T19:33:05.656] [INFO] info - post params:{}
[2021-11-07T19:33:13.140] [INFO] info - get params:{"state":"0","pageNum":"1","pageSize":"10","total":"4"}
[2021-11-07T19:33:13.141] [INFO] info - post params:{}
[2021-11-07T19:33:17.385] [INFO] info - get params:{}
[2021-11-07T19:33:17.385] [INFO] info - post params:{"state":1,"roleList":["60180b07b1eaed6c45fbebdb"],"deptId":["60167059c9027b7d2c520a61","60167345c6a4417f2d27506f"],"role":1,"createTime":"2021-08-15T13:51:33.630Z","lastLoginTime":"2021-08-15T13:51:33.630Z","userId":1000002,"userName":"shiXl","userEmail":"shiXl@imooc.com@imooc.com","__v":0,"job":"前端","mobile":"15854299869","action":"edit"}
[2021-11-07T19:33:17.469] [INFO] info - get params:{"state":"0","pageNum":"1","pageSize":"10","total":"4"}
[2021-11-07T19:33:17.470] [INFO] info - post params:{}
[2021-11-07T19:33:21.471] [INFO] info - get params:{}
[2021-11-07T19:33:21.471] [INFO] info - post params:{"state":1,"roleList":["6134e34e593c3d6f2766a106"],"deptId":["60167059c9027b7d2c520a61","6016728fc6a4417f2d27506e"],"role":1,"createTime":"2021-09-05T16:07:06.116Z","lastLoginTime":"2021-09-05T16:07:06.116Z","userId":1000003,"userName":"shixiaolei","userEmail":"admin@imooc.com@imooc.com@imooc.com","__v":0,"action":"edit"}
[2021-11-07T19:33:21.558] [INFO] info - get params:{"state":"0","pageNum":"1","pageSize":"10","total":"4"}
[2021-11-07T19:33:21.558] [INFO] info - post params:{}
[2021-11-07T19:33:23.868] [INFO] info - get params:{"state":"0","pageNum":"1","pageSize":"10","total":"4"}
[2021-11-07T19:33:23.868] [INFO] info - post params:{}
[2021-11-07T19:33:35.609] [INFO] info - get params:{}
[2021-11-07T19:33:35.610] [INFO] info - post params:{"state":1,"roleList":["60180b07b1eaed6c45fbebdb"],"deptId":["60167059c9027b7d2c520a61","60167345c6a4417f2d27506f"],"role":1,"createTime":"2021-08-15T13:51:33.630Z","lastLoginTime":"2021-08-15T13:51:33.630Z","userId":1000002,"userName":"shiXl","userEmail":"shiXl@imooc.com@imooc.com","__v":0,"job":"前端","mobile":"15854299869","action":"edit"}
[2021-11-07T19:33:35.676] [INFO] info - get params:{"state":"0","pageNum":"1","pageSize":"10","total":"4"}
[2021-11-07T19:33:35.676] [INFO] info - post params:{}
[2021-11-07T19:33:38.196] [INFO] info - get params:{"state":"0","pageNum":"1","pageSize":"10","total":"4"}
[2021-11-07T19:33:38.196] [INFO] info - post params:{}
[2021-11-07T19:33:39.058] [INFO] info - get params:{"state":"0","pageNum":"1","pageSize":"10","total":"4"}
[2021-11-07T19:33:39.058] [INFO] info - post params:{}
[2021-11-07T19:33:39.926] [INFO] info - get params:{"state":"0","pageNum":"1","pageSize":"10","total":"4"}
[2021-11-07T19:33:39.927] [INFO] info - post params:{}
[2021-11-07T19:33:46.967] [INFO] info - get params:{}
[2021-11-07T19:33:46.967] [INFO] info - post params:{"state":1,"roleList":["60180b07b1eaed6c45fbebdb"],"deptId":["60167059c9027b7d2c520a61","60167345c6a4417f2d27506f"],"role":1,"createTime":"2021-08-15T13:51:33.630Z","lastLoginTime":"2021-08-15T13:51:33.630Z","userId":1000002,"userName":"shiXl","userEmail":"shiXl@imooc.com@imooc.com","__v":0,"job":"前端","mobile":"15854299869","action":"edit"}
[2021-11-07T19:33:47.064] [INFO] info - get params:{"state":"0","pageNum":"1","pageSize":"10","total":"4"}
[2021-11-07T19:33:47.064] [INFO] info - post params:{}
[2021-11-07T19:36:43.291] [INFO] info - **数据库连接成功**
[2021-11-07T19:36:46.948] [INFO] info - get params:{"state":"1","pageNum":"1","pageSize":"10"}
[2021-11-07T19:36:46.948] [INFO] info - post params:{}
[2021-11-07T19:36:46.961] [INFO] info - get params:{}
[2021-11-07T19:36:46.961] [INFO] info - post params:{}
[2021-11-07T19:36:46.964] [INFO] info - get params:{}
[2021-11-07T19:36:46.964] [INFO] info - post params:{}
[2021-11-07T19:36:46.968] [INFO] info - get params:{}
[2021-11-07T19:36:46.968] [INFO] info - post params:{}
[2021-11-07T19:37:04.611] [INFO] info - get params:{}
[2021-11-07T19:37:04.611] [INFO] info - post params:{"userIds":[1000003]}
[2021-11-07T19:37:04.642] [INFO] info - get params:{"state":"1","pageNum":"1","pageSize":"10","total":"2"}
[2021-11-07T19:37:04.642] [INFO] info - post params:{}
[2021-11-07T19:37:07.257] [INFO] info - get params:{"deptName":""}
[2021-11-07T19:37:07.257] [INFO] info - post params:{}
[2021-11-07T19:37:07.259] [INFO] info - get params:{}
[2021-11-07T19:37:07.259] [INFO] info - post params:{}
[2021-11-07T19:37:11.474] [INFO] info - get params:{"deptName":""}
[2021-11-07T19:37:11.474] [INFO] info - post params:{}
[2021-11-07T19:37:52.542] [INFO] info - get params:{"menuState":"1"}
[2021-11-07T19:37:52.542] [INFO] info - post params:{}
[2021-11-07T19:38:10.641] [INFO] info - get params:{}
[2021-11-07T19:38:10.642] [INFO] info - post params:{}
[2021-11-07T19:38:10.644] [INFO] info - get params:{"state":"1","pageNum":"1","pageSize":"10"}
[2021-11-07T19:38:10.644] [INFO] info - post params:{}
[2021-11-07T19:38:10.655] [INFO] info - get params:{}
[2021-11-07T19:38:10.655] [INFO] info - post params:{}
[2021-11-07T19:38:24.142] [INFO] info - get params:{"deptName":""}
[2021-11-07T19:38:24.142] [INFO] info - post params:{}
[2021-11-07T19:38:24.149] [INFO] info - get params:{}
[2021-11-07T19:38:24.150] [INFO] info - post params:{}
[2021-11-07T19:38:26.202] [INFO] info - get params:{"roleName":"","total":"0","pageNum":"1","pageSize":"10"}
[2021-11-07T19:38:26.202] [INFO] info - post params:{}
[2021-11-07T19:38:26.204] [INFO] info - get params:{}
[2021-11-07T19:38:26.204] [INFO] info - post params:{}
[2021-11-07T19:42:49.293] [INFO] info - get params:{}
[2021-11-07T19:42:49.293] [INFO] info - post params:{}
[2021-11-08T21:19:02.337] [INFO] info - **数据库连接成功**
[2021-11-08T21:22:01.118] [INFO] info - get params:{}
[2021-11-08T21:22:01.118] [INFO] info - post params:{}
[2021-11-08T21:22:30.464] [INFO] info - get params:{}
[2021-11-08T21:22:30.464] [INFO] info - post params:{"userName":"admin","userPwd":"admin"}
[2021-11-08T21:22:36.189] [INFO] info - get params:{}
[2021-11-08T21:22:36.189] [INFO] info - post params:{"userName":"admin","userPwd":"admin"}
[2021-11-08T21:24:45.277] [INFO] info - get params:{}
[2021-11-08T21:24:45.277] [INFO] info - post params:{"userName":"admin","userPwd":"admin"}
[2021-11-08T21:25:06.023] [INFO] info - get params:{}
[2021-11-08T21:25:06.023] [INFO] info - post params:{"userName":"admin","userPwd":"admin"}
[2021-11-08T21:25:07.655] [INFO] info - get params:{}
[2021-11-08T21:25:07.655] [INFO] info - post params:{"userName":"admin","userPwd":"admin"}
[2021-11-08T21:25:08.094] [INFO] info - get params:{}
[2021-11-08T21:25:08.094] [INFO] info - post params:{"userName":"admin","userPwd":"admin"}
[2021-11-08T21:25:08.280] [INFO] info - get params:{}
[2021-11-08T21:25:08.280] [INFO] info - post params:{"userName":"admin","userPwd":"admin"}
[2021-11-08T21:25:08.446] [INFO] info - get params:{}
[2021-11-08T21:25:08.447] [INFO] info - post params:{"userName":"admin","userPwd":"admin"}
[2021-11-08T21:25:12.513] [INFO] info - get params:{}
[2021-11-08T21:25:12.514] [INFO] info - post params:{"userName":"admin","userPwd":"admin"}
[2021-11-08T21:27:42.026] [INFO] info - get params:{}
[2021-11-08T21:27:42.026] [INFO] info - post params:{"userName":"admin","userPwd":"admin"}
[2021-11-08T21:27:52.160] [INFO] info - **数据库连接成功**
[2021-11-08T21:28:03.401] [INFO] info - get params:{}
[2021-11-08T21:28:03.402] [INFO] info - post params:{"userName":"admin","userPwd":"admin"}
[2021-11-08T21:30:19.630] [INFO] info - get params:{}
[2021-11-08T21:30:19.631] [INFO] info - post params:{"userName":"shiXL","userPwd":"Lei970616"}
[2021-11-08T21:30:29.315] [INFO] info - get params:{}
[2021-11-08T21:30:29.315] [INFO] info - post params:{"userName":"shiXl","userPwd":"Lei970512"}
[2021-11-08T21:30:32.122] [INFO] info - get params:{}
[2021-11-08T21:30:32.122] [INFO] info - post params:{"userName":"shiXl","userPwd":"Lei970512"}
[2021-11-08T21:34:02.880] [INFO] info - get params:{}
[2021-11-08T21:34:02.880] [INFO] info - post params:{"userName":"shiXl","userPwd":"Lei970512"}
[2021-11-08T21:34:09.138] [INFO] info - get params:{}
[2021-11-08T21:34:09.138] [INFO] info - post params:{"userName":"admin","userPwd":"admin"}
[2021-11-08T21:35:14.202] [INFO] info - get params:{}
[2021-11-08T21:35:14.202] [INFO] info - post params:{"userName":"admin","userPwd":"admin"}
[2021-11-08T21:35:41.091] [INFO] info - **数据库连接成功**
[2021-11-08T21:35:52.304] [INFO] info - get params:{}
[2021-11-08T21:35:52.304] [INFO] info - post params:{"userName":"admin","userPwd":"admin"}
[2021-11-08T21:36:15.954] [INFO] info - **数据库连接成功**
[2021-11-08T21:36:28.214] [INFO] info - get params:{}
[2021-11-08T21:36:28.215] [INFO] info - post params:{"userName":"admin","userPwd":"admin"}
[2021-11-08T21:36:28.368] [INFO] info - get params:{}
[2021-11-08T21:36:28.369] [INFO] info - post params:{}
[2021-11-08T21:36:45.553] [INFO] info - get params:{"roleName":"","total":"0","pageNum":"1","pageSize":"10"}
[2021-11-08T21:36:45.553] [INFO] info - post params:{}
[2021-11-08T21:36:45.556] [INFO] info - get params:{}
[2021-11-08T21:36:45.556] [INFO] info - post params:{}
[2021-11-08T21:36:49.654] [INFO] info - get params:{}
[2021-11-08T21:36:49.654] [INFO] info - post params:{"_id":"6134e34e593c3d6f2766a106","action":"delete"}
[2021-11-08T21:36:49.691] [INFO] info - get params:{"roleName":"","total":"1","pageNum":"1","pageSize":"10"}
[2021-11-08T21:36:49.692] [INFO] info - post params:{}
[2021-11-08T21:36:52.266] [INFO] info - get params:{"state":"1","pageNum":"1","pageSize":"10"}
[2021-11-08T21:36:52.266] [INFO] info - post params:{}
[2021-11-08T21:36:52.270] [INFO] info - get params:{}
[2021-11-08T21:36:52.270] [INFO] info - post params:{}
[2021-11-08T21:36:52.276] [INFO] info - get params:{}
[2021-11-08T21:36:52.276] [INFO] info - post params:{}
[2021-11-08T21:37:16.437] [INFO] info - get params:{}
[2021-11-08T21:37:16.437] [INFO] info - post params:{}
[2021-11-08T21:37:16.439] [INFO] info - get params:{"roleName":"","total":"0","pageNum":"1","pageSize":"10"}
[2021-11-08T21:37:16.439] [INFO] info - post params:{}
[2021-11-08T21:37:25.492] [INFO] info - get params:{}
[2021-11-08T21:37:25.492] [INFO] info - post params:{"roleName":"cesium测试","action":"create"}
[2021-11-08T21:37:25.560] [INFO] info - get params:{"roleName":"","total":"0","pageNum":"1","pageSize":"10"}
[2021-11-08T21:37:25.560] [INFO] info - post params:{}
[2021-11-08T21:37:32.909] [INFO] info - get params:{}
[2021-11-08T21:37:32.909] [INFO] info - post params:{"_id":"618928151a8bd11e5e1ab795","permissionList":{"checkedKeys":["612248f38960164b749a35b4","612903055b919fe7d28826d0","61350a8fdfcb30744763fff8"],"halfCheckedKeys":["612244658960164b749a3595","612246f38960164b749a35a4"]}}
[2021-11-08T21:37:32.973] [INFO] info - get params:{"roleName":"","total":"1","pageNum":"1","pageSize":"10"}
[2021-11-08T21:37:32.973] [INFO] info - post params:{}
[2021-11-08T21:37:41.009] [INFO] info - get params:{"roleName":"","total":"0","pageNum":"1","pageSize":"10"}
[2021-11-08T21:37:41.009] [INFO] info - post params:{}
[2021-11-08T21:37:41.010] [INFO] info - get params:{}
[2021-11-08T21:37:41.010] [INFO] info - post params:{}
[2021-11-08T21:37:41.012] [INFO] info - get params:{}
[2021-11-08T21:37:41.013] [INFO] info - post params:{}
[2021-11-08T21:37:48.869] [INFO] info - get params:{"roleName":"","total":"1","pageNum":"1","pageSize":"10"}
[2021-11-08T21:37:48.869] [INFO] info - post params:{}
[2021-11-08T21:39:14.169] [INFO] info - get params:{"roleName":"","total":"0","pageNum":"1","pageSize":"10"}
[2021-11-08T21:39:14.169] [INFO] info - post params:{}
[2021-11-08T21:39:14.171] [INFO] info - get params:{}
[2021-11-08T21:39:14.171] [INFO] info - post params:{}
[2021-11-08T21:39:42.361] [INFO] info - get params:{}
[2021-11-08T21:39:42.361] [INFO] info - post params:{}
[2021-11-08T21:39:42.363] [INFO] info - get params:{"roleName":"","total":"0","pageNum":"1","pageSize":"10"}
[2021-11-08T21:39:42.367] [INFO] info - post params:{}
[2021-11-08T21:39:52.992] [INFO] info - get params:{"roleName":"","total":"0","pageNum":"1","pageSize":"10"}
[2021-11-08T21:39:52.993] [INFO] info - post params:{}
[2021-11-08T21:39:53.001] [INFO] info - get params:{}
[2021-11-08T21:39:53.001] [INFO] info - post params:{}
[2021-11-08T21:39:55.488] [INFO] info - get params:{"roleName":"","total":"0","pageNum":"1","pageSize":"10"}
[2021-11-08T21:39:55.488] [INFO] info - post params:{}
[2021-11-08T21:39:55.490] [INFO] info - get params:{}
[2021-11-08T21:39:55.490] [INFO] info - post params:{}
[2021-11-08T21:41:00.775] [INFO] info - get params:{"roleName":"","total":"0","pageNum":"1","pageSize":"10"}
[2021-11-08T21:41:00.775] [INFO] info - post params:{}
[2021-11-08T21:41:00.780] [INFO] info - get params:{}
[2021-11-08T21:41:00.780] [INFO] info - post params:{}
[2021-11-08T21:41:32.271] [INFO] info - get params:{"roleName":"","total":"0","pageNum":"1","pageSize":"10"}
[2021-11-08T21:41:32.272] [INFO] info - post params:{}
[2021-11-08T21:41:32.277] [INFO] info - get params:{}
[2021-11-08T21:41:32.277] [INFO] info - post params:{}
[2021-11-08T21:41:40.644] [INFO] info - get params:{"roleName":"","total":"0","pageNum":"1","pageSize":"10"}
[2021-11-08T21:41:40.644] [INFO] info - post params:{}
[2021-11-08T21:41:40.645] [INFO] info - get params:{}
[2021-11-08T21:41:40.646] [INFO] info - post params:{}
[2021-11-08T21:41:44.001] [INFO] info - get params:{"roleName":"","total":"0","pageNum":"1","pageSize":"10"}
[2021-11-08T21:41:44.001] [INFO] info - post params:{}
[2021-11-08T21:41:44.003] [INFO] info - get params:{}
[2021-11-08T21:41:44.003] [INFO] info - post params:{}
[2021-11-08T21:41:44.004] [INFO] info - get params:{}
[2021-11-08T21:41:44.004] [INFO] info - post params:{}
[2021-11-08T21:41:53.821] [INFO] info - get params:{"roleName":"","total":"0","pageNum":"1","pageSize":"10"}
[2021-11-08T21:41:53.822] [INFO] info - post params:{}
[2021-11-08T21:41:53.823] [INFO] info - get params:{}
[2021-11-08T21:41:53.823] [INFO] info - post params:{}
[2021-11-08T21:42:45.396] [INFO] info - get params:{"roleName":"","total":"0","pageNum":"1","pageSize":"10"}
[2021-11-08T21:42:45.396] [INFO] info - post params:{}
[2021-11-08T21:42:45.400] [INFO] info - get params:{}
[2021-11-08T21:42:45.400] [INFO] info - post params:{}
[2021-11-08T21:42:50.910] [INFO] info - get params:{"roleName":"","total":"0","pageNum":"1","pageSize":"10"}
[2021-11-08T21:42:50.910] [INFO] info - post params:{}
[2021-11-08T21:42:50.913] [INFO] info - get params:{}
[2021-11-08T21:42:50.913] [INFO] info - post params:{}
[2021-11-08T21:42:50.926] [INFO] info - get params:{}
[2021-11-08T21:42:50.926] [INFO] info - post params:{}
[2021-11-08T21:42:56.292] [INFO] info - get params:{"roleName":"","total":"0","pageNum":"1","pageSize":"10"}
[2021-11-08T21:42:56.292] [INFO] info - post params:{}
[2021-11-08T21:42:56.294] [INFO] info - get params:{}
[2021-11-08T21:42:56.294] [INFO] info - post params:{}
[2021-11-08T21:44:43.389] [INFO] info - get params:{"roleName":"","total":"0","pageNum":"1","pageSize":"10"}
[2021-11-08T21:44:43.389] [INFO] info - post params:{}
[2021-11-08T21:44:43.392] [INFO] info - get params:{}
[2021-11-08T21:44:43.392] [INFO] info - post params:{}
[2021-11-08T21:44:49.659] [INFO] info - get params:{"roleName":"","total":"0","pageNum":"1","pageSize":"10"}
[2021-11-08T21:44:49.659] [INFO] info - post params:{}
[2021-11-08T21:44:49.661] [INFO] info - get params:{}
[2021-11-08T21:44:49.661] [INFO] info - post params:{}
[2021-11-08T21:55:16.913] [INFO] info - get params:{}
[2021-11-08T21:55:16.913] [INFO] info - post params:{}
[2021-11-08T21:55:16.915] [INFO] info - get params:{"roleName":"","total":"0","pageNum":"1","pageSize":"10"}
[2021-11-08T21:55:16.915] [INFO] info - post params:{}
[2021-11-08T21:55:30.189] [INFO] info - get params:{"roleName":"","total":"0","pageNum":"1","pageSize":"10"}
[2021-11-08T21:55:30.189] [INFO] info - post params:{}
[2021-11-08T21:55:30.223] [INFO] info - get params:{}
[2021-11-08T21:55:30.223] [INFO] info - post params:{}
[2021-11-08T21:56:01.498] [INFO] info - get params:{"roleName":"","total":"0","pageNum":"1","pageSize":"10"}
[2021-11-08T21:56:01.498] [INFO] info - post params:{}
[2021-11-08T21:56:01.503] [INFO] info - get params:{}
[2021-11-08T21:56:01.503] [INFO] info - post params:{}
[2021-11-08T21:56:20.531] [INFO] info - get params:{}
[2021-11-08T21:56:20.532] [INFO] info - post params:{}
[2021-11-08T21:56:20.534] [INFO] info - get params:{"roleName":"","total":"0","pageNum":"1","pageSize":"10"}
[2021-11-08T21:56:20.534] [INFO] info - post params:{}
[2021-11-08T21:56:24.407] [INFO] info - get params:{}
[2021-11-08T21:56:24.407] [INFO] info - post params:{}
[2021-11-08T21:56:24.408] [INFO] info - get params:{"roleName":"","total":"0","pageNum":"1","pageSize":"10"}
[2021-11-08T21:56:24.409] [INFO] info - post params:{}
[2021-11-08T21:56:24.418] [INFO] info - get params:{}
[2021-11-08T21:56:24.418] [INFO] info - post params:{}
[2021-11-08T21:56:40.016] [INFO] info - get params:{}
[2021-11-08T21:56:40.016] [INFO] info - post params:{}
[2021-11-08T21:56:40.018] [INFO] info - get params:{"roleName":"","total":"0","pageNum":"1","pageSize":"10"}
[2021-11-08T21:56:40.018] [INFO] info - post params:{}
[2021-11-08T21:56:52.123] [INFO] info - get params:{"roleName":"","total":"0","pageNum":"1","pageSize":"10"}
[2021-11-08T21:56:52.123] [INFO] info - post params:{}
[2021-11-08T21:56:52.124] [INFO] info - get params:{}
[2021-11-08T21:56:52.124] [INFO] info - post params:{}
[2021-11-08T21:57:08.473] [INFO] info - get params:{"roleName":"","total":"0","pageNum":"1","pageSize":"10"}
[2021-11-08T21:57:08.473] [INFO] info - post params:{}
[2021-11-08T21:57:08.478] [INFO] info - get params:{}
[2021-11-08T21:57:08.479] [INFO] info - post params:{}
[2021-11-08T21:57:13.629] [INFO] info - get params:{"roleName":"","total":"0","pageNum":"1","pageSize":"10"}
[2021-11-08T21:57:13.629] [INFO] info - post params:{}
[2021-11-08T21:57:13.630] [INFO] info - get params:{}
[2021-11-08T21:57:13.631] [INFO] info - post params:{}
[2021-11-08T21:57:42.323] [INFO] info - get params:{}
[2021-11-08T21:57:42.323] [INFO] info - post params:{}
[2021-11-08T21:57:42.325] [INFO] info - get params:{"roleName":"","total":"0","pageNum":"1","pageSize":"10"}
[2021-11-08T21:57:42.325] [INFO] info - post params:{}
[2021-11-08T21:57:53.599] [INFO] info - get params:{"roleName":"","total":"0","pageNum":"1","pageSize":"10"}
[2021-11-08T21:57:53.600] [INFO] info - post params:{}
[2021-11-08T21:57:53.620] [INFO] info - get params:{}
[2021-11-08T21:57:53.621] [INFO] info - post params:{}
[2021-11-08T21:58:16.544] [INFO] info - get params:{"roleName":"","total":"0","pageNum":"1","pageSize":"10"}
[2021-11-08T21:58:16.544] [INFO] info - post params:{}
[2021-11-08T21:58:16.545] [INFO] info - get params:{}
[2021-11-08T21:58:16.546] [INFO] info - post params:{}
[2021-11-08T21:58:16.559] [INFO] info - get params:{}
[2021-11-08T21:58:16.559] [INFO] info - post params:{}
[2021-11-08T22:00:27.364] [INFO] info - get params:{"roleName":"","total":"0","pageNum":"1","pageSize":"10"}
[2021-11-08T22:00:27.364] [INFO] info - post params:{}
[2021-11-08T22:00:27.372] [INFO] info - get params:{}
[2021-11-08T22:00:27.372] [INFO] info - post params:{}
[2021-11-08T22:00:31.209] [INFO] info - get params:{"roleName":"","total":"0","pageNum":"1","pageSize":"10"}
[2021-11-08T22:00:31.209] [INFO] info - post params:{}
[2021-11-08T22:00:31.242] [INFO] info - get params:{}
[2021-11-08T22:00:31.242] [INFO] info - post params:{}
[2021-11-08T22:00:31.271] [INFO] info - get params:{}
[2021-11-08T22:00:31.271] [INFO] info - post params:{}
[2021-11-08T22:00:48.995] [INFO] info - get params:{"menuState":"1"}
[2021-11-08T22:00:48.995] [INFO] info - post params:{}
[2021-11-08T22:02:00.035] [INFO] info - get params:{"roleName":"","total":"0","pageNum":"1","pageSize":"10"}
[2021-11-08T22:02:00.035] [INFO] info - post params:{}
[2021-11-08T22:02:00.037] [INFO] info - get params:{}
[2021-11-08T22:02:00.037] [INFO] info - post params:{}
[2021-11-08T22:02:05.448] [INFO] info - get params:{}
[2021-11-08T22:02:05.448] [INFO] info - post params:{"_id":"618928151a8bd11e5e1ab795","permissionList":{"checkedKeys":["61341db34f7bf05be50ac06f","61343028992bf365a35fc1fc","61350967dfcb30744763ffe2","61878060a598ddcb73ae31ad","612248f38960164b749a35b4","612903055b919fe7d28826d0","61350a8fdfcb30744763fff8"],"halfCheckedKeys":["61212795635dd73e0d524f44","612133293782b541c7acaf65","612e351abfe6b94cc3ac50b0","61342ad7363e4f640a101eea","61877fd6a598ddcb73ae31a4","612244658960164b749a3595","612246f38960164b749a35a4"]}}
[2021-11-08T22:02:05.502] [INFO] info - get params:{"roleName":"","total":"1","pageNum":"1","pageSize":"10"}
[2021-11-08T22:02:05.502] [INFO] info - post params:{}
[2021-11-08T22:02:20.944] [INFO] info - get params:{}
[2021-11-08T22:02:20.944] [INFO] info - post params:{"_id":"618928151a8bd11e5e1ab795","permissionList":{"checkedKeys":["612248f38960164b749a35b4","612903055b919fe7d28826d0","61350a8fdfcb30744763fff8"],"halfCheckedKeys":["612244658960164b749a3595","612246f38960164b749a35a4"]}}
[2021-11-08T22:02:20.988] [INFO] info - get params:{"roleName":"","total":"1","pageNum":"1","pageSize":"10"}
[2021-11-08T22:02:20.989] [INFO] info - post params:{}
[2021-11-08T22:02:21.120] [INFO] info - get params:{}
[2021-11-08T22:02:21.120] [INFO] info - post params:{"_id":"618928151a8bd11e5e1ab795","permissionList":{"checkedKeys":["612248f38960164b749a35b4","612903055b919fe7d28826d0","61350a8fdfcb30744763fff8"],"halfCheckedKeys":["612244658960164b749a3595","612246f38960164b749a35a4"]}}
[2021-11-08T22:02:21.148] [INFO] info - get params:{"roleName":"","total":"1","pageNum":"1","pageSize":"10"}
[2021-11-08T22:02:21.148] [INFO] info - post params:{}
[2021-11-08T22:02:36.122] [INFO] info - get params:{"menuState":"1"}
[2021-11-08T22:02:36.122] [INFO] info - post params:{}
[2021-11-08T22:02:44.660] [INFO] info - get params:{}
[2021-11-08T22:02:44.660] [INFO] info - post params:{}
[2021-11-08T22:02:44.661] [INFO] info - get params:{"roleName":"","total":"0","pageNum":"1","pageSize":"10"}
[2021-11-08T22:02:44.661] [INFO] info - post params:{}
[2021-11-08T22:02:49.924] [INFO] info - get params:{}
[2021-11-08T22:02:49.924] [INFO] info - post params:{"_id":"618928151a8bd11e5e1ab795","permissionList":{"checkedKeys":["612127e4635dd73e0d524f4a","612248f38960164b749a35b4","612903055b919fe7d28826d0","61350a8fdfcb30744763fff8"],"halfCheckedKeys":["612244658960164b749a3595","612246f38960164b749a35a4"]}}
[2021-11-08T22:02:49.986] [INFO] info - get params:{"roleName":"","total":"1","pageNum":"1","pageSize":"10"}
[2021-11-08T22:02:49.987] [INFO] info - post params:{}
[2021-11-08T22:02:57.459] [INFO] info - get params:{}
[2021-11-08T22:02:57.459] [INFO] info - post params:{"_id":"618928151a8bd11e5e1ab795","permissionList":{"checkedKeys":[],"halfCheckedKeys":[]}}
[2021-11-08T22:02:57.508] [INFO] info - get params:{"roleName":"","total":"1","pageNum":"1","pageSize":"10"}
[2021-11-08T22:02:57.508] [INFO] info - post params:{}
[2021-11-08T22:04:36.363] [INFO] info - get params:{"state":"1","pageNum":"1","pageSize":"10"}
[2021-11-08T22:04:36.364] [INFO] info - post params:{}
[2021-11-08T22:04:36.366] [INFO] info - get params:{}
[2021-11-08T22:04:36.366] [INFO] info - post params:{}
[2021-11-08T22:04:36.372] [INFO] info - get params:{}
[2021-11-08T22:04:36.372] [INFO] info - post params:{}
[2021-11-08T22:04:45.459] [INFO] info - get params:{"state":"0","pageNum":"1","pageSize":"10","total":"1"}
[2021-11-08T22:04:45.460] [INFO] info - post params:{}
[2021-11-08T22:04:50.450] [INFO] info - get params:{}
[2021-11-08T22:04:50.451] [INFO] info - post params:{"userIds":[1000003]}
[2021-11-08T22:04:52.685] [INFO] info - get params:{}
[2021-11-08T22:04:52.685] [INFO] info - post params:{"userIds":[1000002]}
[2021-11-08T22:04:52.704] [INFO] info - get params:{"state":"0","pageNum":"1","pageSize":"10","total":"4"}
[2021-11-08T22:04:52.704] [INFO] info - post params:{}
[2021-11-08T22:04:54.285] [INFO] info - get params:{}
[2021-11-08T22:04:54.285] [INFO] info - post params:{"userIds":[1000003]}
[2021-11-08T22:04:55.251] [INFO] info - get params:{"state":"0","pageNum":"1","pageSize":"10","total":"4"}
[2021-11-08T22:04:55.252] [INFO] info - post params:{}
[2021-11-08T22:04:55.994] [INFO] info - get params:{"state":"0","pageNum":"1","pageSize":"10","total":"4"}
[2021-11-08T22:04:55.994] [INFO] info - post params:{}
[2021-11-08T22:04:56.746] [INFO] info - get params:{"state":"0","pageNum":"1","pageSize":"10","total":"4"}
[2021-11-08T22:04:56.747] [INFO] info - post params:{}
[2021-11-08T22:04:56.935] [INFO] info - get params:{"state":"0","pageNum":"1","pageSize":"10","total":"4"}
[2021-11-08T22:04:56.935] [INFO] info - post params:{}
[2021-11-08T22:04:58.583] [INFO] info - get params:{}
[2021-11-08T22:04:58.583] [INFO] info - post params:{"userIds":[1000002]}
[2021-11-08T22:04:59.401] [INFO] info - get params:{"state":"0","pageNum":"1","pageSize":"10","total":"4"}
[2021-11-08T22:04:59.401] [INFO] info - post params:{}
[2021-11-08T22:04:59.615] [INFO] info - get params:{"state":"0","pageNum":"1","pageSize":"10","total":"4"}
[2021-11-08T22:04:59.615] [INFO] info - post params:{}
[2021-11-08T22:05:11.486] [INFO] info - get params:{}
[2021-11-08T22:05:11.486] [INFO] info - post params:{"state":1,"roleList":["60180b07b1eaed6c45fbebdb"],"deptId":["60167059c9027b7d2c520a61","60167345c6a4417f2d27506f"],"role":0,"createTime":"2021-01-17T13:32:06.381Z","lastLoginTime":"2021-01-17T13:32:06.381Z","userId":1000002,"userName":"admin","userEmail":"admin@imooc.com@imooc.com","__v":0,"job":"前端","mobile":"15854299869","action":"edit"}
[2021-11-08T22:05:11.546] [INFO] info - get params:{"state":"0","pageNum":"1","pageSize":"10","total":"4"}
[2021-11-08T22:05:11.547] [INFO] info - post params:{}
[2021-11-08T22:05:12.969] [INFO] info - get params:{"state":"0","pageNum":"1","pageSize":"10","total":"4"}
[2021-11-08T22:05:12.970] [INFO] info - post params:{}
[2021-11-08T22:05:15.091] [INFO] info - get params:{"state":"1","pageNum":"1","pageSize":"10","total":"4"}
[2021-11-08T22:05:15.091] [INFO] info - post params:{}
[2021-11-08T22:05:26.604] [INFO] info - get params:{}
[2021-11-08T22:05:26.605] [INFO] info - post params:{"userName":"admin","userPwd":"admin"}
[2021-11-08T22:05:26.669] [INFO] info - get params:{}
[2021-11-08T22:05:26.670] [INFO] info - post params:{}
[2021-11-08T22:06:04.780] [INFO] info - get params:{"state":"1","pageNum":"1","pageSize":"10"}
[2021-11-08T22:06:04.781] [INFO] info - post params:{}
[2021-11-08T22:06:04.783] [INFO] info - get params:{}
[2021-11-08T22:06:04.784] [INFO] info - post params:{}
[2021-11-08T22:06:04.785] [INFO] info - get params:{}
[2021-11-08T22:06:04.785] [INFO] info - post params:{}
[2021-11-08T22:06:07.903] [INFO] info - get params:{"state":"0","pageNum":"1","pageSize":"10","total":"1"}
[2021-11-08T22:06:07.904] [INFO] info - post params:{}
[2021-11-08T22:06:08.441] [INFO] info - get params:{"state":"0","pageNum":"1","pageSize":"10","total":"1"}
[2021-11-08T22:06:08.441] [INFO] info - post params:{}
[2021-11-08T22:06:08.642] [INFO] info - get params:{"state":"0","pageNum":"1","pageSize":"10","total":"1"}
[2021-11-08T22:06:08.642] [INFO] info - post params:{}
[2021-11-08T22:06:10.204] [INFO] info - get params:{"state":"0","pageNum":"1","pageSize":"10","total":"1"}
[2021-11-08T22:06:10.204] [INFO] info - post params:{}
[2021-11-08T22:06:51.157] [INFO] info - get params:{}
[2021-11-08T22:06:51.157] [INFO] info - post params:{"userName":"admin","userPwd":"admin"}
[2021-11-08T22:07:29.898] [INFO] info - get params:{}
[2021-11-08T22:07:29.898] [INFO] info - post params:{"userName":"admin","userPwd":"admin"}
[2021-11-08T22:07:29.964] [INFO] info - get params:{}
[2021-11-08T22:07:29.965] [INFO] info - post params:{}
[2021-11-08T22:07:36.560] [INFO] info - get params:{"state":"1","pageNum":"1","pageSize":"10"}
[2021-11-08T22:07:36.560] [INFO] info - post params:{}
[2021-11-08T22:07:36.561] [INFO] info - get params:{}
[2021-11-08T22:07:36.561] [INFO] info - post params:{}
[2021-11-08T22:07:36.573] [INFO] info - get params:{}
[2021-11-08T22:07:36.573] [INFO] info - post params:{}
[2021-11-08T22:07:41.945] [INFO] info - get params:{"state":"1","pageNum":"1","pageSize":"10","total":"1"}
[2021-11-08T22:07:41.945] [INFO] info - post params:{}
[2021-11-08T22:07:44.036] [INFO] info - get params:{"state":"0","pageNum":"1","pageSize":"10","total":"1"}
[2021-11-08T22:07:44.036] [INFO] info - post params:{}
[2021-11-08T22:07:45.216] [INFO] info - get params:{"state":"0","pageNum":"1","pageSize":"10","total":"1"}
[2021-11-08T22:07:45.217] [INFO] info - post params:{}
[2021-11-08T22:07:47.464] [INFO] info - get params:{"roleName":"","total":"0","pageNum":"1","pageSize":"10"}
[2021-11-08T22:07:47.464] [INFO] info - post params:{}
[2021-11-08T22:07:47.466] [INFO] info - get params:{}
[2021-11-08T22:07:47.466] [INFO] info - post params:{}
[2021-11-08T22:10:22.936] [INFO] info - get params:{"roleName":"","total":"0","pageNum":"1","pageSize":"10"}
[2021-11-08T22:10:22.936] [INFO] info - post params:{}
[2021-11-08T22:10:22.937] [INFO] info - get params:{}
[2021-11-08T22:10:22.937] [INFO] info - post params:{}
[2021-11-08T22:16:23.006] [INFO] info - get params:{"menuState":"1"}
[2021-11-08T22:16:23.007] [INFO] info - post params:{}
[2021-11-08T22:16:36.578] [INFO] info - get params:{}
[2021-11-08T22:16:36.578] [INFO] info - post params:{}
[2021-11-08T22:16:36.579] [INFO] info - get params:{"roleName":"","total":"0","pageNum":"1","pageSize":"10"}
[2021-11-08T22:16:36.579] [INFO] info - post params:{}
[2021-11-08T22:16:37.307] [INFO] info - get params:{}
[2021-11-08T22:16:37.308] [INFO] info - post params:{}
[2021-11-08T22:16:37.309] [INFO] info - get params:{"state":"1","pageNum":"1","pageSize":"10"}
[2021-11-08T22:16:37.309] [INFO] info - post params:{}
[2021-11-08T22:16:37.317] [INFO] info - get params:{}
[2021-11-08T22:16:37.317] [INFO] info - post params:{}
[2021-11-08T22:16:38.037] [INFO] info - get params:{"roleName":"","total":"0","pageNum":"1","pageSize":"10"}
[2021-11-08T22:16:38.037] [INFO] info - post params:{}
[2021-11-08T22:16:38.039] [INFO] info - get params:{}
[2021-11-08T22:16:38.039] [INFO] info - post params:{}
[2021-11-08T22:18:50.428] [INFO] info - get params:{"menuState":"1"}
[2021-11-08T22:18:50.428] [INFO] info - post params:{}
[2021-11-08T22:20:07.410] [INFO] info - get params:{"menuState":"1"}
[2021-11-08T22:20:07.411] [INFO] info - post params:{}
[2021-11-08T22:20:07.419] [INFO] info - get params:{}
[2021-11-08T22:20:07.419] [INFO] info - post params:{}
[2021-11-08T22:20:15.751] [INFO] info - get params:{"deptName":""}
[2021-11-08T22:20:15.752] [INFO] info - post params:{}
[2021-11-08T22:20:15.753] [INFO] info - get params:{}
[2021-11-08T22:20:15.754] [INFO] info - post params:{}
[2021-11-08T22:20:19.674] [INFO] info - get params:{"state":"1","pageNum":"1","pageSize":"10"}
[2021-11-08T22:20:19.674] [INFO] info - post params:{}
[2021-11-08T22:20:19.678] [INFO] info - get params:{}
[2021-11-08T22:20:19.678] [INFO] info - post params:{}
[2021-11-08T22:20:19.686] [INFO] info - get params:{}
[2021-11-08T22:20:19.687] [INFO] info - post params:{}
[2021-11-08T22:20:44.699] [INFO] info - get params:{"state":"1","pageNum":"1","pageSize":"10"}
[2021-11-08T22:20:44.699] [INFO] info - post params:{}
[2021-11-08T22:20:44.700] [INFO] info - get params:{}
[2021-11-08T22:20:44.700] [INFO] info - post params:{}
[2021-11-08T22:20:44.705] [INFO] info - get params:{}
[2021-11-08T22:20:44.705] [INFO] info - post params:{}
[2021-11-08T22:20:57.773] [INFO] info - get params:{}
[2021-11-08T22:20:57.773] [INFO] info - post params:{}
[2021-11-08T22:20:57.774] [INFO] info - get params:{"deptName":""}
[2021-11-08T22:20:57.774] [INFO] info - post params:{}
[2021-11-08T22:20:58.712] [INFO] info - get params:{"roleName":"","total":"0","pageNum":"1","pageSize":"10"}
[2021-11-08T22:20:58.712] [INFO] info - post params:{}
[2021-11-08T22:20:58.720] [INFO] info - get params:{}
[2021-11-08T22:20:58.721] [INFO] info - post params:{}
[2021-11-08T22:21:03.873] [INFO] info - get params:{"roleName":"","total":"0","pageNum":"1","pageSize":"10"}
[2021-11-08T22:21:03.873] [INFO] info - post params:{}
[2021-11-08T22:21:03.874] [INFO] info - get params:{}
[2021-11-08T22:21:03.875] [INFO] info - post params:{}
[2021-11-08T22:21:03.875] [INFO] info - get params:{}
[2021-11-08T22:21:03.875] [INFO] info - post params:{}
[2021-11-08T22:21:14.244] [INFO] info - get params:{}
[2021-11-08T22:21:14.244] [INFO] info - post params:{"_id":"618928151a8bd11e5e1ab795","permissionList":{"checkedKeys":["61350a8fdfcb30744763fff8"],"halfCheckedKeys":["612244658960164b749a3595","612246f38960164b749a35a4"]}}
[2021-11-08T22:21:14.303] [INFO] info - get params:{"roleName":"","total":"1","pageNum":"1","pageSize":"10"}
[2021-11-08T22:21:14.303] [INFO] info - post params:{}
[2021-11-16T22:32:58.448] [INFO] info - **数据库连接成功**
[2021-11-16T22:33:57.078] [INFO] info - get params:{}
[2021-11-16T22:33:57.078] [INFO] info - post params:{}
[2021-11-16T22:34:09.197] [INFO] info - get params:{}
[2021-11-16T22:34:09.198] [INFO] info - post params:{}
[2021-11-16T22:34:20.941] [INFO] info - get params:{}
[2021-11-16T22:34:20.942] [INFO] info - post params:{"userName":"admin","userPwd":"admin"}
[2021-11-16T22:34:21.011] [INFO] info - get params:{}
[2021-11-16T22:34:21.011] [INFO] info - post params:{}
[2021-11-16T22:34:23.631] [INFO] info - get params:{"menuState":"1"}
[2021-11-16T22:34:23.631] [INFO] info - post params:{}
[2021-11-16T22:34:24.254] [INFO] info - get params:{}
[2021-11-16T22:34:24.255] [INFO] info - post params:{}
[2021-11-16T22:34:24.257] [INFO] info - get params:{"roleName":"","total":"0","pageNum":"1","pageSize":"10"}
[2021-11-16T22:34:24.257] [INFO] info - post params:{}
[2021-11-16T22:36:00.263] [INFO] info - get params:{"menuState":"1"}
[2021-11-16T22:36:00.263] [INFO] info - post params:{}
[2021-11-16T22:36:00.265] [INFO] info - get params:{}
[2021-11-16T22:36:00.265] [INFO] info - post params:{}
[2021-11-16T22:36:08.784] [INFO] info - get params:{"roleName":"","total":"0","pageNum":"1","pageSize":"10"}
[2021-11-16T22:36:08.784] [INFO] info - post params:{}
[2021-11-16T22:36:08.786] [INFO] info - get params:{}
[2021-11-16T22:36:08.786] [INFO] info - post params:{}
[2021-11-16T22:37:10.408] [INFO] info - get params:{"roleName":"","total":"0","pageNum":"1","pageSize":"10"}
[2021-11-16T22:37:10.408] [INFO] info - post params:{}
[2021-11-16T22:37:10.412] [INFO] info - get params:{}
[2021-11-16T22:37:10.412] [INFO] info - post params:{}
[2021-11-16T22:37:10.413] [INFO] info - get params:{}
[2021-11-16T22:37:10.413] [INFO] info - post params:{}
[2021-11-16T22:37:17.830] [INFO] info - get params:{"state":"1","pageNum":"1","pageSize":"10"}
[2021-11-16T22:37:17.830] [INFO] info - post params:{}
[2021-11-16T22:37:17.833] [INFO] info - get params:{}
[2021-11-16T22:37:17.833] [INFO] info - post params:{}
[2021-11-16T22:37:17.839] [INFO] info - get params:{}
[2021-11-16T22:37:17.839] [INFO] info - post params:{}
[2021-11-16T22:37:20.460] [INFO] info - get params:{"deptName":""}
[2021-11-16T22:37:20.461] [INFO] info - post params:{}
[2021-11-16T22:37:20.468] [INFO] info - get params:{}
[2021-11-16T22:37:20.468] [INFO] info - post params:{}
[2021-11-16T22:37:37.511] [INFO] info - get params:{"roleName":"","total":"0","pageNum":"1","pageSize":"10"}
[2021-11-16T22:37:37.511] [INFO] info - post params:{}
[2021-11-16T22:37:37.512] [INFO] info - get params:{}
[2021-11-16T22:37:37.512] [INFO] info - post params:{}
[2021-11-16T22:37:38.512] [INFO] info - get params:{"menuState":"1"}
[2021-11-16T22:37:38.512] [INFO] info - post params:{}
[2021-11-16T23:02:39.155] [INFO] info - get params:{}
[2021-11-16T23:02:39.155] [INFO] info - post params:{}
[2021-11-16T23:02:39.157] [INFO] info - get params:{"menuState":"1"}
[2021-11-16T23:02:39.157] [INFO] info - post params:{}
[2021-11-16T23:20:59.268] [INFO] info - get params:{}
[2021-11-16T23:20:59.268] [INFO] info - post params:{}
[2021-11-16T23:20:59.269] [INFO] info - get params:{"menuState":"1"}
[2021-11-16T23:20:59.269] [INFO] info - post params:{}
[2021-11-16T23:21:23.581] [INFO] info - get params:{"menuState":"1"}
[2021-11-16T23:21:23.581] [INFO] info - post params:{}
[2021-11-16T23:21:23.582] [INFO] info - get params:{}
[2021-11-16T23:21:23.582] [INFO] info - post params:{}
[2021-11-16T23:22:07.887] [INFO] info - get params:{}
[2021-11-16T23:22:07.887] [INFO] info - post params:{}
[2021-11-16T23:22:07.888] [INFO] info - get params:{"menuState":"1"}
[2021-11-16T23:22:07.888] [INFO] info - post params:{}
[2021-11-16T23:22:09.996] [INFO] info - get params:{"menuState":"1"}
[2021-11-16T23:22:09.996] [INFO] info - post params:{}
[2021-11-16T23:22:09.997] [INFO] info - get params:{}
[2021-11-16T23:22:09.997] [INFO] info - post params:{}
[2021-11-16T23:22:35.212] [INFO] info - **数据库连接成功**
[2021-11-16T23:22:48.417] [INFO] info - get params:{"menuState":"1"}
[2021-11-16T23:22:48.417] [INFO] info - post params:{}
[2021-11-16T23:22:48.428] [INFO] info - get params:{}
[2021-11-16T23:22:48.428] [INFO] info - post params:{}
[2021-11-16T23:25:17.630] [INFO] info - get params:{}
[2021-11-16T23:25:17.631] [INFO] info - post params:{}
[2021-11-16T23:25:17.632] [INFO] info - get params:{"menuState":"1"}
[2021-11-16T23:25:17.632] [INFO] info - post params:{}
[2021-11-16T23:26:03.900] [INFO] info - get params:{"menuState":"1"}
[2021-11-16T23:26:03.900] [INFO] info - post params:{}
[2021-11-16T23:26:03.909] [INFO] info - get params:{}
[2021-11-16T23:26:03.910] [INFO] info - post params:{}
[2021-11-16T23:26:11.942] [INFO] info - get params:{}
[2021-11-16T23:26:11.942] [INFO] info - post params:{}
[2021-11-16T23:26:11.944] [INFO] info - get params:{"menuState":"1"}
[2021-11-16T23:26:11.945] [INFO] info - post params:{}
[2021-11-16T23:27:59.145] [INFO] info - get params:{"menuState":"1"}
[2021-11-16T23:27:59.145] [INFO] info - post params:{}
[2021-11-16T23:27:59.155] [INFO] info - get params:{}
[2021-11-16T23:27:59.155] [INFO] info - post params:{}
[2021-11-16T23:28:05.306] [INFO] info - get params:{}
[2021-11-16T23:28:05.307] [INFO] info - post params:{"userName":"admin","userPwd":"admin"}
[2021-11-16T23:28:05.405] [INFO] info - get params:{}
[2021-11-16T23:28:05.405] [INFO] info - post params:{}
[2021-11-16T23:29:00.574] [INFO] info - **数据库连接成功**
[2021-11-16T23:29:05.530] [INFO] info - get params:{}
[2021-11-16T23:29:05.530] [INFO] info - post params:{}
[2021-11-16T23:31:03.824] [INFO] info - get params:{}
[2021-11-16T23:31:03.824] [INFO] info - post params:{}
[2021-11-16T23:31:09.480] [INFO] info - get params:{}
[2021-11-16T23:31:09.480] [INFO] info - post params:{}
[2021-11-16T23:31:18.363] [INFO] info - get params:{}
[2021-11-16T23:31:18.363] [INFO] info - post params:{}
[2021-11-16T23:31:32.959] [INFO] info - get params:{}
[2021-11-16T23:31:32.959] [INFO] info - post params:{}
[2021-11-16T23:32:51.973] [INFO] info - get params:{}
[2021-11-16T23:32:51.973] [INFO] info - post params:{}
[2021-11-16T23:37:50.946] [INFO] info - get params:{}
[2021-11-16T23:37:50.946] [INFO] info - post params:{}
[2021-11-16T23:38:09.722] [INFO] info - get params:{}
[2021-11-16T23:38:09.722] [INFO] info - post params:{"userName":"admin","userPwd":"admin"}
[2021-11-16T23:38:09.796] [INFO] info - get params:{}
[2021-11-16T23:38:09.796] [INFO] info - post params:{}
[2021-11-16T23:40:37.810] [INFO] info - get params:{}
[2021-11-16T23:40:37.810] [INFO] info - post params:{}
[2021-11-16T23:40:47.170] [INFO] info - get params:{}
[2021-11-16T23:40:47.170] [INFO] info - post params:{}
[2021-11-16T23:42:50.529] [INFO] info - get params:{}
[2021-11-16T23:42:50.529] [INFO] info - post params:{}
[2021-11-16T23:43:02.929] [INFO] info - get params:{}
[2021-11-16T23:43:02.929] [INFO] info - post params:{}
[2021-11-16T23:44:16.730] [INFO] info - get params:{}
[2021-11-16T23:44:16.730] [INFO] info - post params:{}
[2021-11-16T23:44:17.708] [INFO] info - get params:{}
[2021-11-16T23:44:17.708] [INFO] info - post params:{}
[2021-11-16T23:44:38.254] [INFO] info - get params:{}
[2021-11-16T23:44:38.254] [INFO] info - post params:{}
[2021-11-16T23:44:48.953] [INFO] info - get params:{}
[2021-11-16T23:44:48.953] [INFO] info - post params:{"userName":"admin","userPwd":"admin"}
[2021-11-16T23:44:49.001] [INFO] info - get params:{}
[2021-11-16T23:44:49.001] [INFO] info - post params:{}
[2021-11-16T23:46:55.767] [INFO] info - get params:{"state":"1","pageNum":"1","pageSize":"10"}
[2021-11-16T23:46:55.767] [INFO] info - post params:{}
[2021-11-16T23:46:55.777] [INFO] info - get params:{}
[2021-11-16T23:46:55.777] [INFO] info - post params:{}
[2021-11-16T23:46:55.784] [INFO] info - get params:{}
[2021-11-16T23:46:55.784] [INFO] info - post params:{}
[2021-11-16T23:47:06.835] [INFO] info - get params:{"state":"1","pageNum":"1","pageSize":"10"}
[2021-11-16T23:47:06.836] [INFO] info - post params:{}
[2021-11-16T23:47:06.847] [INFO] info - get params:{}
[2021-11-16T23:47:06.847] [INFO] info - post params:{}
[2021-11-16T23:47:06.848] [INFO] info - get params:{}
[2021-11-16T23:47:06.848] [INFO] info - post params:{}
[2021-11-16T23:47:06.849] [INFO] info - get params:{}
[2021-11-16T23:47:06.849] [INFO] info - post params:{}
[2021-11-16T23:48:30.894] [INFO] info - get params:{"state":"1","pageNum":"1","pageSize":"10"}
[2021-11-16T23:48:30.894] [INFO] info - post params:{}
[2021-11-16T23:48:30.904] [INFO] info - get params:{}
[2021-11-16T23:48:30.905] [INFO] info - post params:{}
[2021-11-16T23:48:30.910] [INFO] info - get params:{}
[2021-11-16T23:48:30.910] [INFO] info - post params:{}
[2021-11-16T23:48:30.912] [INFO] info - get params:{}
[2021-11-16T23:48:30.913] [INFO] info - post params:{}
[2021-11-16T23:48:37.883] [INFO] info - get params:{}
[2021-11-16T23:48:37.883] [INFO] info - post params:{}
[2021-11-16T23:48:37.884] [INFO] info - get params:{"state":"1","pageNum":"1","pageSize":"10"}
[2021-11-16T23:48:37.884] [INFO] info - post params:{}
[2021-11-16T23:48:37.886] [INFO] info - get params:{}
[2021-11-16T23:48:37.887] [INFO] info - post params:{}
[2021-11-16T23:48:37.887] [INFO] info - get params:{}
[2021-11-16T23:48:37.887] [INFO] info - post params:{}
[2021-11-16T23:49:42.375] [INFO] info - get params:{}
[2021-11-16T23:49:42.375] [INFO] info - post params:{}
[2021-11-16T23:49:42.379] [INFO] info - get params:{"state":"1","pageNum":"1","pageSize":"10"}
[2021-11-16T23:49:42.379] [INFO] info - post params:{}
[2021-11-16T23:49:42.381] [INFO] info - get params:{}
[2021-11-16T23:49:42.381] [INFO] info - post params:{}
[2021-11-16T23:49:42.382] [INFO] info - get params:{}
[2021-11-16T23:49:42.382] [INFO] info - post params:{}
[2021-11-16T23:49:45.982] [INFO] info - get params:{"state":"1","pageNum":"1","pageSize":"10"}
[2021-11-16T23:49:45.983] [INFO] info - post params:{}
[2021-11-16T23:49:45.984] [INFO] info - get params:{}
[2021-11-16T23:49:45.984] [INFO] info - post params:{}
[2021-11-16T23:49:45.998] [INFO] info - get params:{}
[2021-11-16T23:49:45.998] [INFO] info - post params:{}
[2021-11-16T23:49:46.000] [INFO] info - get params:{}
[2021-11-16T23:49:46.000] [INFO] info - post params:{}
[2021-11-16T23:49:52.184] [INFO] info - get params:{"state":"1","pageNum":"1","pageSize":"10"}
[2021-11-16T23:49:52.184] [INFO] info - post params:{}
[2021-11-16T23:49:52.191] [INFO] info - get params:{}
[2021-11-16T23:49:52.191] [INFO] info - post params:{}
[2021-11-16T23:49:52.193] [INFO] info - get params:{}
[2021-11-16T23:49:52.194] [INFO] info - post params:{}
[2021-11-16T23:49:52.194] [INFO] info - get params:{}
[2021-11-16T23:49:52.195] [INFO] info - post params:{}
[2021-11-16T23:50:04.095] [INFO] info - get params:{"state":"1","pageNum":"1","pageSize":"10"}
[2021-11-16T23:50:04.096] [INFO] info - post params:{}
[2021-11-16T23:50:04.097] [INFO] info - get params:{}
[2021-11-16T23:50:04.097] [INFO] info - post params:{}
[2021-11-16T23:50:04.107] [INFO] info - get params:{}
[2021-11-16T23:50:04.107] [INFO] info - post params:{}
[2021-11-16T23:50:11.235] [INFO] info - get params:{"state":"1","pageNum":"1","pageSize":"10"}
[2021-11-16T23:50:11.236] [INFO] info - post params:{}
[2021-11-16T23:50:11.239] [INFO] info - get params:{}
[2021-11-16T23:50:11.239] [INFO] info - post params:{}
[2021-11-16T23:50:11.242] [INFO] info - get params:{}
[2021-11-16T23:50:11.242] [INFO] info - post params:{}
[2021-11-16T23:50:11.259] [INFO] info - get params:{}
[2021-11-16T23:50:11.259] [INFO] info - post params:{}
[2021-11-16T23:50:43.548] [INFO] info - get params:{}
[2021-11-16T23:50:43.548] [INFO] info - post params:{}
[2021-11-16T23:50:43.549] [INFO] info - get params:{"state":"1","pageNum":"1","pageSize":"10"}
[2021-11-16T23:50:43.550] [INFO] info - post params:{}
[2021-11-16T23:50:43.551] [INFO] info - get params:{}
[2021-11-16T23:50:43.551] [INFO] info - post params:{}
[2021-11-16T23:50:43.561] [INFO] info - get params:{}
[2021-11-16T23:50:43.561] [INFO] info - post params:{}
[2021-11-16T23:51:34.680] [INFO] info - get params:{"state":"1","pageNum":"1","pageSize":"10"}
[2021-11-16T23:51:34.680] [INFO] info - post params:{}
[2021-11-16T23:51:34.685] [INFO] info - get params:{}
[2021-11-16T23:51:34.686] [INFO] info - post params:{}
[2021-11-16T23:51:34.688] [INFO] info - get params:{}
[2021-11-16T23:51:34.688] [INFO] info - post params:{}
[2021-11-16T23:51:34.693] [INFO] info - get params:{}
[2021-11-16T23:51:34.693] [INFO] info - post params:{}
[2021-11-16T23:56:22.975] [INFO] info - **数据库连接成功**
[2021-11-16T23:56:36.278] [INFO] info - get params:{}
[2021-11-16T23:56:36.278] [INFO] info - post params:{}
[2021-11-16T23:56:36.288] [INFO] info - get params:{}
[2021-11-16T23:56:36.288] [INFO] info - post params:{}
[2021-11-16T23:56:36.293] [INFO] info - get params:{"state":"1","pageNum":"1","pageSize":"10"}
[2021-11-16T23:56:36.293] [INFO] info - post params:{}
[2021-11-16T23:56:36.295] [INFO] info - get params:{}
[2021-11-16T23:56:36.295] [INFO] info - post params:{}
[2021-11-16T23:57:08.833] [INFO] info - get params:{"state":"1","pageNum":"1","pageSize":"10"}
[2021-11-16T23:57:08.833] [INFO] info - post params:{}
[2021-11-16T23:57:08.842] [INFO] info - get params:{}
[2021-11-16T23:57:08.842] [INFO] info - post params:{}
[2021-11-16T23:57:08.845] [INFO] info - get params:{}
[2021-11-16T23:57:08.845] [INFO] info - post params:{}
[2021-11-16T23:57:08.854] [INFO] info - get params:{}
[2021-11-16T23:57:08.855] [INFO] info - post params:{}
[2021-11-16T23:58:16.176] [INFO] info - **数据库连接成功**
[2021-11-16T23:58:21.016] [INFO] info - get params:{}
[2021-11-16T23:58:21.017] [INFO] info - post params:{}
[2021-11-16T23:58:21.032] [INFO] info - get params:{"state":"1","pageNum":"1","pageSize":"10"}
[2021-11-16T23:58:21.032] [INFO] info - post params:{}
[2021-11-16T23:58:21.034] [INFO] info - get params:{}
[2021-11-16T23:58:21.034] [INFO] info - post params:{}
[2021-11-16T23:58:21.036] [INFO] info - get params:{}
[2021-11-16T23:58:21.036] [INFO] info - post params:{}
[2021-11-16T23:59:28.053] [INFO] info - **数据库连接成功**
[2021-11-16T23:59:33.085] [INFO] info - get params:{"state":"1","pageNum":"1","pageSize":"10"}
[2021-11-16T23:59:33.086] [INFO] info - post params:{}
[2021-11-16T23:59:33.109] [INFO] info - get params:{}
[2021-11-16T23:59:33.109] [INFO] info - post params:{}
[2021-11-16T23:59:33.112] [INFO] info - get params:{}
[2021-11-16T23:59:33.112] [INFO] info - post params:{}
[2021-11-16T23:59:33.113] [INFO] info - get params:{}
[2021-11-16T23:59:33.114] [INFO] info - post params:{}
[2021-11-16T23:59:49.194] [INFO] info - get params:{"state":"1","pageNum":"1","pageSize":"10"}
[2021-11-16T23:59:49.194] [INFO] info - post params:{}
[2021-11-16T23:59:49.197] [INFO] info - get params:{}
[2021-11-16T23:59:49.197] [INFO] info - post params:{}
[2021-11-16T23:59:49.203] [INFO] info - get params:{}
[2021-11-16T23:59:49.203] [INFO] info - post params:{}
[2021-11-16T23:59:49.214] [INFO] info - get params:{}
[2021-11-16T23:59:49.214] [INFO] info - post params:{}
[2021-11-16T23:59:59.907] [INFO] info - **数据库连接成功**
[2021-11-17T00:00:03.423] [INFO] info - get params:{"state":"1","pageNum":"1","pageSize":"10"}
[2021-11-17T00:00:03.424] [INFO] info - post params:{}
[2021-11-17T00:00:03.439] [INFO] info - get params:{}
[2021-11-17T00:00:03.439] [INFO] info - post params:{}
[2021-11-17T00:00:03.441] [INFO] info - get params:{}
[2021-11-17T00:00:03.441] [INFO] info - post params:{}
[2021-11-17T00:00:03.455] [INFO] info - get params:{}
[2021-11-17T00:00:03.455] [INFO] info - post params:{}
[2021-11-17T00:01:45.825] [INFO] info - **数据库连接成功**
[2021-11-17T00:01:45.866] [INFO] info - get params:{"state":"1","pageNum":"1","pageSize":"10"}
[2021-11-17T00:01:45.866] [INFO] info - post params:{}
[2021-11-17T00:01:45.880] [INFO] info - get params:{}
[2021-11-17T00:01:45.880] [INFO] info - post params:{}
[2021-11-17T00:01:45.882] [INFO] info - get params:{}
[2021-11-17T00:01:45.882] [INFO] info - post params:{}
[2021-11-17T00:01:45.886] [INFO] info - get params:{}
[2021-11-17T00:01:45.886] [INFO] info - post params:{}
[2021-11-17T00:04:35.855] [INFO] info - get params:{"state":"1","pageNum":"1","pageSize":"10"}
[2021-11-17T00:04:35.855] [INFO] info - post params:{}
[2021-11-17T00:04:35.858] [INFO] info - get params:{}
[2021-11-17T00:04:35.858] [INFO] info - post params:{}
[2021-11-17T00:04:35.859] [INFO] info - get params:{}
[2021-11-17T00:04:35.859] [INFO] info - post params:{}
[2021-11-17T00:04:35.872] [INFO] info - get params:{}
[2021-11-17T00:04:35.872] [INFO] info - post params:{}
[2021-11-17T22:14:41.900] [INFO] info - **数据库连接成功**
[2021-11-17T22:14:48.403] [INFO] info - get params:{}
[2021-11-17T22:14:48.404] [INFO] info - post params:{}
[2021-11-17T22:16:20.334] [INFO] info - get params:{}
[2021-11-17T22:16:20.335] [INFO] info - post params:{"userName":"admin","userPwd":"admin"}
[2021-11-17T22:16:20.415] [INFO] info - get params:{}
[2021-11-17T22:16:20.415] [INFO] info - post params:{}
[2021-11-17T22:17:34.602] [INFO] info - get params:{}
[2021-11-17T22:17:34.602] [INFO] info - post params:{}
[2021-11-17T22:17:56.476] [INFO] info - get params:{}
[2021-11-17T22:17:56.476] [INFO] info - post params:{}
[2021-11-17T22:18:10.248] [INFO] info - **数据库连接成功**
[2021-11-17T22:18:13.076] [INFO] info - get params:{}
[2021-11-17T22:18:13.077] [INFO] info - post params:{}
[2021-11-17T22:25:03.829] [INFO] info - get params:{}
[2021-11-17T22:25:03.829] [INFO] info - post params:{}
[2021-11-17T22:25:07.305] [INFO] info - get params:{}
[2021-11-17T22:25:07.305] [INFO] info - post params:{}
[2021-11-17T22:25:15.351] [INFO] info - get params:{}
[2021-11-17T22:25:15.351] [INFO] info - post params:{}
[2021-11-17T22:27:10.780] [INFO] info - get params:{}
[2021-11-17T22:27:10.780] [INFO] info - post params:{}
[2021-11-17T22:28:51.753] [INFO] info - get params:{}
[2021-11-17T22:28:51.753] [INFO] info - post params:{}
[2021-11-17T22:29:17.632] [INFO] info - **数据库连接成功**
[2021-11-17T22:29:21.507] [INFO] info - get params:{}
[2021-11-17T22:29:21.507] [INFO] info - post params:{}
[2021-11-17T22:29:44.225] [INFO] info - get params:{}
[2021-11-17T22:29:44.225] [INFO] info - post params:{}
[2021-11-17T22:30:02.544] [INFO] info - get params:{}
[2021-11-17T22:30:02.544] [INFO] info - post params:{}
[2021-11-17T22:30:37.328] [INFO] info - get params:{}
[2021-11-17T22:30:37.329] [INFO] info - post params:{}
[2021-11-17T22:31:42.648] [INFO] info - get params:{}
[2021-11-17T22:31:42.648] [INFO] info - post params:{}
[2021-11-17T22:31:52.865] [INFO] info - **数据库连接成功**
[2021-11-17T22:31:57.962] [INFO] info - get params:{}
[2021-11-17T22:31:57.962] [INFO] info - post params:{"userName":"admin","userPwd":"admin"}
[2021-11-17T22:31:58.046] [INFO] info - get params:{}
[2021-11-17T22:31:58.046] [INFO] info - post params:{}
[2021-11-17T22:44:44.294] [INFO] info - get params:{"state":"1","pageNum":"1","pageSize":"10"}
[2021-11-17T22:44:44.294] [INFO] info - post params:{}
[2021-11-17T22:44:44.305] [INFO] info - get params:{}
[2021-11-17T22:44:44.305] [INFO] info - post params:{}
[2021-11-17T22:44:44.307] [INFO] info - get params:{}
[2021-11-17T22:44:44.307] [INFO] info - post params:{}
[2021-11-17T22:45:06.429] [INFO] info - get params:{"menuState":"1"}
[2021-11-17T22:45:06.429] [INFO] info - post params:{}
[2021-11-17T22:45:08.142] [INFO] info - get params:{"roleName":"","total":"0","pageNum":"1","pageSize":"10"}
[2021-11-17T22:45:08.142] [INFO] info - post params:{}
[2021-11-17T22:45:08.144] [INFO] info - get params:{}
[2021-11-17T22:45:08.145] [INFO] info - post params:{}
[2021-11-17T22:45:59.090] [INFO] info - get params:{}
[2021-11-17T22:45:59.090] [INFO] info - post params:{"roleName":"普通用户","action":"create"}
[2021-11-17T22:45:59.148] [INFO] info - get params:{"roleName":"","total":"1","pageNum":"1","pageSize":"10"}
[2021-11-17T22:45:59.148] [INFO] info - post params:{}
[2021-11-17T22:46:10.122] [INFO] info - get params:{}
[2021-11-17T22:46:10.122] [INFO] info - post params:{"_id":"619515a74b5a1f04ffb22143","permissionList":{"checkedKeys":["612248f38960164b749a35b4","612903055b919fe7d28826d0","61350a8fdfcb30744763fff8"],"halfCheckedKeys":["612244658960164b749a3595","612246f38960164b749a35a4"]}}
[2021-11-17T22:46:10.179] [INFO] info - get params:{"roleName":"","total":"2","pageNum":"1","pageSize":"10"}
[2021-11-17T22:46:10.180] [INFO] info - post params:{}
[2021-11-17T22:46:14.950] [INFO] info - get params:{}
[2021-11-17T22:46:14.950] [INFO] info - post params:{}
[2021-11-17T22:46:14.951] [INFO] info - get params:{"state":"1","pageNum":"1","pageSize":"10"}
[2021-11-17T22:46:14.952] [INFO] info - post params:{}
[2021-11-17T22:46:14.960] [INFO] info - get params:{}
[2021-11-17T22:46:14.960] [INFO] info - post params:{}
[2021-11-17T22:46:25.368] [INFO] info - get params:{}
[2021-11-17T22:46:25.369] [INFO] info - post params:{"state":3,"roleList":[],"userName":"测试1","userEmail":"2111@imooc.com","deptId":["6187b74ed4005ed265a9531a"],"action":"add"}
[2021-11-17T22:46:25.450] [INFO] info - get params:{"state":"1","pageNum":"1","pageSize":"10","total":"1"}
[2021-11-17T22:46:25.451] [INFO] info - post params:{}
[2021-11-17T22:46:34.420] [INFO] info - get params:{"state":"1","pageNum":"1","pageSize":"10","total":"1"}
[2021-11-17T22:46:34.420] [INFO] info - post params:{}
[2021-11-17T22:46:36.977] [INFO] info - get params:{"state":"0","pageNum":"1","pageSize":"10","total":"1"}
[2021-11-17T22:46:36.978] [INFO] info - post params:{}
[2021-11-17T22:46:47.342] [INFO] info - get params:{"roleName":"","total":"0","pageNum":"1","pageSize":"10"}
[2021-11-17T22:46:47.342] [INFO] info - post params:{}
[2021-11-17T22:46:47.343] [INFO] info - get params:{}
[2021-11-17T22:46:47.343] [INFO] info - post params:{}
[2021-11-17T22:46:48.035] [INFO] info - get params:{"state":"1","pageNum":"1","pageSize":"10"}
[2021-11-17T22:46:48.035] [INFO] info - post params:{}
[2021-11-17T22:46:48.038] [INFO] info - get params:{}
[2021-11-17T22:46:48.038] [INFO] info - post params:{}
[2021-11-17T22:46:48.043] [INFO] info - get params:{}
[2021-11-17T22:46:48.043] [INFO] info - post params:{}
[2021-11-17T22:46:51.701] [INFO] info - get params:{"state":"3","pageNum":"1","pageSize":"10","total":"1"}
[2021-11-17T22:46:51.701] [INFO] info - post params:{}
[2021-11-17T22:46:59.624] [INFO] info - get params:{}
[2021-11-17T22:46:59.624] [INFO] info - post params:{"state":3,"roleList":["619515a74b5a1f04ffb22143"],"deptId":["6187b74ed4005ed265a9531a"],"role":1,"createTime":"2021-11-17T14:31:52.803Z","lastLoginTime":"2021-11-17T14:31:52.803Z","userId":1000004,"userName":"测试1","userEmail":"2111@imooc.com@imooc.com","__v":0,"action":"edit"}
[2021-11-17T22:46:59.700] [INFO] info - get params:{"state":"3","pageNum":"1","pageSize":"10","total":"1"}
[2021-11-17T22:46:59.700] [INFO] info - post params:{}
[2021-11-17T22:47:03.886] [INFO] info - get params:{"deptName":""}
[2021-11-17T22:47:03.886] [INFO] info - post params:{}
[2021-11-17T22:47:03.891] [INFO] info - get params:{}
[2021-11-17T22:47:03.892] [INFO] info - post params:{}
[2021-11-17T22:47:08.492] [INFO] info - get params:{"menuState":"1"}
[2021-11-17T22:47:08.492] [INFO] info - post params:{}
[2021-11-17T22:47:10.979] [INFO] info - get params:{}
[2021-11-17T22:47:10.980] [INFO] info - post params:{}
[2021-11-17T22:47:10.982] [INFO] info - get params:{"state":"1","pageNum":"1","pageSize":"10"}
[2021-11-17T22:47:10.982] [INFO] info - post params:{}
[2021-11-17T22:47:10.991] [INFO] info - get params:{}
[2021-11-17T22:47:10.991] [INFO] info - post params:{}
[2021-11-17T22:51:31.417] [INFO] info - get params:{}
[2021-11-17T22:51:31.418] [INFO] info - post params:{"userName":"测试1","userPwd":"123456"}
[2021-11-17T22:51:31.465] [INFO] info - get params:{}
[2021-11-17T22:51:31.465] [INFO] info - post params:{}
[2021-11-17T22:51:43.280] [INFO] info - get params:{}
[2021-11-17T22:51:43.280] [INFO] info - post params:{}
[2021-11-17T22:52:21.799] [INFO] info - get params:{}
[2021-11-17T22:52:21.800] [INFO] info - post params:{}
[2021-11-17T22:52:34.325] [INFO] info - get params:{}
[2021-11-17T22:52:34.325] [INFO] info - post params:{"userName":"测试1","userPwd":"123456"}
[2021-11-17T22:52:34.378] [INFO] info - get params:{}
[2021-11-17T22:52:34.379] [INFO] info - post params:{}
[2021-11-17T22:53:39.907] [INFO] info - **数据库连接成功**
[2021-11-17T22:53:51.182] [INFO] info - get params:{}
[2021-11-17T22:53:51.182] [INFO] info - post params:{"userName":"测试1","userPwd":"123456"}
[2021-11-17T22:53:51.258] [INFO] info - get params:{}
[2021-11-17T22:53:51.259] [INFO] info - post params:{}
[2021-11-17T22:54:31.812] [INFO] info - get params:{}
[2021-11-17T22:54:31.812] [INFO] info - post params:{}
[2021-11-17T22:54:44.216] [INFO] info - **数据库连接成功**
[2021-11-17T22:54:47.511] [INFO] info - get params:{}
[2021-11-17T22:54:47.511] [INFO] info - post params:{"userName":"测试1","userPwd":"123456"}
[2021-11-17T22:54:47.584] [INFO] info - get params:{}
[2021-11-17T22:54:47.584] [INFO] info - post params:{}
[2021-11-17T22:54:53.481] [INFO] info - get params:{}
[2021-11-17T22:54:53.481] [INFO] info - post params:{}
[2021-11-18T22:06:14.408] [INFO] info - **数据库连接成功**
[2021-11-18T22:06:27.182] [INFO] info - get params:{}
[2021-11-18T22:06:27.183] [INFO] info - post params:{}
[2021-11-18T22:06:42.456] [INFO] info - get params:{}
[2021-11-18T22:06:42.456] [INFO] info - post params:{"userName":"admin","userPwd":"admin"}
[2021-11-18T22:06:42.527] [INFO] info - get params:{}
[2021-11-18T22:06:42.527] [INFO] info - post params:{}
[2021-11-18T22:07:44.411] [INFO] info - get params:{"roleName":"","total":"0","pageNum":"1","pageSize":"10"}
[2021-11-18T22:07:44.411] [INFO] info - post params:{}
[2021-11-18T22:07:44.413] [INFO] info - get params:{}
[2021-11-18T22:07:44.413] [INFO] info - post params:{}
[2021-11-18T22:07:45.265] [INFO] info - get params:{}
[2021-11-18T22:07:45.266] [INFO] info - post params:{}
[2021-11-18T22:07:45.271] [INFO] info - get params:{"state":"1","pageNum":"1","pageSize":"10"}
[2021-11-18T22:07:45.271] [INFO] info - post params:{}
[2021-11-18T22:07:45.276] [INFO] info - get params:{}
[2021-11-18T22:07:45.276] [INFO] info - post params:{}
[2021-11-18T22:07:46.844] [INFO] info - get params:{"roleName":"","total":"0","pageNum":"1","pageSize":"10"}
[2021-11-18T22:07:46.845] [INFO] info - post params:{}
[2021-11-18T22:07:46.846] [INFO] info - get params:{}
[2021-11-18T22:07:46.846] [INFO] info - post params:{}
[2021-11-18T22:07:47.313] [INFO] info - get params:{"menuState":"1"}
[2021-11-18T22:07:47.313] [INFO] info - post params:{}
[2021-11-18T22:17:27.313] [INFO] info - get params:{}
[2021-11-18T22:17:27.313] [INFO] info - post params:{}
[2021-11-18T22:17:27.314] [INFO] info - get params:{"menuState":"1"}
[2021-11-18T22:17:27.314] [INFO] info - post params:{}
[2021-11-18T22:17:32.260] [INFO] info - get params:{"menuState":"1"}
[2021-11-18T22:17:32.260] [INFO] info - post params:{}
[2021-11-18T22:17:32.261] [INFO] info - get params:{}
[2021-11-18T22:17:32.261] [INFO] info - post params:{}
[2021-11-18T22:19:14.183] [INFO] info - get params:{"menuState":"1"}
[2021-11-18T22:19:14.183] [INFO] info - post params:{}
[2021-11-18T22:19:14.184] [INFO] info - get params:{}
[2021-11-18T22:19:14.184] [INFO] info - post params:{}
[2021-11-18T22:19:30.190] [INFO] info - get params:{"menuState":"1"}
[2021-11-18T22:19:30.190] [INFO] info - post params:{}
[2021-11-18T22:19:30.191] [INFO] info - get params:{}
[2021-11-18T22:19:30.191] [INFO] info - post params:{}
[2021-11-18T22:20:21.641] [INFO] info - get params:{"menuState":"1"}
[2021-11-18T22:20:21.641] [INFO] info - post params:{}
[2021-11-18T22:20:21.642] [INFO] info - get params:{}
[2021-11-18T22:20:21.642] [INFO] info - post params:{}
[2021-11-18T22:20:22.300] [INFO] info - get params:{}
[2021-11-18T22:20:22.300] [INFO] info - post params:{}
[2021-11-18T22:20:22.301] [INFO] info - get params:{"menuState":"1"}
[2021-11-18T22:20:22.301] [INFO] info - post params:{}
[2021-11-18T22:20:47.847] [INFO] info - get params:{}
[2021-11-18T22:20:47.848] [INFO] info - post params:{}
[2021-11-18T22:20:47.850] [INFO] info - get params:{"menuState":"1"}
[2021-11-18T22:20:47.850] [INFO] info - post params:{}
[2021-11-18T22:21:40.792] [INFO] info - get params:{"menuState":"1"}
[2021-11-18T22:21:40.793] [INFO] info - post params:{}
[2021-11-18T22:21:40.795] [INFO] info - get params:{}
[2021-11-18T22:21:40.795] [INFO] info - post params:{}
[2021-11-18T22:25:14.622] [INFO] info - get params:{}
[2021-11-18T22:25:14.622] [INFO] info - post params:{}
[2021-11-18T22:25:14.624] [INFO] info - get params:{"menuState":"1"}
[2021-11-18T22:25:14.624] [INFO] info - post params:{}
[2021-11-18T22:25:15.076] [INFO] info - get params:{"menuState":"1"}
[2021-11-18T22:25:15.077] [INFO] info - post params:{}
[2021-11-18T22:25:15.077] [INFO] info - get params:{}
[2021-11-18T22:25:15.078] [INFO] info - post params:{}
[2021-11-18T22:25:54.909] [INFO] info - get params:{"menuState":"1"}
[2021-11-18T22:25:54.909] [INFO] info - post params:{}
[2021-11-18T22:25:54.910] [INFO] info - get params:{}
[2021-11-18T22:25:54.910] [INFO] info - post params:{}
[2021-11-18T22:26:07.366] [INFO] info - get params:{}
[2021-11-18T22:26:07.366] [INFO] info - post params:{}
[2021-11-18T22:26:07.368] [INFO] info - get params:{"menuState":"1"}
[2021-11-18T22:26:07.368] [INFO] info - post params:{}
[2021-11-18T22:26:32.363] [INFO] info - **数据库连接成功**
[2021-11-18T22:26:37.036] [INFO] info - get params:{"menuState":"1"}
[2021-11-18T22:26:37.036] [INFO] info - post params:{}
[2021-11-18T22:26:37.047] [INFO] info - get params:{}
[2021-11-18T22:26:37.047] [INFO] info - post params:{}
[2021-11-18T22:26:52.136] [INFO] info - get params:{"roleName":"","total":"0","pageNum":"1","pageSize":"10"}
[2021-11-18T22:26:52.136] [INFO] info - post params:{}
[2021-11-18T22:26:52.144] [INFO] info - get params:{}
[2021-11-18T22:26:52.144] [INFO] info - post params:{}
[2021-11-18T22:26:59.316] [INFO] info - get params:{"state":"1","pageNum":"1","pageSize":"10"}
[2021-11-18T22:26:59.317] [INFO] info - post params:{}
[2021-11-18T22:26:59.319] [INFO] info - get params:{}
[2021-11-18T22:26:59.319] [INFO] info - post params:{}
[2021-11-18T22:26:59.329] [INFO] info - get params:{}
[2021-11-18T22:26:59.330] [INFO] info - post params:{}
[2021-11-18T22:27:21.926] [INFO] info - get params:{"roleName":"","total":"0","pageNum":"1","pageSize":"10"}
[2021-11-18T22:27:21.926] [INFO] info - post params:{}
[2021-11-18T22:27:21.928] [INFO] info - get params:{}
[2021-11-18T22:27:21.928] [INFO] info - post params:{}
[2021-11-18T22:27:36.764] [INFO] info - get params:{}
[2021-11-18T22:27:36.764] [INFO] info - post params:{"roleName":"管理员","action":"create"}
[2021-11-18T22:27:36.810] [INFO] info - get params:{"roleName":"","total":"2","pageNum":"1","pageSize":"10"}
[2021-11-18T22:27:36.810] [INFO] info - post params:{}
[2021-11-18T22:28:13.857] [INFO] info - get params:{}
[2021-11-18T22:28:13.857] [INFO] info - post params:{"_id":"619662d8addac80576552aa1","permissionList":{"checkedKeys":["61341db34f7bf05be50ac06f","61343028992bf365a35fc1fc","61350967dfcb30744763ffe2","61878060a598ddcb73ae31ad","612127e4635dd73e0d524f4a","612248f38960164b749a35b4","612903055b919fe7d28826d0","61350a8fdfcb30744763fff8"],"halfCheckedKeys":["61212795635dd73e0d524f44","612133293782b541c7acaf65","612e351abfe6b94cc3ac50b0","61342ad7363e4f640a101eea","61877fd6a598ddcb73ae31a4","612244658960164b749a3595","612246f38960164b749a35a4"]}}
[2021-11-18T22:28:13.915] [INFO] info - get params:{"roleName":"","total":"3","pageNum":"1","pageSize":"10"}
[2021-11-18T22:28:13.915] [INFO] info - post params:{}
[2021-11-18T22:28:23.805] [INFO] info - get params:{"state":"1","pageNum":"1","pageSize":"10"}
[2021-11-18T22:28:23.805] [INFO] info - post params:{}
[2021-11-18T22:28:23.806] [INFO] info - get params:{}
[2021-11-18T22:28:23.807] [INFO] info - post params:{}
[2021-11-18T22:28:23.809] [INFO] info - get params:{}
[2021-11-18T22:28:23.809] [INFO] info - post params:{}
[2021-11-18T22:28:34.175] [INFO] info - get params:{}
[2021-11-18T22:28:34.175] [INFO] info - post params:{"state":1,"roleList":["619662d8addac80576552aa1"],"deptId":["60167059c9027b7d2c520a61","60167345c6a4417f2d27506f"],"role":0,"createTime":"2021-01-17T13:32:06.381Z","lastLoginTime":"2021-01-17T13:32:06.381Z","userId":1000002,"userName":"admin","userEmail":"admin@imooc.com@imooc.com","__v":0,"job":"前端","mobile":"15854299869","action":"edit"}
[2021-11-18T22:28:34.231] [INFO] info - get params:{"state":"1","pageNum":"1","pageSize":"10","total":"1"}
[2021-11-18T22:28:34.231] [INFO] info - post params:{}
[2021-11-18T22:28:43.000] [INFO] info - get params:{"state":"1","pageNum":"1","pageSize":"10"}
[2021-11-18T22:28:43.000] [INFO] info - post params:{}
[2021-11-18T22:28:43.011] [INFO] info - get params:{}
[2021-11-18T22:28:43.011] [INFO] info - post params:{}
[2021-11-18T22:28:43.012] [INFO] info - get params:{}
[2021-11-18T22:28:43.012] [INFO] info - post params:{}
[2021-11-18T22:28:43.017] [INFO] info - get params:{}
[2021-11-18T22:28:43.017] [INFO] info - post params:{}
[2021-11-18T22:47:08.068] [INFO] info - get params:{"state":"1","pageNum":"1","pageSize":"10"}
[2021-11-18T22:47:08.068] [INFO] info - post params:{}
[2021-11-18T22:47:08.073] [INFO] info - get params:{}
[2021-11-18T22:47:08.073] [INFO] info - post params:{}
[2021-11-18T22:47:08.094] [INFO] info - get params:{}
[2021-11-18T22:47:08.094] [INFO] info - post params:{}
[2021-11-18T22:47:08.095] [INFO] info - get params:{}
[2021-11-18T22:47:08.095] [INFO] info - post params:{}
[2021-11-18T22:48:03.675] [INFO] info - get params:{"state":"1","pageNum":"1","pageSize":"10"}
[2021-11-18T22:48:03.675] [INFO] info - post params:{}
[2021-11-18T22:48:03.676] [INFO] info - get params:{}
[2021-11-18T22:48:03.676] [INFO] info - post params:{}
[2021-11-18T22:48:03.690] [INFO] info - get params:{}
[2021-11-18T22:48:03.690] [INFO] info - post params:{}
[2021-11-18T22:48:03.694] [INFO] info - get params:{}
[2021-11-18T22:48:03.694] [INFO] info - post params:{}
[2021-11-18T22:48:12.066] [INFO] info - get params:{}
[2021-11-18T22:48:12.066] [INFO] info - post params:{"userName":"admin","userPwd":"admin"}
[2021-11-18T22:48:12.134] [INFO] info - get params:{}
[2021-11-18T22:48:12.134] [INFO] info - post params:{}
[2021-11-18T22:49:56.220] [INFO] info - get params:{}
[2021-11-18T22:49:56.220] [INFO] info - post params:{}
[2021-11-18T22:50:25.362] [INFO] info - get params:{}
[2021-11-18T22:50:25.362] [INFO] info - post params:{}
[2021-11-18T22:50:52.138] [INFO] info - get params:{}
[2021-11-18T22:50:52.139] [INFO] info - post params:{}
[2021-11-18T22:51:12.066] [INFO] info - get params:{}
[2021-11-18T22:51:12.066] [INFO] info - post params:{}
[2021-11-18T22:52:51.897] [INFO] info - get params:{}
[2021-11-18T22:52:51.898] [INFO] info - post params:{}
[2021-11-18T22:52:54.732] [INFO] info - get params:{}
[2021-11-18T22:52:54.733] [INFO] info - post params:{}
[2021-11-18T22:53:58.557] [INFO] info - get params:{}
[2021-11-18T22:53:58.557] [INFO] info - post params:{}
[2021-11-18T22:54:09.789] [INFO] info - **数据库连接成功**
[2021-11-18T22:54:16.662] [INFO] info - get params:{}
[2021-11-18T22:54:16.662] [INFO] info - post params:{"userName":"admin","userPwd":"admin"}
[2021-11-18T22:54:16.731] [INFO] info - get params:{}
[2021-11-18T22:54:16.731] [INFO] info - post params:{}
[2021-11-18T22:54:57.011] [INFO] info - get params:{"menuState":"1"}
[2021-11-18T22:54:57.011] [INFO] info - post params:{}
[2021-11-18T22:57:32.612] [INFO] info - get params:{"menuState":"1"}
[2021-11-18T22:57:32.612] [INFO] info - post params:{}
[2021-11-18T22:57:32.625] [INFO] info - get params:{}
[2021-11-18T22:57:32.625] [INFO] info - post params:{}
[2021-11-18T22:57:48.213] [INFO] info - get params:{}
[2021-11-18T22:57:48.213] [INFO] info - post params:{}
[2021-11-18T22:57:48.214] [INFO] info - get params:{"menuState":"1"}
[2021-11-18T22:57:48.215] [INFO] info - post params:{}
[2021-11-18T23:02:27.704] [INFO] info - get params:{}
[2021-11-18T23:02:27.704] [INFO] info - post params:{}
[2021-11-18T23:02:27.705] [INFO] info - get params:{"menuState":"1"}
[2021-11-18T23:02:27.705] [INFO] info - post params:{}
[2021-11-18T23:02:33.084] [INFO] info - get params:{}
[2021-11-18T23:02:33.084] [INFO] info - post params:{}
[2021-11-18T23:02:33.086] [INFO] info - get params:{"menuState":"1"}
[2021-11-18T23:02:33.087] [INFO] info - post params:{}
[2021-11-18T23:02:47.506] [INFO] info - get params:{}
[2021-11-18T23:02:47.506] [INFO] info - post params:{}
[2021-11-18T23:02:47.507] [INFO] info - get params:{"menuState":"1"}
[2021-11-18T23:02:47.507] [INFO] info - post params:{}
[2021-11-18T23:04:21.796] [INFO] info - get params:{"menuState":"1"}
[2021-11-18T23:04:21.796] [INFO] info - post params:{}
[2021-11-18T23:04:21.798] [INFO] info - get params:{}
[2021-11-18T23:04:21.798] [INFO] info - post params:{}
[2021-11-18T23:06:13.470] [INFO] info - get params:{"menuState":"1"}
[2021-11-18T23:06:13.470] [INFO] info - post params:{}
[2021-11-18T23:06:13.471] [INFO] info - get params:{}
[2021-11-18T23:06:13.471] [INFO] info - post params:{}
[2021-11-18T23:06:16.189] [INFO] info - get params:{}
[2021-11-18T23:06:16.189] [INFO] info - post params:{}
[2021-11-18T23:06:16.190] [INFO] info - get params:{"menuState":"1"}
[2021-11-18T23:06:16.190] [INFO] info - post params:{}
[2021-11-28T12:38:41.090] [INFO] info - **数据库连接成功**
[2021-11-28T12:53:41.329] [INFO] info - get params:{}
[2021-11-28T12:53:41.329] [INFO] info - post params:{}
[2021-11-28T12:53:56.583] [INFO] info - get params:{}
[2021-11-28T12:53:56.583] [INFO] info - post params:{"userName":"admin","userPwd":"admin"}
[2021-11-28T12:53:56.632] [INFO] info - get params:{}
[2021-11-28T12:53:56.632] [INFO] info - post params:{}
[2021-11-28T12:53:56.694] [INFO] info - get params:{}
[2021-11-28T12:53:56.694] [INFO] info - post params:{}
[2021-11-28T12:54:00.491] [INFO] info - get params:{}
[2021-11-28T12:54:00.491] [INFO] info - post params:{}
[2021-11-28T12:54:16.474] [INFO] info - get params:{}
[2021-11-28T12:54:16.474] [INFO] info - post params:{}
[2021-11-28T12:54:16.485] [INFO] info - get params:{}
[2021-11-28T12:54:16.485] [INFO] info - post params:{}
[2021-11-28T12:54:16.500] [INFO] info - get params:{}
[2021-11-28T12:54:16.500] [INFO] info - post params:{}
[2021-11-28T12:54:31.475] [INFO] info - get params:{}
[2021-11-28T12:54:31.475] [INFO] info - post params:{"userName":"admin","userPwd":"admin"}
[2021-11-28T12:54:31.495] [INFO] info - get params:{}
[2021-11-28T12:54:31.495] [INFO] info - post params:{}
[2021-11-28T12:54:31.577] [INFO] info - get params:{}
[2021-11-28T12:54:31.578] [INFO] info - post params:{}
[2021-11-28T12:54:33.958] [INFO] info - get params:{"menuState":"1"}
[2021-11-28T12:54:33.958] [INFO] info - post params:{}
[2021-11-28T12:55:16.459] [INFO] info - get params:{}
[2021-11-28T12:55:16.459] [INFO] info - post params:{"parentId":[null],"menuType":1,"menuState":1,"createTime":"2021-08-21T16:13:52.959Z","updateTime":"2021-08-21T16:13:52.959Z","_id":"612127e4635dd73e0d524f4a","menuName":"审批管理","icon":"el-icon-s-promotion","path":"/audit","__v":0,"action":"edit"}
[2021-11-28T12:55:16.526] [INFO] info - get params:{"menuState":"1"}
[2021-11-28T12:55:16.526] [INFO] info - post params:{}
[2021-11-28T12:56:13.266] [INFO] info - get params:{}
[2021-11-28T12:56:13.266] [INFO] info - post params:{"parentId":["612127e4635dd73e0d524f4a"],"menuType":1,"menuState":1,"createTime":"2021-08-21T16:13:52.959Z","updateTime":"2021-08-21T16:13:52.959Z","_id":"612127e4635dd73e0d524f4a","menuName":"休假申请","path":"/audit/leave","__v":0,"component":"Leave","action":"add"}
[2021-11-28T12:56:13.323] [INFO] info - get params:{"menuState":"1"}
[2021-11-28T12:56:13.324] [INFO] info - post params:{}
[2021-11-28T12:57:49.071] [INFO] info - get params:{"menuState":"1"}
[2021-11-28T12:57:49.071] [INFO] info - post params:{}
[2021-11-28T12:57:49.073] [INFO] info - get params:{}
[2021-11-28T12:57:49.074] [INFO] info - post params:{}
[2021-11-28T12:57:54.794] [INFO] info - get params:{"menuState":"1"}
[2021-11-28T12:57:54.794] [INFO] info - post params:{}
[2021-11-28T12:57:54.796] [INFO] info - get params:{}
[2021-11-28T12:57:54.796] [INFO] info - post params:{}
[2021-11-28T13:02:16.811] [INFO] info - get params:{}
[2021-11-28T13:02:16.811] [INFO] info - post params:{"parentId":["612127e4635dd73e0d524f4a","61a30bed6a9cc32b7492581f"],"menuType":2,"menuState":1,"menuName":"查看","menuCode":"leave-query","action":"add"}
[2021-11-28T13:02:16.857] [INFO] info - get params:{"menuState":"1"}
[2021-11-28T13:02:16.857] [INFO] info - post params:{}
[2021-11-28T13:03:52.700] [INFO] info - get params:{}
[2021-11-28T13:03:52.701] [INFO] info - post params:{"parentId":["612244658960164b749a3595"],"menuType":1,"menuState":1,"menuName":"Cesium管理","icon":"","path":"/apManager/cesium","component":"Cesium","createTime":"2021-08-22T12:25:40.786Z","updateTime":"2021-11-21T03:25:46.628Z","_id":"612246f38960164b749a35a4","__v":0,"children":[{"parentId":["612244658960164b749a3595","612246f38960164b749a35a4"],"createTime":"2021-08-22T12:25:40.786Z","updateTime":"2021-11-21T08:19:36.395Z","_id":"612248f38960164b749a35b4","menuType":1,"menuState":1,"menuName":"cesium(测)","path":"/apManager/cesium/cesium1","__v":0,"component":"cesium1"},{"parentId":["612244658960164b749a3595","612246f38960164b749a35a4"],"createTime":"2021-08-27T15:19:26.721Z","updateTime":"2021-09-05T18:20:27.838Z","_id":"612903055b919fe7d28826d0","menuType":1,"menuState":1,"menuName":"图层调整颜色","path":"/apManager/cesium/cesium2","__v":0},{"parentId":["612244658960164b749a3595","612246f38960164b749a35a4"],"createTime":"2021-08-27T15:19:26.721Z","updateTime":"2021-09-05T18:22:05.299Z","_id":"61350a8fdfcb30744763fff8","menuType":1,"menuState":1,"menuName":"图层调整","path":"/apManager/cesium/cesium3","__v":0}],"action":"edit"}
[2021-11-28T13:03:52.759] [INFO] info - get params:{"menuState":"1"}
[2021-11-28T13:03:52.759] [INFO] info - post params:{}
[2021-11-28T13:03:58.068] [INFO] info - get params:{}
[2021-11-28T13:03:58.068] [INFO] info - post params:{}
[2021-11-28T13:04:00.121] [INFO] info - get params:{}
[2021-11-28T13:04:00.122] [INFO] info - post params:{}
[2021-11-28T13:04:06.627] [INFO] info - get params:{"menuState":"1"}
[2021-11-28T13:04:06.627] [INFO] info - post params:{}
[2021-11-28T13:05:37.515] [INFO] info - get params:{}
[2021-11-28T13:05:37.515] [INFO] info - post params:{"parentId":["612244658960164b749a3595","612246f38960164b749a35a4"],"menuType":1,"menuState":1,"createTime":"2021-08-22T12:25:40.786Z","updateTime":"2021-11-21T08:19:36.395Z","_id":"612248f38960164b749a35b4","menuName":"cesium(测)","path":"/apManager/cesium/cesium1","__v":0,"component":"cesium/cesium1","action":"edit"}
[2021-11-28T13:05:37.587] [INFO] info - get params:{"menuState":"1"}
[2021-11-28T13:05:37.587] [INFO] info - post params:{}
[2021-11-28T13:05:44.530] [INFO] info - get params:{}
[2021-11-28T13:05:44.530] [INFO] info - post params:{}
[2021-11-28T13:05:46.205] [INFO] info - get params:{}
[2021-11-28T13:05:46.205] [INFO] info - post params:{}
[2021-11-28T13:05:48.106] [INFO] info - get params:{"menuState":"1"}
[2021-11-28T13:05:48.106] [INFO] info - post params:{}
[2021-11-28T13:05:50.357] [INFO] info - get params:{}
[2021-11-28T13:05:50.358] [INFO] info - post params:{}
[2021-11-28T13:05:52.853] [INFO] info - get params:{}
[2021-11-28T13:05:52.853] [INFO] info - post params:{}
[2021-11-28T13:05:55.480] [INFO] info - get params:{"menuState":"1"}
[2021-11-28T13:05:55.480] [INFO] info - post params:{}
[2021-11-28T13:06:22.623] [INFO] info - get params:{}
[2021-11-28T13:06:22.623] [INFO] info - post params:{}
[2021-11-28T13:06:26.199] [INFO] info - get params:{}
[2021-11-28T13:06:26.199] [INFO] info - post params:{}
[2021-11-28T13:06:28.071] [INFO] info - get params:{"menuState":"1"}
[2021-11-28T13:06:28.071] [INFO] info - post params:{}
[2021-11-28T13:06:28.073] [INFO] info - get params:{}
[2021-11-28T13:06:28.073] [INFO] info - post params:{}
[2021-11-28T13:06:30.687] [INFO] info - get params:{}
[2021-11-28T13:06:30.687] [INFO] info - post params:{}
[2021-11-28T13:06:32.465] [INFO] info - get params:{}
[2021-11-28T13:06:32.465] [INFO] info - post params:{}
[2021-11-28T13:07:01.968] [INFO] info - get params:{}
[2021-11-28T13:07:01.968] [INFO] info - post params:{"userName":"admin","userPwd":"admin"}
[2021-11-28T13:07:01.982] [INFO] info - get params:{}
[2021-11-28T13:07:01.982] [INFO] info - post params:{}
[2021-11-28T13:07:02.059] [INFO] info - get params:{}
[2021-11-28T13:07:02.059] [INFO] info - post params:{}
[2021-11-28T13:07:13.096] [INFO] info - get params:{}
[2021-11-28T13:07:13.096] [INFO] info - post params:{"userName":"admin","userPwd":"admin"}
[2021-11-28T13:07:13.113] [INFO] info - get params:{}
[2021-11-28T13:07:13.113] [INFO] info - post params:{}
[2021-11-28T13:07:13.203] [INFO] info - get params:{}
[2021-11-28T13:07:13.203] [INFO] info - post params:{}
[2021-11-28T13:07:51.738] [INFO] info - get params:{}
[2021-11-28T13:07:51.738] [INFO] info - post params:{}
[2021-11-28T13:07:51.930] [INFO] info - get params:{}
[2021-11-28T13:07:51.930] [INFO] info - post params:{}
[2021-11-28T13:08:35.175] [INFO] info - get params:{}
[2021-11-28T13:08:35.176] [INFO] info - post params:{}
[2021-11-28T13:09:04.089] [INFO] info - get params:{}
[2021-11-28T13:09:04.089] [INFO] info - post params:{}
[2021-11-28T13:09:20.522] [INFO] info - get params:{}
[2021-11-28T13:09:20.522] [INFO] info - post params:{}
[2021-11-28T13:09:23.371] [INFO] info - get params:{"menuState":"1"}
[2021-11-28T13:09:23.372] [INFO] info - post params:{}
[2021-11-28T13:09:34.650] [INFO] info - get params:{}
[2021-11-28T13:09:34.650] [INFO] info - post params:{"_id":"612244658960164b749a3595","action":"delete"}
[2021-11-28T13:09:34.683] [INFO] info - get params:{"menuState":"1"}
[2021-11-28T13:09:34.683] [INFO] info - post params:{}
[2021-11-28T13:09:38.785] [INFO] info - get params:{"menuState":"1"}
[2021-11-28T13:09:38.785] [INFO] info - post params:{}
[2021-11-28T13:09:41.515] [INFO] info - get params:{}
[2021-11-28T13:09:41.515] [INFO] info - post params:{}
[2021-11-28T13:09:52.541] [INFO] info - get params:{}
[2021-11-28T13:09:52.541] [INFO] info - post params:{}
[2021-11-28T13:09:54.650] [INFO] info - get params:{"menuState":"1"}
[2021-11-28T13:09:54.650] [INFO] info - post params:{}
[2021-11-28T13:10:28.609] [INFO] info - get params:{}
[2021-11-28T13:10:28.609] [INFO] info - post params:{"parentId":[null],"menuType":1,"menuState":1,"menuName":"Cesium","path":"/apManager","action":"add"}
[2021-11-28T13:10:28.660] [INFO] info - get params:{"menuState":"1"}
[2021-11-28T13:10:28.660] [INFO] info - post params:{}
[2021-11-28T13:11:11.001] [INFO] info - get params:{}
[2021-11-28T13:11:11.002] [INFO] info - post params:{"parentId":[null],"menuType":1,"menuState":1,"menuName":"应用管理","path":"/apManager","createTime":"2021-11-28T04:38:41.041Z","updateTime":"2021-11-28T04:38:41.041Z","_id":"61a30f446a9cc32b7492584f","__v":0,"action":"edit"}
[2021-11-28T13:11:11.053] [INFO] info - get params:{"menuState":"1"}
[2021-11-28T13:11:11.053] [INFO] info - post params:{}
[2021-11-28T13:12:14.103] [INFO] info - get params:{}
[2021-11-28T13:12:14.103] [INFO] info - post params:{"parentId":["61a30f446a9cc32b7492584f"],"menuType":1,"menuState":1,"menuName":"Cesium","path":"/apManager/cesium","createTime":"2021-11-28T04:38:41.041Z","updateTime":"2021-11-28T04:38:41.041Z","_id":"61a30f446a9cc32b7492584f","__v":0,"action":"add"}
[2021-11-28T13:12:14.146] [INFO] info - get params:{"menuState":"1"}
[2021-11-28T13:12:14.146] [INFO] info - post params:{}
[2021-11-28T13:13:22.059] [INFO] info - get params:{}
[2021-11-28T13:13:22.060] [INFO] info - post params:{"parentId":["61a30f446a9cc32b7492584f","61a30fae6a9cc32b74925854"],"menuType":1,"menuState":1,"menuName":"cesium1","path":"","component":"/cesium/cesium1","createTime":"2021-11-28T04:38:41.041Z","updateTime":"2021-11-28T04:38:41.041Z","_id":"61a30f446a9cc32b7492584f","__v":0,"action":"add"}
[2021-11-28T13:13:22.108] [INFO] info - get params:{"menuState":"1"}
[2021-11-28T13:13:22.108] [INFO] info - post params:{}
[2021-11-28T13:13:25.336] [INFO] info - get params:{}
[2021-11-28T13:13:25.336] [INFO] info - post params:{}
[2021-11-28T13:13:46.206] [INFO] info - get params:{}
[2021-11-28T13:13:46.206] [INFO] info - post params:{}
[2021-11-28T13:15:32.522] [INFO] info - get params:{"menuState":"1"}
[2021-11-28T13:15:32.522] [INFO] info - post params:{}
[2021-11-28T13:15:47.392] [INFO] info - get params:{}
[2021-11-28T13:15:47.392] [INFO] info - post params:{"parentId":["61a30f446a9cc32b7492584f","61a30fae6a9cc32b74925854","61a30ff26a9cc32b74925857"],"menuType":2,"menuState":1,"menuName":"查看","menuCode":"cesium1-query","action":"add"}
[2021-11-28T13:15:47.442] [INFO] info - get params:{"menuState":"1"}
[2021-11-28T13:15:47.442] [INFO] info - post params:{}
[2021-11-28T13:16:02.864] [INFO] info - get params:{}
[2021-11-28T13:16:02.864] [INFO] info - post params:{"parentId":["61a30f446a9cc32b7492584f","61a30fae6a9cc32b74925854"],"menuType":1,"menuState":1,"menuName":"cesium1","path":"/cesium/cesium1","component":"/cesium/cesium1","createTime":"2021-11-28T04:38:41.041Z","updateTime":"2021-11-28T04:38:41.041Z","_id":"61a30ff26a9cc32b74925857","__v":0,"children":[{"parentId":["61a30f446a9cc32b7492584f","61a30fae6a9cc32b74925854","61a30ff26a9cc32b74925857"],"createTime":"2021-11-28T04:38:41.041Z","updateTime":"2021-11-28T04:38:41.041Z","_id":"61a310836a9cc32b7492585d","menuType":2,"menuState":1,"menuName":"查看","menuCode":"cesium1-query","__v":0}],"action":"edit"}
[2021-11-28T13:16:02.913] [INFO] info - get params:{"menuState":"1"}
[2021-11-28T13:16:02.914] [INFO] info - post params:{}
[2021-11-28T13:16:18.238] [INFO] info - get params:{}
[2021-11-28T13:16:18.238] [INFO] info - post params:{}
[2021-11-28T13:17:04.835] [INFO] info - get params:{}
[2021-11-28T13:17:04.835] [INFO] info - post params:{}
[2021-11-28T13:17:06.478] [INFO] info - get params:{"menuState":"1"}
[2021-11-28T13:17:06.478] [INFO] info - post params:{}
[2021-11-28T13:17:18.340] [INFO] info - get params:{}
[2021-11-28T13:17:18.340] [INFO] info - post params:{"parentId":["61a30f446a9cc32b7492584f","61a30fae6a9cc32b74925854"],"menuType":1,"menuState":1,"createTime":"2021-11-28T04:38:41.041Z","updateTime":"2021-11-28T05:16:02.865Z","_id":"61a30ff26a9cc32b74925857","menuName":"cesium1","path":"/cesium/cesium1","component":"/Cesium/cesium1","__v":0,"children":[{"parentId":["61a30f446a9cc32b7492584f","61a30fae6a9cc32b74925854","61a30ff26a9cc32b74925857"],"createTime":"2021-11-28T04:38:41.041Z","updateTime":"2021-11-28T04:38:41.041Z","_id":"61a310836a9cc32b7492585d","menuType":2,"menuState":1,"menuName":"查看","menuCode":"cesium1-query","__v":0}],"action":"edit"}
[2021-11-28T13:17:18.413] [INFO] info - get params:{"menuState":"1"}
[2021-11-28T13:17:18.413] [INFO] info - post params:{}
[2021-11-28T13:17:50.179] [INFO] info - get params:{}
[2021-11-28T13:17:50.179] [INFO] info - post params:{"parentId":["61a30f446a9cc32b7492584f","61a30fae6a9cc32b74925854"],"menuType":1,"menuState":1,"createTime":"2021-11-28T04:38:41.041Z","updateTime":"2021-11-28T05:17:18.341Z","_id":"61a30ff26a9cc32b74925857","menuName":"cesium1","path":"/apManager/cesium/cesium1","component":"/Cesium/cesium1","__v":0,"children":[{"parentId":["61a30f446a9cc32b7492584f","61a30fae6a9cc32b74925854","61a30ff26a9cc32b74925857"],"createTime":"2021-11-28T04:38:41.041Z","updateTime":"2021-11-28T04:38:41.041Z","_id":"61a310836a9cc32b7492585d","menuType":2,"menuState":1,"menuName":"查看","menuCode":"cesium1-query","__v":0}],"action":"edit"}
[2021-11-28T13:17:50.230] [INFO] info - get params:{"menuState":"1"}
[2021-11-28T13:17:50.230] [INFO] info - post params:{}
[2021-11-28T13:17:54.967] [INFO] info - get params:{"menuState":"1"}
[2021-11-28T13:17:54.967] [INFO] info - post params:{}
[2021-11-28T13:17:59.824] [INFO] info - get params:{}
[2021-11-28T13:17:59.824] [INFO] info - post params:{}
[2021-11-28T13:18:10.225] [INFO] info - get params:{}
[2021-11-28T13:18:10.225] [INFO] info - post params:{}
[2021-11-28T13:18:18.930] [INFO] info - get params:{"menuState":"1"}
[2021-11-28T13:18:18.930] [INFO] info - post params:{}
[2021-11-28T13:20:14.062] [INFO] info - get params:{}
[2021-11-28T13:20:14.062] [INFO] info - post params:{}
[2021-11-28T13:20:20.308] [INFO] info - get params:{}
[2021-11-28T13:20:20.309] [INFO] info - post params:{}
[2021-11-28T13:20:28.708] [INFO] info - get params:{}
[2021-11-28T13:20:28.709] [INFO] info - post params:{}
[2021-11-28T13:20:44.658] [INFO] info - get params:{}
[2021-11-28T13:20:44.658] [INFO] info - post params:{}
[2021-11-28T13:20:47.975] [INFO] info - get params:{}
[2021-11-28T13:20:47.975] [INFO] info - post params:{}
[2021-11-28T13:20:54.047] [INFO] info - get params:{}
[2021-11-28T13:20:54.047] [INFO] info - post params:{}
[2021-11-28T13:20:56.734] [INFO] info - get params:{}
[2021-11-28T13:20:56.734] [INFO] info - post params:{}
[2021-11-28T13:20:59.071] [INFO] info - get params:{"menuState":"1"}
[2021-11-28T13:20:59.071] [INFO] info - post params:{}
[2021-11-28T13:21:27.350] [INFO] info - get params:{}
[2021-11-28T13:21:27.350] [INFO] info - post params:{}
[2021-11-28T13:22:28.000] [INFO] info - get params:{}
[2021-11-28T13:22:28.001] [INFO] info - post params:{}
[2021-11-28T13:22:31.003] [INFO] info - get params:{}
[2021-11-28T13:22:31.003] [INFO] info - post params:{}
[2021-11-28T13:33:59.321] [INFO] info - get params:{}
[2021-11-28T13:33:59.322] [INFO] info - post params:{}
[2021-11-28T16:07:53.547] [INFO] info - get params:{}
[2021-11-28T16:07:53.548] [INFO] info - post params:{}
[2021-11-28T16:08:07.174] [INFO] info - get params:{}
[2021-11-28T16:08:07.174] [INFO] info - post params:{}
[2021-11-28T16:08:16.299] [INFO] info - get params:{}
[2021-11-28T16:08:16.299] [INFO] info - post params:{"userName":"admin","userPwd":"admin"}
[2021-11-28T16:08:16.316] [INFO] info - get params:{}
[2021-11-28T16:08:16.317] [INFO] info - post params:{}
[2021-11-28T16:08:53.913] [INFO] info - get params:{}
[2021-11-28T16:08:53.913] [INFO] info - post params:{}
[2021-11-28T16:09:19.559] [INFO] info - get params:{}
[2021-11-28T16:09:19.559] [INFO] info - post params:{}
[2021-11-28T16:10:21.856] [INFO] info - get params:{}
[2021-11-28T16:10:21.856] [INFO] info - post params:{}
[2021-11-28T16:11:20.899] [INFO] info - get params:{}
[2021-11-28T16:11:20.899] [INFO] info - post params:{}
[2021-11-28T16:11:21.050] [INFO] info - get params:{}
[2021-11-28T16:11:21.050] [INFO] info - post params:{}
[2021-11-28T16:11:22.918] [INFO] info - get params:{}
[2021-11-28T16:11:22.918] [INFO] info - post params:{}
[2021-11-28T16:11:23.022] [INFO] info - get params:{}
[2021-11-28T16:11:23.022] [INFO] info - post params:{}
[2021-11-28T16:11:24.696] [INFO] info - get params:{}
[2021-11-28T16:11:24.697] [INFO] info - post params:{}
[2021-11-28T16:11:24.797] [INFO] info - get params:{}
[2021-11-28T16:11:24.797] [INFO] info - post params:{}
[2021-11-28T16:11:27.315] [INFO] info - get params:{}
[2021-11-28T16:11:27.315] [INFO] info - post params:{}
[2021-11-28T16:11:27.428] [INFO] info - get params:{}
[2021-11-28T16:11:27.428] [INFO] info - post params:{}
[2021-11-28T16:12:04.279] [INFO] info - get params:{}
[2021-11-28T16:12:04.279] [INFO] info - post params:{}
[2021-11-28T16:12:47.706] [INFO] info - get params:{}
[2021-11-28T16:12:47.706] [INFO] info - post params:{}
[2021-11-28T16:12:50.958] [INFO] info - get params:{}
[2021-11-28T16:12:50.958] [INFO] info - post params:{}
[2021-11-28T16:13:29.015] [INFO] info - get params:{}
[2021-11-28T16:13:29.015] [INFO] info - post params:{}
[2021-11-28T16:13:30.779] [INFO] info - get params:{}
[2021-11-28T16:13:30.779] [INFO] info - post params:{}
[2021-11-28T16:13:37.303] [INFO] info - get params:{}
[2021-11-28T16:13:37.303] [INFO] info - post params:{}
[2021-11-28T16:15:16.585] [INFO] info - get params:{}
[2021-11-28T16:15:16.585] [INFO] info - post params:{}
[2021-11-28T16:15:16.690] [INFO] info - get params:{}
[2021-11-28T16:15:16.690] [INFO] info - post params:{}
[2021-11-28T16:15:49.339] [INFO] info - get params:{}
[2021-11-28T16:15:49.339] [INFO] info - post params:{}
[2021-11-28T16:15:49.421] [INFO] info - get params:{}
[2021-11-28T16:15:49.421] [INFO] info - post params:{}
[2021-11-28T16:17:01.575] [INFO] info - get params:{}
[2021-11-28T16:17:01.575] [INFO] info - post params:{}
[2021-11-28T16:17:01.672] [INFO] info - get params:{}
[2021-11-28T16:17:01.672] [INFO] info - post params:{}
[2021-11-28T16:17:12.363] [INFO] info - get params:{}
[2021-11-28T16:17:12.363] [INFO] info - post params:{}
[2021-11-28T16:17:12.548] [INFO] info - get params:{}
[2021-11-28T16:17:12.548] [INFO] info - post params:{}
[2021-11-28T16:17:43.759] [INFO] info - get params:{}
[2021-11-28T16:17:43.759] [INFO] info - post params:{}
[2021-11-28T16:17:43.880] [INFO] info - get params:{}
[2021-11-28T16:17:43.880] [INFO] info - post params:{}
[2021-11-28T16:17:45.225] [INFO] info - get params:{}
[2021-11-28T16:17:45.225] [INFO] info - post params:{}
[2021-11-28T16:17:45.339] [INFO] info - get params:{}
[2021-11-28T16:17:45.339] [INFO] info - post params:{}
[2021-11-28T16:19:56.128] [INFO] info - get params:{}
[2021-11-28T16:19:56.128] [INFO] info - post params:{}
[2021-11-28T16:19:56.139] [INFO] info - get params:{}
[2021-11-28T16:19:56.139] [INFO] info - post params:{}
[2021-11-28T16:19:56.242] [INFO] info - get params:{}
[2021-11-28T16:19:56.242] [INFO] info - post params:{}
[2021-11-28T16:20:00.878] [INFO] info - get params:{}
[2021-11-28T16:20:00.878] [INFO] info - post params:{}
[2021-11-28T16:20:00.886] [INFO] info - get params:{}
[2021-11-28T16:20:00.886] [INFO] info - post params:{}
[2021-11-28T16:20:00.992] [INFO] info - get params:{}
[2021-11-28T16:20:00.992] [INFO] info - post params:{}
[2021-11-28T16:20:26.404] [INFO] info - get params:{}
[2021-11-28T16:20:26.405] [INFO] info - post params:{}
[2021-11-28T16:20:29.161] [INFO] info - get params:{}
[2021-11-28T16:20:29.161] [INFO] info - post params:{}
[2021-11-28T16:20:29.164] [INFO] info - get params:{}
[2021-11-28T16:20:29.164] [INFO] info - post params:{}
[2021-11-28T16:20:29.184] [INFO] info - get params:{}
[2021-11-28T16:20:29.184] [INFO] info - post params:{}
[2021-11-28T16:20:37.276] [INFO] info - get params:{}
[2021-11-28T16:20:37.276] [INFO] info - post params:{}
[2021-11-28T16:20:37.341] [INFO] info - get params:{}
[2021-11-28T16:20:37.341] [INFO] info - post params:{}
[2021-11-28T16:20:53.554] [INFO] info - get params:{}
[2021-11-28T16:20:53.554] [INFO] info - post params:{}
[2021-11-28T16:20:53.680] [INFO] info - get params:{}
[2021-11-28T16:20:53.680] [INFO] info - post params:{}
[2021-11-28T16:29:48.286] [INFO] info - get params:{}
[2021-11-28T16:29:48.286] [INFO] info - post params:{}
[2021-11-28T16:29:51.372] [INFO] info - get params:{}
[2021-11-28T16:29:51.372] [INFO] info - post params:{}
[2021-11-28T16:30:00.397] [INFO] info - get params:{}
[2021-11-28T16:30:00.397] [INFO] info - post params:{}
[2021-11-28T16:30:16.604] [INFO] info - get params:{}
[2021-11-28T16:30:16.604] [INFO] info - post params:{}
[2021-11-28T16:30:30.749] [INFO] info - get params:{}
[2021-11-28T16:30:30.750] [INFO] info - post params:{}
[2021-11-28T16:33:51.452] [INFO] info - get params:{}
[2021-11-28T16:33:51.452] [INFO] info - post params:{}
[2022-02-10T09:55:07.049] [INFO] info - **数据库连接成功**
[2022-02-10T09:55:13.732] [INFO] info - get params:{}
[2022-02-10T09:55:13.733] [INFO] info - post params:{}
[2022-02-10T09:55:21.117] [INFO] info - get params:{}
[2022-02-10T09:55:21.117] [INFO] info - post params:{}
[2022-02-10T09:55:35.856] [INFO] info - get params:{}
[2022-02-10T09:55:35.857] [INFO] info - post params:{"userName":"admin","userPwd":"admin"}
[2022-02-10T09:55:35.920] [INFO] info - get params:{}
[2022-02-10T09:55:35.920] [INFO] info - post params:{}
[2022-02-10T09:55:35.981] [INFO] info - get params:{}
[2022-02-10T09:55:35.981] [INFO] info - post params:{}
[2022-02-10T09:57:16.806] [INFO] info - get params:{}
[2022-02-10T09:57:16.807] [INFO] info - post params:{}
[2022-02-10T09:57:47.438] [INFO] info - get params:{}
[2022-02-10T09:57:47.438] [INFO] info - post params:{}
[2022-02-10T09:57:51.537] [INFO] info - get params:{}
[2022-02-10T09:57:51.537] [INFO] info - post params:{}
[2022-02-10T09:57:56.379] [INFO] info - get params:{}
[2022-02-10T09:57:56.380] [INFO] info - post params:{}
[2022-02-10T09:58:57.922] [INFO] info - get params:{}
[2022-02-10T09:58:57.922] [INFO] info - post params:{}
[2022-02-10T09:59:36.339] [INFO] info - get params:{}
[2022-02-10T09:59:36.339] [INFO] info - post params:{}
[2022-02-10T10:01:22.573] [INFO] info - get params:{}
[2022-02-10T10:01:22.573] [INFO] info - post params:{}
[2022-02-10T10:06:35.878] [INFO] info - get params:{}
[2022-02-10T10:06:35.878] [INFO] info - post params:{}
[2022-02-10T10:06:36.052] [INFO] info - get params:{}
[2022-02-10T10:06:36.053] [INFO] info - post params:{}
[2022-02-10T10:06:49.237] [INFO] info - get params:{}
[2022-02-10T10:06:49.237] [INFO] info - post params:{"userName":"admin","userPwd":"admin"}
[2022-02-10T10:06:49.253] [INFO] info - get params:{}
[2022-02-10T10:06:49.253] [INFO] info - post params:{}
[2022-02-10T10:06:49.317] [INFO] info - get params:{}
[2022-02-10T10:06:49.318] [INFO] info - post params:{}
[2022-02-10T10:15:12.904] [INFO] info - get params:{}
[2022-02-10T10:15:12.906] [INFO] info - post params:{}
[2022-02-10T10:15:13.026] [INFO] info - get params:{}
[2022-02-10T10:15:13.026] [INFO] info - post params:{}
[2022-02-10T10:17:29.607] [INFO] info - get params:{}
[2022-02-10T10:17:29.607] [INFO] info - post params:{}
[2022-02-10T10:17:29.764] [INFO] info - get params:{}
[2022-02-10T10:17:29.764] [INFO] info - post params:{}
[2022-02-10T10:17:55.199] [INFO] info - get params:{}
[2022-02-10T10:17:55.199] [INFO] info - post params:{}
[2022-02-10T10:17:55.396] [INFO] info - get params:{}
[2022-02-10T10:17:55.396] [INFO] info - post params:{}
[2022-02-10T10:17:57.657] [INFO] info - get params:{}
[2022-02-10T10:17:57.657] [INFO] info - post params:{}
[2022-02-10T10:17:57.785] [INFO] info - get params:{}
[2022-02-10T10:17:57.785] [INFO] info - post params:{}
[2022-02-10T10:18:35.065] [INFO] info - get params:{}
[2022-02-10T10:18:35.065] [INFO] info - post params:{}
[2022-02-10T10:18:35.174] [INFO] info - get params:{}
[2022-02-10T10:18:35.174] [INFO] info - post params:{}
[2022-02-10T10:19:00.939] [INFO] info - get params:{}
[2022-02-10T10:19:00.940] [INFO] info - post params:{}
[2022-02-10T10:19:01.079] [INFO] info - get params:{}
[2022-02-10T10:19:01.079] [INFO] info - post params:{}
[2022-02-10T10:19:14.607] [INFO] info - get params:{}
[2022-02-10T10:19:14.607] [INFO] info - post params:{}
[2022-02-10T10:19:14.769] [INFO] info - get params:{}
[2022-02-10T10:19:14.769] [INFO] info - post params:{}
[2022-02-10T10:19:21.940] [INFO] info - get params:{}
[2022-02-10T10:19:21.940] [INFO] info - post params:{}
[2022-02-10T10:19:22.048] [INFO] info - get params:{}
[2022-02-10T10:19:22.048] [INFO] info - post params:{}
[2022-02-10T10:20:50.016] [INFO] info - get params:{}
[2022-02-10T10:20:50.016] [INFO] info - post params:{}
[2022-02-10T10:20:55.469] [INFO] info - get params:{}
[2022-02-10T10:20:55.469] [INFO] info - post params:{}
[2022-02-10T10:20:57.907] [INFO] info - get params:{}
[2022-02-10T10:20:57.907] [INFO] info - post params:{}
[2022-02-10T10:20:58.075] [INFO] info - get params:{}
[2022-02-10T10:20:58.075] [INFO] info - post params:{}
[2022-02-10T10:21:05.447] [INFO] info - get params:{}
[2022-02-10T10:21:05.447] [INFO] info - post params:{}
[2022-02-10T10:21:05.554] [INFO] info - get params:{}
[2022-02-10T10:21:05.554] [INFO] info - post params:{}
[2022-02-10T10:21:08.382] [INFO] info - get params:{}
[2022-02-10T10:21:08.382] [INFO] info - post params:{}
[2022-02-10T10:21:08.484] [INFO] info - get params:{}
[2022-02-10T10:21:08.484] [INFO] info - post params:{}
[2022-02-10T10:21:16.878] [INFO] info - get params:{}
[2022-02-10T10:21:16.878] [INFO] info - post params:{}
[2022-02-10T10:21:16.986] [INFO] info - get params:{}
[2022-02-10T10:21:16.986] [INFO] info - post params:{}
[2022-02-10T10:23:29.758] [INFO] info - get params:{}
[2022-02-10T10:23:29.758] [INFO] info - post params:{}
[2022-02-10T10:23:29.863] [INFO] info - get params:{}
[2022-02-10T10:23:29.863] [INFO] info - post params:{}
[2022-02-10T10:23:34.334] [INFO] info - get params:{}
[2022-02-10T10:23:34.334] [INFO] info - post params:{}
[2022-02-10T10:23:34.481] [INFO] info - get params:{}
[2022-02-10T10:23:34.481] [INFO] info - post params:{}
[2022-02-10T10:23:36.055] [INFO] info - get params:{"menuState":"1"}
[2022-02-10T10:23:36.055] [INFO] info - post params:{}
[2022-02-10T10:23:37.904] [INFO] info - get params:{"roleName":"","total":"0","pageNum":"1","pageSize":"10"}
[2022-02-10T10:23:37.904] [INFO] info - post params:{}
[2022-02-10T10:23:37.909] [INFO] info - get params:{}
[2022-02-10T10:23:37.909] [INFO] info - post params:{}
[2022-02-10T10:23:39.055] [INFO] info - get params:{"state":"1","pageNum":"1","pageSize":"10"}
[2022-02-10T10:23:39.055] [INFO] info - post params:{}
[2022-02-10T10:23:39.059] [INFO] info - get params:{}
[2022-02-10T10:23:39.059] [INFO] info - post params:{}
[2022-02-10T10:23:39.070] [INFO] info - get params:{}
[2022-02-10T10:23:39.070] [INFO] info - post params:{}
[2022-02-10T10:23:40.067] [INFO] info - get params:{"menuState":"1"}
[2022-02-10T10:23:40.067] [INFO] info - post params:{}
[2022-02-10T10:33:02.994] [INFO] info - get params:{}
[2022-02-10T10:33:02.994] [INFO] info - post params:{}
[2022-02-10T10:33:26.161] [INFO] info - get params:{}
[2022-02-10T10:33:26.161] [INFO] info - post params:{}
[2022-02-10T10:33:26.895] [INFO] info - get params:{}
[2022-02-10T10:33:26.895] [INFO] info - post params:{}
[2022-02-10T10:33:32.324] [INFO] info - get params:{"menuState":"1"}
[2022-02-10T10:33:32.324] [INFO] info - post params:{}
[2022-02-10T10:33:32.325] [INFO] info - get params:{}
[2022-02-10T10:33:32.326] [INFO] info - post params:{}
[2022-02-10T10:35:53.807] [INFO] info - get params:{}
[2022-02-10T10:35:53.807] [INFO] info - post params:{}
[2022-02-10T10:35:56.356] [INFO] info - get params:{}
[2022-02-10T10:35:56.356] [INFO] info - post params:{}
[2022-02-10T10:36:01.309] [INFO] info - get params:{}
[2022-02-10T10:36:01.309] [INFO] info - post params:{}
[2022-02-10T10:36:04.448] [INFO] info - get params:{}
[2022-02-10T10:36:04.449] [INFO] info - post params:{}
[2022-02-10T10:36:07.048] [INFO] info - get params:{"state":"1","pageNum":"1","pageSize":"10"}
[2022-02-10T10:36:07.048] [INFO] info - post params:{}
[2022-02-10T10:36:07.059] [INFO] info - get params:{}
[2022-02-10T10:36:07.060] [INFO] info - post params:{}
[2022-02-10T10:36:07.066] [INFO] info - get params:{}
[2022-02-10T10:36:07.066] [INFO] info - post params:{}
[2022-02-10T10:36:07.074] [INFO] info - get params:{}
[2022-02-10T10:36:07.074] [INFO] info - post params:{}
[2022-02-10T10:36:08.897] [INFO] info - get params:{}
[2022-02-10T10:36:08.898] [INFO] info - post params:{}
[2022-02-10T10:36:10.487] [INFO] info - get params:{}
[2022-02-10T10:36:10.487] [INFO] info - post params:{}
[2022-02-10T10:36:10.488] [INFO] info - get params:{"roleName":"","total":"0","pageNum":"1","pageSize":"10"}
[2022-02-10T10:36:10.488] [INFO] info - post params:{}
[2022-02-10T10:36:10.504] [INFO] info - get params:{}
[2022-02-10T10:36:10.505] [INFO] info - post params:{}
[2022-02-10T10:38:58.363] [INFO] info - get params:{}
[2022-02-10T10:38:58.363] [INFO] info - post params:{}
[2022-02-10T10:39:00.010] [INFO] info - get params:{"roleName":"","total":"0","pageNum":"1","pageSize":"10"}
[2022-02-10T10:39:00.010] [INFO] info - post params:{}
[2022-02-10T10:39:00.016] [INFO] info - get params:{}
[2022-02-10T10:39:00.016] [INFO] info - post params:{}
[2022-02-10T10:39:00.032] [INFO] info - get params:{}
[2022-02-10T10:39:00.032] [INFO] info - post params:{}
[2022-02-10T10:39:40.213] [INFO] info - get params:{}
[2022-02-10T10:39:40.213] [INFO] info - post params:{}
[2022-02-10T10:39:42.563] [INFO] info - get params:{"roleName":"","total":"0","pageNum":"1","pageSize":"10"}
[2022-02-10T10:39:42.563] [INFO] info - post params:{}
[2022-02-10T10:39:42.567] [INFO] info - get params:{}
[2022-02-10T10:39:42.567] [INFO] info - post params:{}
[2022-02-10T10:39:42.580] [INFO] info - get params:{}
[2022-02-10T10:39:42.580] [INFO] info - post params:{}
[2022-02-10T10:48:31.319] [INFO] info - get params:{}
[2022-02-10T10:48:31.320] [INFO] info - post params:{}
[2022-02-10T11:09:28.883] [INFO] info - get params:{"roleName":"","total":"0","pageNum":"1","pageSize":"10"}
[2022-02-10T11:09:28.884] [INFO] info - post params:{}
[2022-02-10T11:09:28.913] [INFO] info - get params:{}
[2022-02-10T11:09:28.914] [INFO] info - post params:{}
[2022-02-10T11:09:28.925] [INFO] info - get params:{}
[2022-02-10T11:09:28.925] [INFO] info - post params:{}
[2022-02-10T11:09:43.508] [INFO] info - get params:{}
[2022-02-10T11:09:43.508] [INFO] info - post params:{"userName":"admin","userPwd":"admin"}
[2022-02-10T11:09:43.524] [INFO] info - get params:{}
[2022-02-10T11:09:43.525] [INFO] info - post params:{}
[2022-02-10T11:09:43.660] [INFO] info - get params:{}
[2022-02-10T11:09:43.660] [INFO] info - post params:{}
[2022-02-10T11:09:45.776] [INFO] info - get params:{"applyState":"1","pageNum":"1","pageSize":"10","total":"0"}
[2022-02-10T11:09:45.776] [INFO] info - post params:{}
[2022-02-10T11:09:47.101] [INFO] info - get params:{"applyState":"1","pageNum":"1","pageSize":"10","total":"0"}
[2022-02-10T11:09:47.101] [INFO] info - post params:{}
[2022-02-10T11:09:53.939] [INFO] info - get params:{"applyState":"1","pageNum":"1","pageSize":"10","total":"0"}
[2022-02-10T11:09:53.939] [INFO] info - post params:{}
[2022-02-10T11:15:44.519] [INFO] info - get params:{"menuState":"1"}
[2022-02-10T11:15:44.519] [INFO] info - post params:{}
[2022-02-10T11:20:12.564] [INFO] info - **数据库连接成功**
[2022-02-10T11:20:18.336] [INFO] info - get params:{}
[2022-02-10T11:20:18.336] [INFO] info - post params:{}
[2022-02-10T11:20:19.945] [INFO] info - get params:{"applyState":"1","pageNum":"1","pageSize":"10","total":"0"}
[2022-02-10T11:20:19.945] [INFO] info - post params:{}
[2022-02-10T11:20:19.954] [INFO] info - get params:{}
[2022-02-10T11:20:19.955] [INFO] info - post params:{}
[2022-02-10T11:20:22.411] [INFO] info - get params:{"applyState":"1","pageNum":"1","pageSize":"10","total":"0"}
[2022-02-10T11:20:22.411] [INFO] info - post params:{}
[2022-02-10T11:20:30.465] [INFO] info - get params:{"applyState":"","pageNum":"1","pageSize":"10","total":"0"}
[2022-02-10T11:20:30.465] [INFO] info - post params:{}
[2022-02-10T11:29:13.081] [INFO] info - get params:{"applyState":"","pageNum":"1","pageSize":"10","total":"0"}
[2022-02-10T11:29:13.082] [INFO] info - post params:{}
[2022-02-10T11:44:47.157] [INFO] info - get params:{}
[2022-02-10T11:44:47.157] [INFO] info - post params:{}
[2022-02-10T12:29:04.126] [INFO] info - get params:{}
[2022-02-10T12:29:04.127] [INFO] info - post params:{}
[2022-02-10T13:52:00.600] [INFO] info - get params:{}
[2022-02-10T13:52:00.600] [INFO] info - post params:{}
[2022-02-10T13:52:08.525] [INFO] info - get params:{}
[2022-02-10T13:52:08.525] [INFO] info - post params:{"userName":"admin","userPwd":"admin"}
[2022-02-10T13:52:08.546] [INFO] info - get params:{}
[2022-02-10T13:52:08.547] [INFO] info - post params:{}
[2022-02-10T13:52:08.615] [INFO] info - get params:{}
[2022-02-10T13:52:08.616] [INFO] info - post params:{}
[2022-02-10T13:52:23.453] [INFO] info - get params:{}
[2022-02-10T13:52:23.453] [INFO] info - post params:{}
[2022-02-10T13:52:31.979] [INFO] info - get params:{}
[2022-02-10T13:52:31.979] [INFO] info - post params:{}
[2022-02-10T13:52:35.642] [INFO] info - get params:{}
[2022-02-10T13:52:35.642] [INFO] info - post params:{}
[2022-02-10T13:52:35.779] [INFO] info - get params:{}
[2022-02-10T13:52:35.779] [INFO] info - post params:{}
[2022-02-10T13:52:39.107] [INFO] info - get params:{"applyState":"1","pageNum":"1","pageSize":"10","total":"0"}
[2022-02-10T13:52:39.108] [INFO] info - post params:{}
[2022-02-10T13:52:47.076] [INFO] info - get params:{"applyState":"1","pageNum":"1","pageSize":"10","total":"0"}
[2022-02-10T13:52:47.076] [INFO] info - post params:{}
[2022-02-10T13:54:57.824] [INFO] info - get params:{"applyState":"1","pageNum":"1","pageSize":"10","total":"0"}
[2022-02-10T13:54:57.824] [INFO] info - post params:{}
[2022-02-10T13:55:11.081] [INFO] info - get params:{}
[2022-02-10T13:55:11.082] [INFO] info - post params:{}
[2022-02-10T13:55:12.909] [INFO] info - get params:{}
[2022-02-10T13:55:12.909] [INFO] info - post params:{}
[2022-02-10T13:55:14.983] [INFO] info - get params:{"applyState":"1","pageNum":"1","pageSize":"10","total":"0"}
[2022-02-10T13:55:14.983] [INFO] info - post params:{}
[2022-02-10T13:55:16.086] [INFO] info - get params:{"applyState":"1","pageNum":"1","pageSize":"10","total":"0"}
[2022-02-10T13:55:16.086] [INFO] info - post params:{}
[2022-02-10T14:05:29.655] [INFO] info - **数据库连接成功**
[2022-02-10T14:06:02.589] [INFO] info - **数据库连接成功**
[2022-02-10T14:06:07.560] [INFO] info - get params:{}
[2022-02-10T14:06:07.561] [INFO] info - post params:{}
[2022-02-10T14:06:12.539] [INFO] info - get params:{}
[2022-02-10T14:06:12.539] [INFO] info - post params:{}
[2022-02-10T14:06:14.995] [INFO] info - get params:{"applyState":"1","pageNum":"1","pageSize":"10","total":"0"}
[2022-02-10T14:06:14.996] [INFO] info - post params:{}
[2022-02-10T14:06:24.147] [INFO] info - get params:{"applyState":"","pageNum":"1","pageSize":"10","total":"0"}
[2022-02-10T14:06:24.147] [INFO] info - post params:{}
[2022-02-10T14:06:39.169] [INFO] info - get params:{}
[2022-02-10T14:06:39.169] [INFO] info - post params:{"applyType":1,"startTime":"2022-02-01T16:00:00.000Z","endTime":"2022-02-10T16:00:00.000Z","leaveTime":"10天","reasons":"回家","action":"create"}
[2022-02-10T14:09:21.045] [INFO] info - get params:{}
[2022-02-10T14:09:21.045] [INFO] info - post params:{"applyType":1,"startTime":"2022-02-01T16:00:00.000Z","endTime":"2022-02-10T16:00:00.000Z","leaveTime":"10天","reasons":"回家","action":"create"}
[2022-02-10T14:09:26.122] [INFO] info - **数据库连接成功**
[2022-02-10T14:09:31.493] [INFO] info - get params:{}
[2022-02-10T14:09:31.494] [INFO] info - post params:{"applyType":1,"startTime":"2022-02-01T16:00:00.000Z","endTime":"2022-02-10T16:00:00.000Z","leaveTime":"10天","reasons":"回家","action":"create"}
[2022-02-10T14:09:31.897] [INFO] info - get params:{}
[2022-02-10T14:09:31.897] [INFO] info - post params:{"applyType":1,"startTime":"2022-02-01T16:00:00.000Z","endTime":"2022-02-10T16:00:00.000Z","leaveTime":"10天","reasons":"回家","action":"create"}
[2022-02-10T14:10:27.391] [INFO] info - **数据库连接成功**
[2022-02-10T14:10:29.598] [INFO] info - get params:{}
[2022-02-10T14:10:29.598] [INFO] info - post params:{"applyType":1,"startTime":"2022-02-01T16:00:00.000Z","endTime":"2022-02-10T16:00:00.000Z","leaveTime":"10天","reasons":"回家","action":"create"}
[2022-02-10T14:12:26.785] [INFO] info - **数据库连接成功**
[2022-02-10T14:12:29.023] [INFO] info - get params:{}
[2022-02-10T14:12:29.024] [INFO] info - post params:{"applyType":1,"startTime":"2022-02-01T16:00:00.000Z","endTime":"2022-02-10T16:00:00.000Z","leaveTime":"10天","reasons":"回家","action":"create"}
[2022-02-10T14:12:29.132] [INFO] info - get params:{"applyState":"","pageNum":"1","pageSize":"10","total":"0"}
[2022-02-10T14:12:29.132] [INFO] info - post params:{}
[2022-02-10T14:13:10.571] [INFO] info - get params:{}
[2022-02-10T14:13:10.571] [INFO] info - post params:{"_id":"6204accd796ab5284941a987","action":"delete"}
[2022-02-10T14:13:10.607] [INFO] info - get params:{"applyState":"","pageNum":"1","pageSize":"10","total":"1"}
[2022-02-10T14:13:10.607] [INFO] info - post params:{}
[2022-02-10T14:16:48.804] [INFO] info - get params:{}
[2022-02-10T14:16:48.804] [INFO] info - post params:{}
[2022-02-10T14:17:13.239] [INFO] info - get params:{}
[2022-02-10T14:17:13.239] [INFO] info - post params:{}
[2022-02-10T14:17:20.759] [INFO] info - get params:{}
[2022-02-10T14:17:20.759] [INFO] info - post params:{}
[2022-02-10T14:17:20.932] [INFO] info - get params:{}
[2022-02-10T14:17:20.932] [INFO] info - post params:{}
[2022-02-10T14:17:23.972] [INFO] info - get params:{}
[2022-02-10T14:17:23.972] [INFO] info - post params:{}
[2022-02-10T14:17:24.099] [INFO] info - get params:{}
[2022-02-10T14:17:24.099] [INFO] info - post params:{}
[2022-02-10T14:17:33.436] [INFO] info - get params:{"applyState":"1","pageNum":"1","pageSize":"10","total":"0"}
[2022-02-10T14:17:33.436] [INFO] info - post params:{}
[2022-02-10T14:17:35.460] [INFO] info - get params:{}
[2022-02-10T14:17:35.460] [INFO] info - post params:{}
[2022-02-10T14:17:44.645] [INFO] info - get params:{}
[2022-02-10T14:17:44.645] [INFO] info - post params:{}
[2022-02-10T14:20:26.584] [INFO] info - get params:{}
[2022-02-10T14:20:26.585] [INFO] info - post params:{}
[2022-02-10T14:20:29.747] [INFO] info - get params:{}
[2022-02-10T14:20:29.748] [INFO] info - post params:{}
[2022-02-10T14:20:36.870] [INFO] info - get params:{}
[2022-02-10T14:20:36.870] [INFO] info - post params:{}
[2022-02-10T14:20:37.013] [INFO] info - get params:{}
[2022-02-10T14:20:37.013] [INFO] info - post params:{}
[2022-02-10T14:20:40.574] [INFO] info - get params:{"applyState":"1","pageNum":"1","pageSize":"10","total":"0"}
[2022-02-10T14:20:40.574] [INFO] info - post params:{}
[2022-02-10T14:20:42.253] [INFO] info - get params:{}
[2022-02-10T14:20:42.254] [INFO] info - post params:{}
[2022-02-10T14:20:43.520] [INFO] info - get params:{}
[2022-02-10T14:20:43.521] [INFO] info - post params:{}
[2022-02-10T14:20:45.551] [INFO] info - get params:{"applyState":"1","pageNum":"1","pageSize":"10","total":"0"}
[2022-02-10T14:20:45.551] [INFO] info - post params:{}
[2022-02-10T14:20:46.812] [INFO] info - get params:{"applyState":"1","pageNum":"1","pageSize":"10","total":"0"}
[2022-02-10T14:20:46.812] [INFO] info - post params:{}
[2022-02-10T14:20:48.996] [INFO] info - get params:{"applyState":"","pageNum":"1","pageSize":"10","total":"0"}
[2022-02-10T14:20:48.997] [INFO] info - post params:{}
[2022-02-10T14:22:29.187] [INFO] info - get params:{}
[2022-02-10T14:22:29.187] [INFO] info - post params:{}
[2022-02-10T14:22:29.363] [INFO] info - get params:{}
[2022-02-10T14:22:29.363] [INFO] info - post params:{}
[2022-02-10T14:24:48.445] [INFO] info - get params:{}
[2022-02-10T14:24:48.446] [INFO] info - post params:{}
[2022-02-10T14:24:48.577] [INFO] info - get params:{}
[2022-02-10T14:24:48.577] [INFO] info - post params:{}
[2022-02-10T14:25:18.893] [INFO] info - get params:{}
[2022-02-10T14:25:18.893] [INFO] info - post params:{}
[2022-02-10T14:25:19.001] [INFO] info - get params:{}
[2022-02-10T14:25:19.001] [INFO] info - post params:{}
[2022-02-10T14:25:20.713] [INFO] info - get params:{}
[2022-02-10T14:25:20.713] [INFO] info - post params:{}
[2022-02-10T14:25:20.824] [INFO] info - get params:{}
[2022-02-10T14:25:20.824] [INFO] info - post params:{}
[2022-02-10T14:25:33.141] [INFO] info - get params:{}
[2022-02-10T14:25:33.141] [INFO] info - post params:{}
[2022-02-10T14:25:33.240] [INFO] info - get params:{}
[2022-02-10T14:25:33.240] [INFO] info - post params:{}
[2022-02-10T14:40:27.560] [INFO] info - get params:{}
[2022-02-10T14:40:27.560] [INFO] info - post params:{}
[2022-02-10T14:40:27.681] [INFO] info - get params:{}
[2022-02-10T14:40:27.682] [INFO] info - post params:{}
[2022-02-10T14:42:02.894] [INFO] info - get params:{}
[2022-02-10T14:42:02.894] [INFO] info - post params:{}
[2022-02-10T14:42:03.676] [INFO] info - get params:{}
[2022-02-10T14:42:03.676] [INFO] info - post params:{}
[2022-02-10T14:42:03.800] [INFO] info - get params:{}
[2022-02-10T14:42:03.801] [INFO] info - post params:{}
[2022-02-10T14:42:35.452] [INFO] info - get params:{}
[2022-02-10T14:42:35.452] [INFO] info - post params:{}
[2022-02-10T14:42:35.699] [INFO] info - get params:{}
[2022-02-10T14:42:35.699] [INFO] info - post params:{}
[2022-02-10T14:42:42.878] [INFO] info - get params:{}
[2022-02-10T14:42:42.878] [INFO] info - post params:{}
[2022-02-10T14:42:42.996] [INFO] info - get params:{}
[2022-02-10T14:42:42.996] [INFO] info - post params:{}
[2022-02-10T14:44:32.967] [INFO] info - get params:{}
[2022-02-10T14:44:32.967] [INFO] info - post params:{}
[2022-02-10T14:44:33.117] [INFO] info - get params:{}
[2022-02-10T14:44:33.117] [INFO] info - post params:{}
[2022-02-10T14:44:35.419] [INFO] info - get params:{"applyState":"1","pageNum":"1","pageSize":"10","total":"0"}
[2022-02-10T14:44:35.419] [INFO] info - post params:{}
[2022-02-10T14:44:38.869] [INFO] info - get params:{"applyState":"","pageNum":"1","pageSize":"10","total":"0"}
[2022-02-10T14:44:38.869] [INFO] info - post params:{}
[2022-02-10T14:44:56.390] [INFO] info - get params:{}
[2022-02-10T14:44:56.391] [INFO] info - post params:{}
[2022-02-10T14:45:02.323] [INFO] info - get params:{}
[2022-02-10T14:45:02.323] [INFO] info - post params:{}
[2022-02-10T14:45:18.410] [INFO] info - get params:{}
[2022-02-10T14:45:18.410] [INFO] info - post params:{}
[2022-02-10T14:45:20.577] [INFO] info - get params:{"applyState":"1","pageNum":"1","pageSize":"10","total":"0"}
[2022-02-10T14:45:20.577] [INFO] info - post params:{}
[2022-02-16T20:21:16.723] [INFO] info - **数据库连接成功**
[2022-04-08T15:51:26.035] [INFO] info - **数据库连接成功**
[2022-04-08T15:51:33.481] [INFO] info - get params:{}
[2022-04-08T15:51:33.481] [INFO] info - post params:{"userName":"admin","userPwd":"admin"}
[2022-04-08T15:51:33.523] [INFO] info - get params:{}
[2022-04-08T15:51:33.524] [INFO] info - post params:{}
[2022-04-08T15:51:33.613] [INFO] info - get params:{}
[2022-04-08T15:51:33.613] [INFO] info - post params:{}
[2022-04-08T15:51:36.903] [INFO] info - get params:{}
[2022-04-08T15:51:36.904] [INFO] info - post params:{}
[2022-04-08T15:51:40.204] [INFO] info - get params:{}
[2022-04-08T15:51:40.204] [INFO] info - post params:{}
[2022-04-08T15:51:50.003] [INFO] info - get params:{}
[2022-04-08T15:51:50.003] [INFO] info - post params:{}
[2022-04-08T15:51:52.756] [INFO] info - get params:{}
[2022-04-08T15:51:52.757] [INFO] info - post params:{}
[2022-04-08T15:51:59.699] [INFO] info - get params:{}
[2022-04-08T15:51:59.699] [INFO] info - post params:{"userName":"admin","userPwd":"admin"}
[2022-04-08T15:51:59.711] [INFO] info - get params:{}
[2022-04-08T15:51:59.711] [INFO] info - post params:{}
[2022-04-08T15:51:59.747] [INFO] info - get params:{}
[2022-04-08T15:51:59.747] [INFO] info - post params:{}
[2022-04-08T15:52:03.622] [INFO] info - get params:{}
[2022-04-08T15:52:03.622] [INFO] info - post params:{}
[2022-04-08T15:52:07.612] [INFO] info - get params:{}
[2022-04-08T15:52:07.612] [INFO] info - post params:{}
[2022-04-08T15:52:51.214] [INFO] info - get params:{}
[2022-04-08T15:52:51.214] [INFO] info - post params:{}
[2022-04-08T15:52:51.448] [INFO] info - get params:{}
[2022-04-08T15:52:51.448] [INFO] info - post params:{}
[2022-04-08T15:54:23.296] [INFO] info - get params:{"menuState":"1"}
[2022-04-08T15:54:23.296] [INFO] info - post params:{}
[2022-04-08T15:54:26.709] [INFO] info - get params:{"roleName":"","total":"0","pageNum":"1","pageSize":"10"}
[2022-04-08T15:54:26.709] [INFO] info - post params:{}
[2022-04-08T15:54:26.716] [INFO] info - get params:{}
[2022-04-08T15:54:26.716] [INFO] info - post params:{}
[2022-04-08T15:54:27.862] [INFO] info - get params:{"menuState":"1"}
[2022-04-08T15:54:27.862] [INFO] info - post params:{}
[2022-04-08T15:54:30.491] [INFO] info - get params:{"deptName":""}
[2022-04-08T15:54:30.491] [INFO] info - post params:{}
[2022-04-08T15:54:30.494] [INFO] info - get params:{}
[2022-04-08T15:54:30.494] [INFO] info - post params:{}
[2022-04-08T15:54:32.184] [INFO] info - get params:{"applyState":"1","pageNum":"1","pageSize":"10","total":"0"}
[2022-04-08T15:54:32.184] [INFO] info - post params:{}
[2022-04-08T15:54:33.568] [INFO] info - get params:{"deptName":""}
[2022-04-08T15:54:33.568] [INFO] info - post params:{}
[2022-04-08T15:54:33.574] [INFO] info - get params:{}
[2022-04-08T15:54:33.574] [INFO] info - post params:{}
[2022-04-08T15:54:34.121] [INFO] info - get params:{"state":"1","pageNum":"1","pageSize":"10"}
[2022-04-08T15:54:34.122] [INFO] info - post params:{}
[2022-04-08T15:54:34.127] [INFO] info - get params:{}
[2022-04-08T15:54:34.127] [INFO] info - post params:{}
[2022-04-08T15:54:34.136] [INFO] info - get params:{}
[2022-04-08T15:54:34.136] [INFO] info - post params:{}
[2022-04-08T15:54:34.465] [INFO] info - get params:{"roleName":"","total":"0","pageNum":"1","pageSize":"10"}
[2022-04-08T15:54:34.465] [INFO] info - post params:{}
[2022-04-08T15:54:34.473] [INFO] info - get params:{}
[2022-04-08T15:54:34.473] [INFO] info - post params:{}
[2022-04-08T15:57:53.769] [INFO] info - get params:{"applyState":"1","pageNum":"1","pageSize":"10","total":"0"}
[2022-04-08T15:57:53.770] [INFO] info - post params:{}
[2022-04-08T15:58:09.888] [INFO] info - get params:{}
[2022-04-08T15:58:09.888] [INFO] info - post params:{"applyType":1,"startTime":"2022-03-28T16:00:00.000Z","endTime":"2022-04-13T16:00:00.000Z","leaveTime":"17天","reasons":"ww","action":"create"}
[2022-04-08T15:58:09.978] [INFO] info - get params:{"applyState":"1","pageNum":"1","pageSize":"10","total":"0"}
[2022-04-08T15:58:09.979] [INFO] info - post params:{}
[2022-04-08T15:58:25.111] [INFO] info - get params:{}
[2022-04-08T15:58:25.114] [INFO] info - post params:{}
[2022-04-08T15:58:27.155] [INFO] info - get params:{}
[2022-04-08T15:58:27.155] [INFO] info - post params:{}
[2022-04-08T15:58:28.811] [INFO] info - get params:{"applyState":"1","pageNum":"1","pageSize":"10","total":"0"}
[2022-04-08T15:58:28.811] [INFO] info - post params:{}
[2022-04-08T15:58:42.435] [INFO] info - get params:{"applyState":"1","pageNum":"1","pageSize":"10","total":"1"}
[2022-04-08T15:58:42.435] [INFO] info - post params:{}
[2022-04-08T15:59:11.293] [INFO] info - get params:{}
[2022-04-08T15:59:11.293] [INFO] info - post params:{}
[2022-04-08T15:59:12.949] [INFO] info - get params:{}
[2022-04-08T15:59:12.949] [INFO] info - post params:{}
[2022-04-08T15:59:15.651] [INFO] info - get params:{"applyState":"1","pageNum":"1","pageSize":"10","total":"0"}
[2022-04-08T15:59:15.651] [INFO] info - post params:{}
[2022-04-08T16:00:54.605] [INFO] info - get params:{}
[2022-04-08T16:00:54.605] [INFO] info - post params:{}
[2022-04-08T16:00:57.643] [INFO] info - get params:{}
[2022-04-08T16:00:57.643] [INFO] info - post params:{}
[2022-04-08T16:01:17.891] [INFO] info - get params:{}
[2022-04-08T16:01:17.891] [INFO] info - post params:{}
[2022-04-08T16:01:37.404] [INFO] info - get params:{}
[2022-04-08T16:01:37.404] [INFO] info - post params:{}
[2022-04-08T16:02:25.923] [INFO] info - get params:{}
[2022-04-08T16:02:25.923] [INFO] info - post params:{}
[2022-04-08T16:05:12.992] [INFO] info - get params:{}
[2022-04-08T16:05:12.993] [INFO] info - post params:{}
[2022-04-08T16:05:16.393] [INFO] info - get params:{}
[2022-04-08T16:05:16.393] [INFO] info - post params:{}
[2022-04-08T16:05:21.608] [INFO] info - get params:{}
[2022-04-08T16:05:21.608] [INFO] info - post params:{}
[2022-04-08T16:05:24.600] [INFO] info - get params:{}
[2022-04-08T16:05:24.601] [INFO] info - post params:{}
[2022-04-08T16:05:47.897] [INFO] info - get params:{}
[2022-04-08T16:05:47.897] [INFO] info - post params:{}
[2022-04-08T16:05:52.370] [INFO] info - get params:{}
[2022-04-08T16:05:52.370] [INFO] info - post params:{}
[2022-04-08T16:05:56.705] [INFO] info - get params:{}
[2022-04-08T16:05:56.705] [INFO] info - post params:{}
[2022-04-08T16:05:56.864] [INFO] info - get params:{}
[2022-04-08T16:05:56.864] [INFO] info - post params:{}
[2022-04-08T16:15:06.059] [INFO] info - get params:{}
[2022-04-08T16:15:06.059] [INFO] info - post params:{}
[2022-04-08T16:15:06.254] [INFO] info - get params:{}
[2022-04-08T16:15:06.254] [INFO] info - post params:{}
[2022-04-08T16:15:10.484] [INFO] info - get params:{"applyState":"1","pageNum":"1","pageSize":"10","total":"0"}
[2022-04-08T16:15:10.484] [INFO] info - post params:{}
[2022-04-08T16:29:32.154] [INFO] info - get params:{"menuState":"1"}
[2022-04-08T16:29:32.154] [INFO] info - post params:{}
[2022-04-08T16:30:51.736] [INFO] info - get params:{}
[2022-04-08T16:30:51.737] [INFO] info - post params:{"parentId":["612127e4635dd73e0d524f4a"],"menuType":1,"menuState":1,"menuName":"待审批","path":"/audit/approve","component":"Approve","action":"add"}
[2022-04-08T16:30:51.819] [INFO] info - get params:{"menuState":"1"}
[2022-04-08T16:30:51.819] [INFO] info - post params:{}
[2022-04-08T16:31:27.355] [INFO] info - get params:{}
[2022-04-08T16:31:27.355] [INFO] info - post params:{"parentId":["612127e4635dd73e0d524f4a","624ff2bb8c1a0d558dd998e1"],"menuType":2,"menuState":1,"menuName":"查看","menuCode":"approve-query","action":"add"}
[2022-04-08T16:31:27.421] [INFO] info - get params:{"menuState":"1"}
[2022-04-08T16:31:27.421] [INFO] info - post params:{}
[2022-04-08T16:31:55.783] [INFO] info - get params:{}
[2022-04-08T16:31:55.783] [INFO] info - post params:{"parentId":["612127e4635dd73e0d524f4a","624ff2bb8c1a0d558dd998e1"],"menuType":2,"menuState":1,"menuName":"审核","menuCode":"approve-check","action":"add"}
[2022-04-08T16:31:55.842] [INFO] info - get params:{"menuState":"1"}
[2022-04-08T16:31:55.842] [INFO] info - post params:{}
[2022-04-08T16:32:09.325] [INFO] info - get params:{"roleName":"","total":"0","pageNum":"1","pageSize":"10"}
[2022-04-08T16:32:09.325] [INFO] info - post params:{}
[2022-04-08T16:32:09.334] [INFO] info - get params:{}
[2022-04-08T16:32:09.334] [INFO] info - post params:{}
[2022-04-08T16:32:19.870] [INFO] info - get params:{}
[2022-04-08T16:32:19.870] [INFO] info - post params:{"_id":"619662d8addac80576552aa1","permissionList":{"checkedKeys":["61341db34f7bf05be50ac06f","61343028992bf365a35fc1fc","61350967dfcb30744763ffe2","61878060a598ddcb73ae31ad","61a30d586a9cc32b74925826","624ff2df8c1a0d558dd998e4","624ff2fb8c1a0d558dd998e7"],"halfCheckedKeys":["61212795635dd73e0d524f44","612133293782b541c7acaf65","612e351abfe6b94cc3ac50b0","61342ad7363e4f640a101eea","61877fd6a598ddcb73ae31a4","612127e4635dd73e0d524f4a","61a30bed6a9cc32b7492581f","624ff2bb8c1a0d558dd998e1"]}}
[2022-04-08T16:32:19.919] [INFO] info - get params:{"roleName":"","total":"3","pageNum":"1","pageSize":"10"}
[2022-04-08T16:32:19.919] [INFO] info - post params:{}
[2022-04-08T16:32:46.896] [INFO] info - get params:{"state":"1","pageNum":"1","pageSize":"10"}
[2022-04-08T16:32:46.897] [INFO] info - post params:{}
[2022-04-08T16:32:46.906] [INFO] info - get params:{}
[2022-04-08T16:32:46.907] [INFO] info - post params:{}
[2022-04-08T16:32:46.909] [INFO] info - get params:{}
[2022-04-08T16:32:46.909] [INFO] info - post params:{}
[2022-04-08T16:32:50.688] [INFO] info - get params:{"roleName":"","total":"0","pageNum":"1","pageSize":"10"}
[2022-04-08T16:32:50.688] [INFO] info - post params:{}
[2022-04-08T16:32:50.692] [INFO] info - get params:{}
[2022-04-08T16:32:50.692] [INFO] info - post params:{}
[2022-04-08T16:32:51.468] [INFO] info - get params:{"state":"1","pageNum":"1","pageSize":"10"}
[2022-04-08T16:32:51.468] [INFO] info - post params:{}
[2022-04-08T16:32:51.471] [INFO] info - get params:{}
[2022-04-08T16:32:51.471] [INFO] info - post params:{}
[2022-04-08T16:32:51.482] [INFO] info - get params:{}
[2022-04-08T16:32:51.482] [INFO] info - post params:{}
[2022-04-08T16:33:36.223] [INFO] info - get params:{"roleName":"","total":"0","pageNum":"1","pageSize":"10"}
[2022-04-08T16:33:36.224] [INFO] info - post params:{}
[2022-04-08T16:33:36.226] [INFO] info - get params:{}
[2022-04-08T16:33:36.226] [INFO] info - post params:{}
[2022-04-08T16:33:57.511] [INFO] info - get params:{}
[2022-04-08T16:33:57.511] [INFO] info - post params:{"_id":"619515a74b5a1f04ffb22143","permissionList":{"checkedKeys":["61341db34f7bf05be50ac06f","61343028992bf365a35fc1fc","61350967dfcb30744763ffe2","61878060a598ddcb73ae31ad","61a310836a9cc32b7492585d"],"halfCheckedKeys":["61212795635dd73e0d524f44","612133293782b541c7acaf65","612e351abfe6b94cc3ac50b0","61342ad7363e4f640a101eea","61877fd6a598ddcb73ae31a4","61a30f446a9cc32b7492584f","61a30fae6a9cc32b74925854","61a30ff26a9cc32b74925857"]}}
[2022-04-08T16:33:57.561] [INFO] info - get params:{"roleName":"","total":"3","pageNum":"1","pageSize":"10"}
[2022-04-08T16:33:57.561] [INFO] info - post params:{}
[2022-04-08T16:34:16.784] [INFO] info - get params:{"menuState":"1"}
[2022-04-08T16:34:16.784] [INFO] info - post params:{}
[2022-04-08T16:34:17.520] [INFO] info - get params:{"roleName":"","total":"0","pageNum":"1","pageSize":"10"}
[2022-04-08T16:34:17.521] [INFO] info - post params:{}
[2022-04-08T16:34:17.529] [INFO] info - get params:{}
[2022-04-08T16:34:17.529] [INFO] info - post params:{}
[2022-04-08T16:34:18.076] [INFO] info - get params:{"state":"1","pageNum":"1","pageSize":"10"}
[2022-04-08T16:34:18.076] [INFO] info - post params:{}
[2022-04-08T16:34:18.082] [INFO] info - get params:{}
[2022-04-08T16:34:18.082] [INFO] info - post params:{}
[2022-04-08T16:34:18.089] [INFO] info - get params:{}
[2022-04-08T16:34:18.089] [INFO] info - post params:{}
[2022-04-08T16:35:11.303] [INFO] info - get params:{}
[2022-04-08T16:35:11.303] [INFO] info - post params:{"state":1,"roleList":["619515a74b5a1f04ffb22143"],"userName":"员工一","userEmail":"791919140@imooc.com","mobile":"17862325673","job":"\b前端","deptId":["6187b74ed4005ed265a9531a","6187b7d4d4005ed265a9531e"],"action":"add"}
[2022-04-08T16:35:11.394] [INFO] info - get params:{"state":"1","pageNum":"1","pageSize":"10","total":"1"}
[2022-04-08T16:35:11.394] [INFO] info - post params:{}
[2022-04-08T16:40:44.867] [INFO] info - get params:{}
[2022-04-08T16:40:44.868] [INFO] info - post params:{"userName":"用户一","userPwd":"123456"}
[2022-04-08T16:41:29.216] [INFO] info - get params:{}
[2022-04-08T16:41:29.216] [INFO] info - post params:{"userName":"用户一","userPwd":"123456"}
[2022-04-08T16:41:35.403] [INFO] info - get params:{}
[2022-04-08T16:41:35.403] [INFO] info - post params:{"userName":"用户一","userPwd":"123456"}
[2022-04-08T16:41:58.567] [INFO] info - get params:{}
[2022-04-08T16:41:58.567] [INFO] info - post params:{"userName":"员工一","userPwd":"123456"}
[2022-04-08T16:41:58.584] [INFO] info - get params:{}
[2022-04-08T16:41:58.584] [INFO] info - post params:{}
[2022-04-08T16:41:58.643] [INFO] info - get params:{}
[2022-04-08T16:41:58.643] [INFO] info - post params:{}
[2022-04-08T16:42:01.079] [INFO] info - get params:{"menuState":"1"}
[2022-04-08T16:42:01.079] [INFO] info - post params:{}
[2022-04-08T16:42:03.257] [INFO] info - get params:{"roleName":"","total":"0","pageNum":"1","pageSize":"10"}
[2022-04-08T16:42:03.257] [INFO] info - post params:{}
[2022-04-08T16:42:03.261] [INFO] info - get params:{}
[2022-04-08T16:42:03.261] [INFO] info - post params:{}
[2022-04-08T16:42:03.799] [INFO] info - get params:{"state":"1","pageNum":"1","pageSize":"10"}
[2022-04-08T16:42:03.799] [INFO] info - post params:{}
[2022-04-08T16:42:03.801] [INFO] info - get params:{}
[2022-04-08T16:42:03.801] [INFO] info - post params:{}
[2022-04-08T16:42:03.812] [INFO] info - get params:{}
[2022-04-08T16:42:03.812] [INFO] info - post params:{}
[2022-04-08T16:42:04.680] [INFO] info - get params:{"deptName":""}
[2022-04-08T16:42:04.680] [INFO] info - post params:{}
[2022-04-08T16:42:04.682] [INFO] info - get params:{}
[2022-04-08T16:42:04.682] [INFO] info - post params:{}
[2022-04-08T16:42:12.869] [INFO] info - get params:{}
[2022-04-08T16:42:12.869] [INFO] info - post params:{"userName":"admin","userPwd":"admin"}
[2022-04-08T16:42:12.891] [INFO] info - get params:{}
[2022-04-08T16:42:12.892] [INFO] info - post params:{}
[2022-04-08T16:42:12.940] [INFO] info - get params:{}
[2022-04-08T16:42:12.940] [INFO] info - post params:{}
[2022-04-08T16:42:17.396] [INFO] info - get params:{"applyState":"1","pageNum":"1","pageSize":"10","total":"0"}
[2022-04-08T16:42:17.397] [INFO] info - post params:{}
[2022-04-08T16:42:20.029] [INFO] info - get params:{"applyState":"1","pageNum":"1","pageSize":"10","total":"0"}
[2022-04-08T16:42:20.029] [INFO] info - post params:{}
[2022-04-08T16:42:20.033] [INFO] info - get params:{}
[2022-04-08T16:42:20.033] [INFO] info - post params:{}
[2022-04-08T17:35:07.090] [INFO] info - get params:{}
[2022-04-08T17:35:07.093] [INFO] info - post params:{}
[2022-04-08T19:41:00.520] [INFO] info - get params:{}
[2022-04-08T19:41:00.521] [INFO] info - post params:{}
[2022-04-08T19:41:00.563] [INFO] info - get params:{}
[2022-04-08T19:41:00.563] [INFO] info - post params:{}
[2022-04-08T19:41:07.983] [INFO] info - get params:{}
[2022-04-08T19:41:07.983] [INFO] info - post params:{"userName":"admin","userPwd":"admin"}
[2022-04-08T19:41:08.017] [INFO] info - get params:{}
[2022-04-08T19:41:08.018] [INFO] info - post params:{}
[2022-04-08T19:41:08.063] [INFO] info - get params:{}
[2022-04-08T19:41:08.064] [INFO] info - post params:{}
[2022-04-08T19:41:10.509] [INFO] info - get params:{}
[2022-04-08T19:41:10.509] [INFO] info - post params:{}
[2022-04-08T19:41:30.255] [INFO] info - get params:{}
[2022-04-08T19:41:30.255] [INFO] info - post params:{}
[2022-04-08T19:41:30.360] [INFO] info - get params:{}
[2022-04-08T19:41:30.360] [INFO] info - post params:{}
[2022-04-08T19:44:58.795] [INFO] info - get params:{}
[2022-04-08T19:44:58.795] [INFO] info - post params:{}
[2022-04-08T19:44:59.010] [INFO] info - get params:{}
[2022-04-08T19:44:59.010] [INFO] info - post params:{}
[2022-04-08T19:45:29.631] [INFO] info - get params:{}
[2022-04-08T19:45:29.631] [INFO] info - post params:{}
[2022-04-08T19:45:29.750] [INFO] info - get params:{}
[2022-04-08T19:45:29.750] [INFO] info - post params:{}
[2022-04-08T19:45:31.960] [INFO] info - get params:{}
[2022-04-08T19:45:31.960] [INFO] info - post params:{}
[2022-04-08T19:45:32.132] [INFO] info - get params:{}
[2022-04-08T19:45:32.132] [INFO] info - post params:{}
[2022-04-08T19:47:06.115] [INFO] info - get params:{}
[2022-04-08T19:47:06.116] [INFO] info - post params:{}
[2022-04-08T19:47:06.283] [INFO] info - get params:{}
[2022-04-08T19:47:06.283] [INFO] info - post params:{}
[2022-04-08T19:47:42.811] [INFO] info - get params:{}
[2022-04-08T19:47:42.811] [INFO] info - post params:{}
[2022-04-08T19:47:42.938] [INFO] info - get params:{}
[2022-04-08T19:47:42.938] [INFO] info - post params:{}
[2022-04-08T19:48:51.887] [INFO] info - get params:{}
[2022-04-08T19:48:51.887] [INFO] info - post params:{}
[2022-04-08T19:48:51.987] [INFO] info - get params:{}
[2022-04-08T19:48:51.987] [INFO] info - post params:{}
[2022-04-08T19:48:54.557] [INFO] info - get params:{}
[2022-04-08T19:48:54.557] [INFO] info - post params:{}
[2022-04-08T19:48:54.674] [INFO] info - get params:{}
[2022-04-08T19:48:54.674] [INFO] info - post params:{}
[2022-04-08T19:48:56.185] [INFO] info - get params:{}
[2022-04-08T19:48:56.186] [INFO] info - post params:{}
[2022-04-08T19:48:56.335] [INFO] info - get params:{}
[2022-04-08T19:48:56.335] [INFO] info - post params:{}
[2022-04-08T19:49:23.346] [INFO] info - get params:{}
[2022-04-08T19:49:23.346] [INFO] info - post params:{}
[2022-04-08T19:49:23.482] [INFO] info - get params:{}
[2022-04-08T19:49:23.482] [INFO] info - post params:{}
[2022-04-08T19:53:00.669] [INFO] info - get params:{}
[2022-04-08T19:53:00.669] [INFO] info - post params:{}
[2022-04-08T19:53:00.757] [INFO] info - get params:{}
[2022-04-08T19:53:00.757] [INFO] info - post params:{}
[2022-04-08T19:55:01.571] [INFO] info - get params:{}
[2022-04-08T19:55:01.571] [INFO] info - post params:{}
[2022-04-08T19:55:01.665] [INFO] info - get params:{}
[2022-04-08T19:55:01.665] [INFO] info - post params:{}
[2022-04-08T19:56:46.066] [INFO] info - get params:{}
[2022-04-08T19:56:46.066] [INFO] info - post params:{}
[2022-04-08T19:56:46.230] [INFO] info - get params:{}
[2022-04-08T19:56:46.230] [INFO] info - post params:{}
[2022-04-08T19:56:49.196] [INFO] info - get params:{}
[2022-04-08T19:56:49.196] [INFO] info - post params:{}
[2022-04-08T19:56:49.392] [INFO] info - get params:{}
[2022-04-08T19:56:49.392] [INFO] info - post params:{}
[2022-04-08T20:07:50.168] [INFO] info - get params:{}
[2022-04-08T20:07:50.168] [INFO] info - post params:{}
[2022-04-08T20:07:50.301] [INFO] info - get params:{}
[2022-04-08T20:07:50.301] [INFO] info - post params:{}
[2022-04-08T20:07:54.586] [INFO] info - get params:{}
[2022-04-08T20:07:54.586] [INFO] info - post params:{}
[2022-04-08T20:07:54.742] [INFO] info - get params:{}
[2022-04-08T20:07:54.742] [INFO] info - post params:{}
[2022-04-08T20:07:59.855] [INFO] info - get params:{"menuState":"1"}
[2022-04-08T20:07:59.855] [INFO] info - post params:{}
[2022-04-08T20:08:03.504] [INFO] info - get params:{}
[2022-04-08T20:08:03.504] [INFO] info - post params:{}
[2022-04-08T20:08:03.519] [INFO] info - get params:{}
[2022-04-08T20:08:03.519] [INFO] info - post params:{}
[2022-04-08T20:08:03.795] [INFO] info - get params:{"menuState":"1"}
[2022-04-08T20:08:03.795] [INFO] info - post params:{}
[2022-04-08T20:08:03.803] [INFO] info - get params:{}
[2022-04-08T20:08:03.803] [INFO] info - post params:{}
[2022-04-08T20:08:46.389] [INFO] info - get params:{}
[2022-04-08T20:08:46.389] [INFO] info - post params:{}
[2022-04-08T20:08:46.420] [INFO] info - get params:{}
[2022-04-08T20:08:46.420] [INFO] info - post params:{}
[2022-04-08T20:08:46.695] [INFO] info - get params:{"menuState":"1"}
[2022-04-08T20:08:46.695] [INFO] info - post params:{}
[2022-04-08T20:08:46.704] [INFO] info - get params:{}
[2022-04-08T20:08:46.704] [INFO] info - post params:{}
[2022-04-09T23:14:20.280] [INFO] info - get params:{}
[2022-04-09T23:14:20.280] [INFO] info - post params:{}
[2022-04-09T23:14:20.633] [INFO] info - get params:{}
[2022-04-09T23:14:20.633] [INFO] info - post params:{}
[2022-04-09T23:14:25.364] [INFO] info - get params:{}
[2022-04-09T23:14:25.364] [INFO] info - post params:{"userName":"admin","userPwd":"admin"}
[2022-04-09T23:14:25.379] [INFO] info - get params:{}
[2022-04-09T23:14:25.379] [INFO] info - post params:{}
[2022-04-09T23:14:25.416] [INFO] info - get params:{}
[2022-04-09T23:14:25.417] [INFO] info - post params:{}
[2022-04-09T23:14:27.196] [INFO] info - get params:{}
[2022-04-09T23:14:27.196] [INFO] info - post params:{}
[2022-04-09T23:14:27.450] [INFO] info - get params:{"applyState":"1","pageNum":"1","pageSize":"10","total":"0"}
[2022-04-09T23:14:27.450] [INFO] info - post params:{}
[2022-04-09T23:15:55.467] [INFO] info - get params:{"deptName":""}
[2022-04-09T23:15:55.467] [INFO] info - post params:{}
[2022-04-09T23:15:55.469] [INFO] info - get params:{}
[2022-04-09T23:15:55.469] [INFO] info - post params:{}
[2022-04-09T23:17:18.025] [INFO] info - get params:{}
[2022-04-09T23:17:18.025] [INFO] info - post params:{}
[2022-04-09T23:17:18.039] [INFO] info - get params:{}
[2022-04-09T23:17:18.039] [INFO] info - post params:{}
[2022-04-09T23:17:18.199] [INFO] info - get params:{"deptName":""}
[2022-04-09T23:17:18.199] [INFO] info - post params:{}
[2022-04-09T23:17:18.202] [INFO] info - get params:{}
[2022-04-09T23:17:18.202] [INFO] info - post params:{}
[2022-04-09T23:17:18.205] [INFO] info - get params:{}
[2022-04-09T23:17:18.205] [INFO] info - post params:{}
[2022-04-09T23:17:29.363] [INFO] info - get params:{}
[2022-04-09T23:17:29.364] [INFO] info - post params:{}
[2022-04-09T23:17:29.380] [INFO] info - get params:{}
[2022-04-09T23:17:29.380] [INFO] info - post params:{}
[2022-04-09T23:17:29.572] [INFO] info - get params:{"deptName":""}
[2022-04-09T23:17:29.572] [INFO] info - post params:{}
[2022-04-09T23:17:29.576] [INFO] info - get params:{}
[2022-04-09T23:17:29.576] [INFO] info - post params:{}
[2022-04-09T23:17:29.578] [INFO] info - get params:{}
[2022-04-09T23:17:29.579] [INFO] info - post params:{}
[2022-04-09T23:17:33.107] [INFO] info - get params:{}
[2022-04-09T23:17:33.107] [INFO] info - post params:{}
[2022-04-09T23:17:33.118] [INFO] info - get params:{}
[2022-04-09T23:17:33.118] [INFO] info - post params:{}
[2022-04-09T23:17:33.320] [INFO] info - get params:{}
[2022-04-09T23:17:33.320] [INFO] info - post params:{}
[2022-04-09T23:17:33.323] [INFO] info - get params:{"deptName":""}
[2022-04-09T23:17:33.324] [INFO] info - post params:{}
[2022-04-09T23:17:33.334] [INFO] info - get params:{}
[2022-04-09T23:17:33.334] [INFO] info - post params:{}
[2022-04-09T23:17:55.493] [INFO] info - get params:{"applyState":"1","pageNum":"1","pageSize":"10","total":"0"}
[2022-04-09T23:17:55.493] [INFO] info - post params:{}
[2022-04-09T23:19:10.144] [INFO] info - get params:{}
[2022-04-09T23:19:10.144] [INFO] info - post params:{}
[2022-04-09T23:19:10.153] [INFO] info - get params:{}
[2022-04-09T23:19:10.154] [INFO] info - post params:{}
[2022-04-09T23:19:10.345] [INFO] info - get params:{"applyState":"1","pageNum":"1","pageSize":"10","total":"0"}
[2022-04-09T23:19:10.345] [INFO] info - post params:{}
[2022-04-09T23:19:10.346] [INFO] info - get params:{}
[2022-04-09T23:19:10.346] [INFO] info - post params:{}
[2022-04-09T23:19:25.680] [INFO] info - get params:{}
[2022-04-09T23:19:25.680] [INFO] info - post params:{}
[2022-04-09T23:19:25.690] [INFO] info - get params:{}
[2022-04-09T23:19:25.690] [INFO] info - post params:{}
[2022-04-09T23:19:25.923] [INFO] info - get params:{"menuState":"1"}
[2022-04-09T23:19:25.924] [INFO] info - post params:{}
[2022-04-09T23:19:25.925] [INFO] info - get params:{}
[2022-04-09T23:19:25.925] [INFO] info - post params:{}
[2022-04-09T23:19:27.776] [INFO] info - get params:{"state":"1","pageNum":"1","pageSize":"10"}
[2022-04-09T23:19:27.776] [INFO] info - post params:{}
[2022-04-09T23:19:27.778] [INFO] info - get params:{}
[2022-04-09T23:19:27.778] [INFO] info - post params:{}
[2022-04-09T23:19:27.785] [INFO] info - get params:{}
[2022-04-09T23:19:27.785] [INFO] info - post params:{}
[2022-04-09T23:19:31.859] [INFO] info - get params:{}
[2022-04-09T23:19:31.859] [INFO] info - post params:{}
[2022-04-09T23:19:31.880] [INFO] info - get params:{}
[2022-04-09T23:19:31.880] [INFO] info - post params:{}
[2022-04-09T23:19:32.074] [INFO] info - get params:{"menuState":"1"}
[2022-04-09T23:19:32.074] [INFO] info - post params:{}
[2022-04-09T23:19:32.081] [INFO] info - get params:{}
[2022-04-09T23:19:32.081] [INFO] info - post params:{}
[2022-04-09T23:19:32.587] [INFO] info - get params:{}
[2022-04-09T23:19:32.587] [INFO] info - post params:{}
[2022-04-09T23:19:32.588] [INFO] info - get params:{"roleName":"","total":"0","pageNum":"1","pageSize":"10"}
[2022-04-09T23:19:32.588] [INFO] info - post params:{}
[2022-04-09T23:19:34.956] [INFO] info - get params:{"applyState":"1","pageNum":"1","pageSize":"10","total":"0"}
[2022-04-09T23:19:34.956] [INFO] info - post params:{}
[2022-04-09T23:19:35.641] [INFO] info - get params:{"state":"1","pageNum":"1","pageSize":"10"}
[2022-04-09T23:19:35.641] [INFO] info - post params:{}
[2022-04-09T23:19:35.642] [INFO] info - get params:{}
[2022-04-09T23:19:35.643] [INFO] info - post params:{}
[2022-04-09T23:19:35.644] [INFO] info - get params:{}
[2022-04-09T23:19:35.645] [INFO] info - post params:{}
[2022-04-09T23:20:58.761] [INFO] info - get params:{}
[2022-04-09T23:20:58.761] [INFO] info - post params:{}
[2022-04-09T23:20:58.772] [INFO] info - get params:{}
[2022-04-09T23:20:58.772] [INFO] info - post params:{}
[2022-04-09T23:20:59.033] [INFO] info - get params:{"applyState":"1","pageNum":"1","pageSize":"10","total":"0"}
[2022-04-09T23:20:59.033] [INFO] info - post params:{}
[2022-04-09T23:20:59.040] [INFO] info - get params:{}
[2022-04-09T23:20:59.040] [INFO] info - post params:{}
[2022-04-09T23:21:11.241] [INFO] info - get params:{}
[2022-04-09T23:21:11.242] [INFO] info - post params:{"_id":"624feb118c1a0d558dd998c0","action":"delete"}
[2022-04-09T23:21:11.259] [INFO] info - get params:{"applyState":"1","pageNum":"1","pageSize":"10","total":"1"}
[2022-04-09T23:21:11.259] [INFO] info - post params:{}
[2022-04-09T23:21:17.630] [INFO] info - get params:{}
[2022-04-09T23:21:17.630] [INFO] info - post params:{"userName":"员工一","userPwd":"123456"}
[2022-04-09T23:21:17.641] [INFO] info - get params:{}
[2022-04-09T23:21:17.641] [INFO] info - post params:{}
[2022-04-09T23:21:17.700] [INFO] info - get params:{}
[2022-04-09T23:21:17.700] [INFO] info - post params:{}
[2022-04-09T23:21:29.116] [INFO] info - get params:{}
[2022-04-09T23:21:29.116] [INFO] info - post params:{"userName":"admin","userPwd":"admin"}
[2022-04-09T23:21:29.132] [INFO] info - get params:{}
[2022-04-09T23:21:29.132] [INFO] info - post params:{}
[2022-04-09T23:21:29.163] [INFO] info - get params:{}
[2022-04-09T23:21:29.164] [INFO] info - post params:{}
[2022-04-09T23:21:33.725] [INFO] info - get params:{"roleName":"","total":"0","pageNum":"1","pageSize":"10"}
[2022-04-09T23:21:33.725] [INFO] info - post params:{}
[2022-04-09T23:21:33.728] [INFO] info - get params:{}
[2022-04-09T23:21:33.728] [INFO] info - post params:{}
[2022-04-09T23:21:40.731] [INFO] info - get params:{"state":"1","pageNum":"1","pageSize":"10"}
[2022-04-09T23:21:40.731] [INFO] info - post params:{}
[2022-04-09T23:21:40.736] [INFO] info - get params:{}
[2022-04-09T23:21:40.736] [INFO] info - post params:{}
[2022-04-09T23:21:40.746] [INFO] info - get params:{}
[2022-04-09T23:21:40.746] [INFO] info - post params:{}
[2022-04-09T23:21:51.564] [INFO] info - get params:{"roleName":"","total":"0","pageNum":"1","pageSize":"10"}
[2022-04-09T23:21:51.564] [INFO] info - post params:{}
[2022-04-09T23:21:51.565] [INFO] info - get params:{}
[2022-04-09T23:21:51.565] [INFO] info - post params:{}
[2022-04-09T23:22:03.393] [INFO] info - get params:{}
[2022-04-09T23:22:03.393] [INFO] info - post params:{"_id":"619515a74b5a1f04ffb22143","permissionList":{"checkedKeys":["61341db34f7bf05be50ac06f","61343028992bf365a35fc1fc","61350967dfcb30744763ffe2","61878060a598ddcb73ae31ad","61a30d586a9cc32b74925826","61a310836a9cc32b7492585d"],"halfCheckedKeys":["61212795635dd73e0d524f44","612133293782b541c7acaf65","612e351abfe6b94cc3ac50b0","61342ad7363e4f640a101eea","61877fd6a598ddcb73ae31a4","61a30bed6a9cc32b7492581f","61a30f446a9cc32b7492584f","61a30fae6a9cc32b74925854","61a30ff26a9cc32b74925857","612127e4635dd73e0d524f4a"]}}
[2022-04-09T23:22:03.447] [INFO] info - get params:{"roleName":"","total":"3","pageNum":"1","pageSize":"10"}
[2022-04-09T23:22:03.447] [INFO] info - post params:{}
[2022-04-09T23:22:08.752] [INFO] info - get params:{}
[2022-04-09T23:22:08.752] [INFO] info - post params:{"userName":"员工一","userPwd":"123456"}
[2022-04-09T23:22:08.762] [INFO] info - get params:{}
[2022-04-09T23:22:08.762] [INFO] info - post params:{}
[2022-04-09T23:22:08.803] [INFO] info - get params:{}
[2022-04-09T23:22:08.804] [INFO] info - post params:{}
[2022-04-09T23:22:11.678] [INFO] info - get params:{"applyState":"1","pageNum":"1","pageSize":"10","total":"0"}
[2022-04-09T23:22:11.678] [INFO] info - post params:{}
[2022-04-09T23:22:24.675] [INFO] info - get params:{}
[2022-04-09T23:22:24.675] [INFO] info - post params:{"applyType":1,"startTime":"2022-04-08T16:00:00.000Z","endTime":"2022-04-20T16:00:00.000Z","leaveTime":"13天","reasons":"休息","action":"create"}
[2022-04-09T23:22:24.728] [INFO] info - get params:{"applyState":"1","pageNum":"1","pageSize":"10","total":"0"}
[2022-04-09T23:22:24.728] [INFO] info - post params:{}
[2022-04-09T23:30:28.092] [INFO] info - get params:{"menuState":"1"}
[2022-04-09T23:30:28.092] [INFO] info - post params:{}
[2022-04-09T23:30:28.528] [INFO] info - get params:{"deptName":""}
[2022-04-09T23:30:28.528] [INFO] info - post params:{}
[2022-04-09T23:30:28.533] [INFO] info - get params:{}
[2022-04-09T23:30:28.533] [INFO] info - post params:{}
[2022-04-09T23:30:46.312] [INFO] info - get params:{}
[2022-04-09T23:30:46.312] [INFO] info - post params:{"parentId":["6187b74ed4005ed265a9531a"],"updateTime":"2021-11-07T11:19:09.887Z","createTime":"2021-11-07T11:19:09.887Z","_id":"6187b74ed4005ed265a9531a","deptName":"人事部门","userId":"1000002","userName":"admin","userEmail":"admin@imooc.com","__v":0,"children":[{"parentId":["6187b74ed4005ed265a9531a"],"updateTime":"2021-11-07T11:19:09.887Z","createTime":"2021-11-07T11:19:09.887Z","_id":"6187b7d4d4005ed265a9531e","deptName":"前端研发","userId":"1000003","userName":"admin","userEmail":"admin@imooc.com","__v":0}],"action":"edit"}
[2022-04-09T23:30:46.368] [INFO] info - get params:{"deptName":""}
[2022-04-09T23:30:46.368] [INFO] info - post params:{}
[2022-04-09T23:30:53.903] [INFO] info - get params:{}
[2022-04-09T23:30:53.903] [INFO] info - post params:{}
[2022-04-09T23:30:53.913] [INFO] info - get params:{}
[2022-04-09T23:30:53.913] [INFO] info - post params:{}
[2022-04-09T23:30:54.138] [INFO] info - get params:{"deptName":""}
[2022-04-09T23:30:54.138] [INFO] info - post params:{}
[2022-04-09T23:30:54.139] [INFO] info - get params:{}
[2022-04-09T23:30:54.139] [INFO] info - post params:{}
[2022-04-09T23:30:54.145] [INFO] info - get params:{}
[2022-04-09T23:30:54.146] [INFO] info - post params:{}
[2022-04-09T23:30:55.668] [INFO] info - get params:{"state":"1","pageNum":"1","pageSize":"10"}
[2022-04-09T23:30:55.668] [INFO] info - post params:{}
[2022-04-09T23:30:55.679] [INFO] info - get params:{}
[2022-04-09T23:30:55.679] [INFO] info - post params:{}
[2022-04-09T23:30:55.681] [INFO] info - get params:{}
[2022-04-09T23:30:55.681] [INFO] info - post params:{}
[2022-04-09T23:30:56.174] [INFO] info - get params:{"deptName":""}
[2022-04-09T23:30:56.174] [INFO] info - post params:{}
[2022-04-09T23:30:56.175] [INFO] info - get params:{}
[2022-04-09T23:30:56.175] [INFO] info - post params:{}
[2022-04-09T23:31:01.904] [INFO] info - get params:{}
[2022-04-09T23:31:01.904] [INFO] info - post params:{"userName":"admin","userPwd":"admin"}
[2022-04-09T23:31:01.926] [INFO] info - get params:{}
[2022-04-09T23:31:01.926] [INFO] info - post params:{}
[2022-04-09T23:31:02.031] [INFO] info - get params:{}
[2022-04-09T23:31:02.032] [INFO] info - post params:{}
[2022-04-09T23:31:05.452] [INFO] info - get params:{"deptName":""}
[2022-04-09T23:31:05.452] [INFO] info - post params:{}
[2022-04-09T23:31:05.460] [INFO] info - get params:{}
[2022-04-09T23:31:05.460] [INFO] info - post params:{}
[2022-04-09T23:31:08.360] [INFO] info - get params:{}
[2022-04-09T23:31:08.361] [INFO] info - post params:{}
[2022-04-09T23:31:08.374] [INFO] info - get params:{}
[2022-04-09T23:31:08.375] [INFO] info - post params:{}
[2022-04-09T23:31:08.607] [INFO] info - get params:{"deptName":""}
[2022-04-09T23:31:08.607] [INFO] info - post params:{}
[2022-04-09T23:31:08.611] [INFO] info - get params:{}
[2022-04-09T23:31:08.611] [INFO] info - post params:{}
[2022-04-09T23:31:08.615] [INFO] info - get params:{}
[2022-04-09T23:31:08.615] [INFO] info - post params:{}
[2022-04-09T23:31:10.196] [INFO] info - get params:{"state":"1","pageNum":"1","pageSize":"10"}
[2022-04-09T23:31:10.196] [INFO] info - post params:{}
[2022-04-09T23:31:10.199] [INFO] info - get params:{}
[2022-04-09T23:31:10.200] [INFO] info - post params:{}
[2022-04-09T23:31:10.207] [INFO] info - get params:{}
[2022-04-09T23:31:10.207] [INFO] info - post params:{}
[2022-04-09T23:31:11.186] [INFO] info - get params:{"roleName":"","total":"0","pageNum":"1","pageSize":"10"}
[2022-04-09T23:31:11.186] [INFO] info - post params:{}
[2022-04-09T23:31:11.189] [INFO] info - get params:{}
[2022-04-09T23:31:11.189] [INFO] info - post params:{}
[2022-04-09T23:31:11.980] [INFO] info - get params:{"menuState":"1"}
[2022-04-09T23:31:11.980] [INFO] info - post params:{}
[2022-04-09T23:31:12.694] [INFO] info - get params:{"state":"1","pageNum":"1","pageSize":"10"}
[2022-04-09T23:31:12.694] [INFO] info - post params:{}
[2022-04-09T23:31:12.699] [INFO] info - get params:{}
[2022-04-09T23:31:12.699] [INFO] info - post params:{}
[2022-04-09T23:31:12.707] [INFO] info - get params:{}
[2022-04-09T23:31:12.708] [INFO] info - post params:{}
[2022-04-09T23:31:14.056] [INFO] info - get params:{"deptName":""}
[2022-04-09T23:31:14.056] [INFO] info - post params:{}
[2022-04-09T23:31:14.061] [INFO] info - get params:{}
[2022-04-09T23:31:14.061] [INFO] info - post params:{}
[2022-04-09T23:31:38.649] [INFO] info - get params:{"deptName":""}
[2022-04-09T23:31:38.649] [INFO] info - post params:{}
[2022-04-09T23:32:20.767] [INFO] info - get params:{}
[2022-04-09T23:32:20.768] [INFO] info - post params:{"parentId":[null],"deptName":"总公司","userId":"1000002","userName":"admin","userEmail":"admin@imooc.com","action":"create"}
[2022-04-09T23:32:20.813] [INFO] info - get params:{"deptName":""}
[2022-04-09T23:32:20.813] [INFO] info - post params:{}
[2022-04-09T23:32:41.285] [INFO] info - get params:{"roleName":"","total":"0","pageNum":"1","pageSize":"10"}
[2022-04-09T23:32:41.285] [INFO] info - post params:{}
[2022-04-09T23:32:41.286] [INFO] info - get params:{}
[2022-04-09T23:32:41.286] [INFO] info - post params:{}
[2022-04-09T23:32:42.326] [INFO] info - get params:{"state":"1","pageNum":"1","pageSize":"10"}
[2022-04-09T23:32:42.327] [INFO] info - post params:{}
[2022-04-09T23:32:42.338] [INFO] info - get params:{}
[2022-04-09T23:32:42.338] [INFO] info - post params:{}
[2022-04-09T23:32:42.340] [INFO] info - get params:{}
[2022-04-09T23:32:42.340] [INFO] info - post params:{}
[2022-04-09T23:32:48.721] [INFO] info - get params:{"deptName":""}
[2022-04-09T23:32:48.721] [INFO] info - post params:{}
[2022-04-09T23:32:48.725] [INFO] info - get params:{}
[2022-04-09T23:32:48.725] [INFO] info - post params:{}
[2022-04-09T23:32:55.300] [INFO] info - get params:{"roleName":"","total":"0","pageNum":"1","pageSize":"10"}
[2022-04-09T23:32:55.300] [INFO] info - post params:{}
[2022-04-09T23:32:55.307] [INFO] info - get params:{}
[2022-04-09T23:32:55.307] [INFO] info - post params:{}
[2022-04-09T23:33:12.948] [INFO] info - get params:{}
[2022-04-09T23:33:12.948] [INFO] info - post params:{"roleName":"人事主管","action":"create"}
[2022-04-09T23:33:12.985] [INFO] info - get params:{"roleName":"","total":"3","pageNum":"1","pageSize":"10"}
[2022-04-09T23:33:12.985] [INFO] info - post params:{}
[2022-04-09T23:33:26.419] [INFO] info - get params:{}
[2022-04-09T23:33:26.420] [INFO] info - post params:{"_id":"619515a74b5a1f04ffb22143","permissionList":{"checkedKeys":["61a30d586a9cc32b74925826","61a310836a9cc32b7492585d"],"halfCheckedKeys":["61a30bed6a9cc32b7492581f","61a30f446a9cc32b7492584f","61a30fae6a9cc32b74925854","61a30ff26a9cc32b74925857","612127e4635dd73e0d524f4a"]}}
[2022-04-09T23:33:26.477] [INFO] info - get params:{"roleName":"","total":"4","pageNum":"1","pageSize":"10"}
[2022-04-09T23:33:26.477] [INFO] info - post params:{}
[2022-04-09T23:33:35.884] [INFO] info - get params:{}
[2022-04-09T23:33:35.885] [INFO] info - post params:{"_id":"6251a7388c1a0d558dd999f1","permissionList":{"checkedKeys":["61341db34f7bf05be50ac06f","61343028992bf365a35fc1fc","61350967dfcb30744763ffe2","61878060a598ddcb73ae31ad","61a30d586a9cc32b74925826","624ff2df8c1a0d558dd998e4","624ff2fb8c1a0d558dd998e7"],"halfCheckedKeys":["61212795635dd73e0d524f44","612133293782b541c7acaf65","612e351abfe6b94cc3ac50b0","61342ad7363e4f640a101eea","61877fd6a598ddcb73ae31a4","612127e4635dd73e0d524f4a","61a30bed6a9cc32b7492581f","624ff2bb8c1a0d558dd998e1"]}}
[2022-04-09T23:33:35.936] [INFO] info - get params:{"roleName":"","total":"4","pageNum":"1","pageSize":"10"}
[2022-04-09T23:33:35.936] [INFO] info - post params:{}
[2022-04-09T23:33:41.207] [INFO] info - get params:{"state":"1","pageNum":"1","pageSize":"10"}
[2022-04-09T23:33:41.207] [INFO] info - post params:{}
[2022-04-09T23:33:41.209] [INFO] info - get params:{}
[2022-04-09T23:33:41.209] [INFO] info - post params:{}
[2022-04-09T23:33:41.217] [INFO] info - get params:{}
[2022-04-09T23:33:41.217] [INFO] info - post params:{}
[2022-04-09T23:34:23.856] [INFO] info - get params:{}
[2022-04-09T23:34:23.856] [INFO] info - post params:{"state":1,"roleList":["6251a7388c1a0d558dd999f1","619662d8addac80576552aa1"],"userName":"人事老大","userEmail":"9372198738@imooc.com","mobile":"16357493846","job":"人事","deptId":["6251a7048c1a0d558dd999e2"],"action":"add"}
[2022-04-09T23:34:23.929] [INFO] info - get params:{"state":"1","pageNum":"1","pageSize":"10","total":"2"}
[2022-04-09T23:34:23.929] [INFO] info - post params:{}
[2022-04-09T23:34:34.885] [INFO] info - get params:{}
[2022-04-09T23:34:34.886] [INFO] info - post params:{}
[2022-04-09T23:34:34.887] [INFO] info - get params:{"deptName":""}
[2022-04-09T23:34:34.887] [INFO] info - post params:{}
[2022-04-09T23:34:48.287] [INFO] info - get params:{}
[2022-04-09T23:34:48.287] [INFO] info - post params:{"parentId":["6251a7048c1a0d558dd999e2"],"updateTime":"2022-04-08T07:51:25.977Z","createTime":"2022-04-08T07:51:25.977Z","_id":"6251a7048c1a0d558dd999e2","deptName":"人事部门","userId":"1000006","userName":"人事老大","userEmail":"9372198738@imooc.com","__v":0,"action":"edit"}
[2022-04-09T23:34:48.331] [INFO] info - get params:{"deptName":""}
[2022-04-09T23:34:48.332] [INFO] info - post params:{}
[2022-04-09T23:34:52.279] [INFO] info - get params:{"deptName":""}
[2022-04-09T23:34:52.279] [INFO] info - post params:{}
[2022-04-09T23:37:03.363] [INFO] info - get params:{}
[2022-04-09T23:37:03.363] [INFO] info - post params:{}
[2022-04-09T23:37:03.379] [INFO] info - get params:{}
[2022-04-09T23:37:03.379] [INFO] info - post params:{}
[2022-04-09T23:37:03.662] [INFO] info - get params:{"deptName":""}
[2022-04-09T23:37:03.662] [INFO] info - post params:{}
[2022-04-09T23:37:03.663] [INFO] info - get params:{}
[2022-04-09T23:37:03.663] [INFO] info - post params:{}
[2022-04-09T23:37:03.668] [INFO] info - get params:{}
[2022-04-09T23:37:03.669] [INFO] info - post params:{}
[2022-04-09T23:37:07.800] [INFO] info - get params:{"deptName":""}
[2022-04-09T23:37:07.800] [INFO] info - post params:{}
[2022-04-09T23:37:28.464] [INFO] info - get params:{}
[2022-04-09T23:37:28.464] [INFO] info - post params:{"userName":"admin","userPwd":"admin"}
[2022-04-09T23:37:28.480] [INFO] info - get params:{}
[2022-04-09T23:37:28.480] [INFO] info - post params:{}
[2022-04-09T23:37:28.544] [INFO] info - get params:{}
[2022-04-09T23:37:28.544] [INFO] info - post params:{}
[2022-04-09T23:37:32.690] [INFO] info - get params:{"deptName":""}
[2022-04-09T23:37:32.690] [INFO] info - post params:{}
[2022-04-09T23:37:32.691] [INFO] info - get params:{}
[2022-04-09T23:37:32.691] [INFO] info - post params:{}
[2022-04-09T23:37:44.365] [INFO] info - get params:{"deptName":""}
[2022-04-09T23:37:44.366] [INFO] info - post params:{}
[2022-04-09T23:39:27.237] [INFO] info - get params:{}
[2022-04-09T23:39:27.237] [INFO] info - post params:{}
[2022-04-09T23:39:27.250] [INFO] info - get params:{}
[2022-04-09T23:39:27.250] [INFO] info - post params:{}
[2022-04-09T23:39:27.514] [INFO] info - get params:{"deptName":""}
[2022-04-09T23:39:27.514] [INFO] info - post params:{}
[2022-04-09T23:39:27.519] [INFO] info - get params:{}
[2022-04-09T23:39:27.519] [INFO] info - post params:{}
[2022-04-09T23:39:27.525] [INFO] info - get params:{}
[2022-04-09T23:39:27.525] [INFO] info - post params:{}
[2022-04-09T23:45:16.077] [INFO] info - **数据库连接成功**
[2022-04-09T23:47:05.289] [INFO] info - get params:{}
[2022-04-09T23:47:05.289] [INFO] info - post params:{}
[2022-04-09T23:47:05.808] [INFO] info - get params:{}
[2022-04-09T23:47:05.809] [INFO] info - post params:{}
[2022-04-09T23:47:28.902] [INFO] info - get params:{}
[2022-04-09T23:47:28.902] [INFO] info - post params:{"userName":"admin","userPwd":"admin"}
[2022-04-09T23:47:28.918] [INFO] info - get params:{}
[2022-04-09T23:47:28.918] [INFO] info - post params:{}
[2022-04-09T23:47:28.990] [INFO] info - get params:{}
[2022-04-09T23:47:28.991] [INFO] info - post params:{}
[2022-04-09T23:47:33.219] [INFO] info - get params:{}
[2022-04-09T23:47:33.220] [INFO] info - post params:{}
[2022-04-09T23:47:33.417] [INFO] info - get params:{"deptName":""}
[2022-04-09T23:47:33.417] [INFO] info - post params:{}
[2022-04-09T23:47:33.424] [INFO] info - get params:{}
[2022-04-09T23:47:33.424] [INFO] info - post params:{}
[2022-04-09T23:47:37.627] [INFO] info - get params:{"menuState":"1"}
[2022-04-09T23:47:37.628] [INFO] info - post params:{}
[2022-04-09T23:47:38.405] [INFO] info - get params:{"roleName":"","total":"0","pageNum":"1","pageSize":"10"}
[2022-04-09T23:47:38.406] [INFO] info - post params:{}
[2022-04-09T23:47:38.408] [INFO] info - get params:{}
[2022-04-09T23:47:38.408] [INFO] info - post params:{}
[2022-04-09T23:47:39.162] [INFO] info - get params:{"state":"1","pageNum":"1","pageSize":"10"}
[2022-04-09T23:47:39.162] [INFO] info - post params:{}
[2022-04-09T23:47:39.172] [INFO] info - get params:{}
[2022-04-09T23:47:39.172] [INFO] info - post params:{}
[2022-04-09T23:47:39.179] [INFO] info - get params:{}
[2022-04-09T23:47:39.179] [INFO] info - post params:{}
[2022-04-09T23:47:40.443] [INFO] info - get params:{"roleName":"","total":"0","pageNum":"1","pageSize":"10"}
[2022-04-09T23:47:40.443] [INFO] info - post params:{}
[2022-04-09T23:47:40.448] [INFO] info - get params:{}
[2022-04-09T23:47:40.448] [INFO] info - post params:{}
[2022-04-09T23:47:46.317] [INFO] info - get params:{"state":"1","pageNum":"1","pageSize":"10"}
[2022-04-09T23:47:46.318] [INFO] info - post params:{}
[2022-04-09T23:47:46.321] [INFO] info - get params:{}
[2022-04-09T23:47:46.321] [INFO] info - post params:{}
[2022-04-09T23:47:46.330] [INFO] info - get params:{}
[2022-04-09T23:47:46.330] [INFO] info - post params:{}
[2022-04-09T23:47:49.780] [INFO] info - get params:{"deptName":""}
[2022-04-09T23:47:49.780] [INFO] info - post params:{}
[2022-04-09T23:47:49.782] [INFO] info - get params:{}
[2022-04-09T23:47:49.782] [INFO] info - post params:{}
[2022-04-09T23:48:05.239] [INFO] info - get params:{}
[2022-04-09T23:48:05.239] [INFO] info - post params:{"parentId":[null],"deptName":"总部门","userId":"1000002","userName":"admin","userEmail":"admin@imooc.com","action":"create"}
[2022-04-09T23:48:05.284] [INFO] info - get params:{"deptName":""}
[2022-04-09T23:48:05.285] [INFO] info - post params:{}
[2022-04-09T23:48:30.196] [INFO] info - get params:{}
[2022-04-09T23:48:30.197] [INFO] info - post params:{"parentId":["6251aab5a5144965ab2ba268"],"deptName":"人事部门","userId":"1000006","userName":"人事老大","userEmail":"9372198738@imooc.com","updateTime":"2022-04-09T15:45:16.036Z","createTime":"2022-04-09T15:45:16.036Z","_id":"6251aab5a5144965ab2ba268","__v":0,"action":"edit"}
[2022-04-09T23:48:30.244] [INFO] info - get params:{"deptName":""}
[2022-04-09T23:48:30.244] [INFO] info - post params:{}
[2022-04-09T23:48:43.992] [INFO] info - get params:{"deptName":""}
[2022-04-09T23:48:43.992] [INFO] info - post params:{}
[2022-04-09T23:49:32.178] [INFO] info - get params:{}
[2022-04-09T23:49:32.178] [INFO] info - post params:{"parentId":[null],"deptName":"总部门","userId":"1000002","userName":"admin","userEmail":"admin@imooc.com","updateTime":"2022-04-09T15:45:16.036Z","createTime":"2022-04-09T15:45:16.036Z","_id":"6251aab5a5144965ab2ba268","__v":0,"action":"create"}
[2022-04-09T23:49:32.227] [INFO] info - get params:{"deptName":""}
[2022-04-09T23:49:32.228] [INFO] info - post params:{}
[2022-04-09T23:50:00.147] [INFO] info - get params:{}
[2022-04-09T23:50:00.147] [INFO] info - post params:{"parentId":["6251ab0ca5144965ab2ba26e"],"deptName":"人事部门","userId":"1000006","userName":"人事老大","userEmail":"9372198738@imooc.com","updateTime":"2022-04-09T15:45:16.036Z","createTime":"2022-04-09T15:45:16.036Z","_id":"6251ab0ca5144965ab2ba26e","__v":0,"action":"create"}
[2022-04-09T23:50:00.192] [INFO] info - get params:{"deptName":""}
[2022-04-09T23:50:00.193] [INFO] info - post params:{}
[2022-04-09T23:50:14.268] [INFO] info - get params:{"state":"1","pageNum":"1","pageSize":"10"}
[2022-04-09T23:50:14.268] [INFO] info - post params:{}
[2022-04-09T23:50:14.270] [INFO] info - get params:{}
[2022-04-09T23:50:14.270] [INFO] info - post params:{}
[2022-04-09T23:50:14.275] [INFO] info - get params:{}
[2022-04-09T23:50:14.275] [INFO] info - post params:{}
[2022-04-09T23:50:32.035] [INFO] info - get params:{"roleName":"","total":"0","pageNum":"1","pageSize":"10"}
[2022-04-09T23:50:32.035] [INFO] info - post params:{}
[2022-04-09T23:50:32.037] [INFO] info - get params:{}
[2022-04-09T23:50:32.037] [INFO] info - post params:{}
[2022-04-09T23:51:31.107] [INFO] info - get params:{"state":"1","pageNum":"1","pageSize":"10"}
[2022-04-09T23:51:31.107] [INFO] info - post params:{}
[2022-04-09T23:51:31.108] [INFO] info - get params:{}
[2022-04-09T23:51:31.108] [INFO] info - post params:{}
[2022-04-09T23:51:31.109] [INFO] info - get params:{}
[2022-04-09T23:51:31.109] [INFO] info - post params:{}
[2022-04-09T23:51:39.382] [INFO] info - get params:{}
[2022-04-09T23:51:39.382] [INFO] info - post params:{"userIds":[1000005]}
[2022-04-09T23:51:39.398] [INFO] info - get params:{"state":"1","pageNum":"1","pageSize":"10","total":"3"}
[2022-04-09T23:51:39.398] [INFO] info - post params:{}
[2022-04-09T23:52:24.307] [INFO] info - get params:{}
[2022-04-09T23:52:24.307] [INFO] info - post params:{"state":1,"roleList":["619515a74b5a1f04ffb22143"],"userName":"人员1","userEmail":"72837891@imooc.com","mobile":"16384627498","job":"普通人事","deptId":["6251ab0ca5144965ab2ba26e","6251ab28a5144965ab2ba271"],"action":"add"}
[2022-04-09T23:52:24.410] [INFO] info - get params:{"state":"1","pageNum":"1","pageSize":"10","total":"2"}
[2022-04-09T23:52:24.411] [INFO] info - post params:{}
[2022-04-09T23:52:39.735] [INFO] info - get params:{}
[2022-04-09T23:52:39.735] [INFO] info - post params:{"userName":"员工一","userPwd":"123456"}
[2022-04-09T23:52:39.748] [INFO] info - get params:{}
[2022-04-09T23:52:39.748] [INFO] info - post params:{}
[2022-04-09T23:52:39.788] [INFO] info - get params:{}
[2022-04-09T23:52:39.788] [INFO] info - post params:{}
[2022-04-09T23:52:44.372] [INFO] info - get params:{"applyState":"1","pageNum":"1","pageSize":"10","total":"0"}
[2022-04-09T23:52:44.372] [INFO] info - post params:{}
[2022-04-09T23:52:48.998] [INFO] info - get params:{}
[2022-04-09T23:52:48.998] [INFO] info - post params:{"_id":"6251a4b08c1a0d558dd999b1","action":"delete"}
[2022-04-09T23:52:49.011] [INFO] info - get params:{"applyState":"1","pageNum":"1","pageSize":"10","total":"1"}
[2022-04-09T23:52:49.011] [INFO] info - post params:{}
[2022-04-09T23:53:31.836] [INFO] info - get params:{}
[2022-04-09T23:53:31.837] [INFO] info - post params:{"userName":"人员1","userPwd":"123456"}
[2022-04-09T23:53:31.848] [INFO] info - get params:{}
[2022-04-09T23:53:31.849] [INFO] info - post params:{}
[2022-04-09T23:53:31.924] [INFO] info - get params:{}
[2022-04-09T23:53:31.925] [INFO] info - post params:{}
[2022-04-09T23:53:34.762] [INFO] info - get params:{"applyState":"1","pageNum":"1","pageSize":"10","total":"0"}
[2022-04-09T23:53:34.762] [INFO] info - post params:{}
[2022-04-09T23:53:46.836] [INFO] info - get params:{}
[2022-04-09T23:53:46.836] [INFO] info - post params:{"applyType":1,"startTime":"2022-04-08T16:00:00.000Z","endTime":"2022-04-10T16:00:00.000Z","leaveTime":"3天","reasons":"休息","action":"create"}
[2022-04-09T23:53:46.905] [INFO] info - get params:{"applyState":"1","pageNum":"1","pageSize":"10","total":"0"}
[2022-04-09T23:53:46.905] [INFO] info - post params:{}
[2022-04-09T23:54:05.827] [INFO] info - get params:{"applyState":"1","pageNum":"1","pageSize":"10","total":"1"}
[2022-04-09T23:54:05.827] [INFO] info - post params:{}
[2022-04-09T23:54:30.271] [INFO] info - get params:{}
[2022-04-09T23:54:30.271] [INFO] info - post params:{"userName":"admin","userPwd":"admin"}
[2022-04-09T23:54:30.281] [INFO] info - get params:{}
[2022-04-09T23:54:30.281] [INFO] info - post params:{}
[2022-04-09T23:54:30.323] [INFO] info - get params:{}
[2022-04-09T23:54:30.324] [INFO] info - post params:{}
[2022-04-09T23:54:33.376] [INFO] info - get params:{"roleName":"","total":"0","pageNum":"1","pageSize":"10"}
[2022-04-09T23:54:33.377] [INFO] info - post params:{}
[2022-04-09T23:54:33.378] [INFO] info - get params:{}
[2022-04-09T23:54:33.378] [INFO] info - post params:{}
[2022-04-09T23:54:36.328] [INFO] info - get params:{}
[2022-04-09T23:54:36.328] [INFO] info - post params:{"_id":"618928151a8bd11e5e1ab795","action":"delete"}
[2022-04-09T23:54:36.344] [INFO] info - get params:{"roleName":"","total":"4","pageNum":"1","pageSize":"10"}
[2022-04-09T23:54:36.344] [INFO] info - post params:{}
[2022-04-09T23:54:48.137] [INFO] info - get params:{}
[2022-04-09T23:54:48.137] [INFO] info - post params:{}
[2022-04-09T23:54:48.138] [INFO] info - get params:{"state":"1","pageNum":"1","pageSize":"10"}
[2022-04-09T23:54:48.138] [INFO] info - post params:{}
[2022-04-09T23:54:48.141] [INFO] info - get params:{}
[2022-04-09T23:54:48.142] [INFO] info - post params:{}
[2022-04-09T23:59:07.482] [INFO] info - get params:{}
[2022-04-09T23:59:07.482] [INFO] info - post params:{"userIds":[1000007]}
[2022-04-09T23:59:07.502] [INFO] info - get params:{"state":"1","pageNum":"1","pageSize":"10","total":"3"}
[2022-04-09T23:59:07.502] [INFO] info - post params:{}
[2022-04-10T00:02:25.768] [INFO] info - **数据库连接成功**
[2022-04-10T00:02:33.168] [INFO] info - get params:{}
[2022-04-10T00:02:33.168] [INFO] info - post params:{"userName":"admin","userPwd":"admin"}
[2022-04-10T00:02:33.208] [INFO] info - get params:{}
[2022-04-10T00:02:33.208] [INFO] info - post params:{}
[2022-04-10T00:02:33.262] [INFO] info - get params:{}
[2022-04-10T00:02:33.262] [INFO] info - post params:{}
[2022-04-10T00:02:35.542] [INFO] info - get params:{"state":"1","pageNum":"1","pageSize":"10"}
[2022-04-10T00:02:35.542] [INFO] info - post params:{}
[2022-04-10T00:02:35.546] [INFO] info - get params:{}
[2022-04-10T00:02:35.546] [INFO] info - post params:{}
[2022-04-10T00:02:35.562] [INFO] info - get params:{}
[2022-04-10T00:02:35.562] [INFO] info - post params:{}
[2022-04-10T00:02:37.568] [INFO] info - get params:{}
[2022-04-10T00:02:37.569] [INFO] info - post params:{}
[2022-04-10T00:02:37.590] [INFO] info - get params:{}
[2022-04-10T00:02:37.590] [INFO] info - post params:{}
[2022-04-10T00:02:37.922] [INFO] info - get params:{"state":"1","pageNum":"1","pageSize":"10"}
[2022-04-10T00:02:37.922] [INFO] info - post params:{}
[2022-04-10T00:02:37.924] [INFO] info - get params:{}
[2022-04-10T00:02:37.924] [INFO] info - post params:{}
[2022-04-10T00:02:37.929] [INFO] info - get params:{}
[2022-04-10T00:02:37.929] [INFO] info - post params:{}
[2022-04-10T00:02:37.934] [INFO] info - get params:{}
[2022-04-10T00:02:37.934] [INFO] info - post params:{}
[2022-04-10T00:02:44.297] [INFO] info - get params:{"state":"1","pageNum":"1","pageSize":"10","total":"2"}
[2022-04-10T00:02:44.297] [INFO] info - post params:{}
[2022-04-10T00:02:48.337] [INFO] info - get params:{"state":"0","pageNum":"1","pageSize":"10","total":"2"}
[2022-04-10T00:02:48.337] [INFO] info - post params:{}
[2022-04-10T00:03:01.860] [INFO] info - get params:{}
[2022-04-10T00:03:01.860] [INFO] info - post params:{"userIds":[1000007]}
[2022-04-10T00:03:10.162] [INFO] info - get params:{"state":"0","pageNum":"1","pageSize":"10","total":"3"}
[2022-04-10T00:03:10.162] [INFO] info - post params:{}
[2022-04-10T00:03:18.114] [INFO] info - get params:{"state":"0","pageNum":"1","pageSize":"10","total":"3"}
[2022-04-10T00:03:18.114] [INFO] info - post params:{}
[2022-04-10T00:03:18.729] [INFO] info - get params:{"state":"0","pageNum":"1","pageSize":"10","total":"3"}
[2022-04-10T00:03:18.730] [INFO] info - post params:{}
[2022-04-10T00:03:18.892] [INFO] info - get params:{"state":"0","pageNum":"1","pageSize":"10","total":"3"}
[2022-04-10T00:03:18.892] [INFO] info - post params:{}
[2022-04-10T00:03:21.047] [INFO] info - get params:{}
[2022-04-10T00:03:21.047] [INFO] info - post params:{"userIds":[1000007]}
[2022-04-10T00:04:30.639] [INFO] info - get params:{"state":"1","pageNum":"1","pageSize":"10","total":"3"}
[2022-04-10T00:04:30.639] [INFO] info - post params:{}
[2022-04-10T00:04:36.560] [INFO] info - get params:{"state":"0","pageNum":"1","pageSize":"10","total":"2"}
[2022-04-10T00:04:36.560] [INFO] info - post params:{}
[2022-04-10T00:08:15.309] [INFO] info - get params:{}
[2022-04-10T00:08:15.309] [INFO] info - post params:{"state":1,"roleList":["619515a74b5a1f04ffb22143"],"deptId":["6251ab0ca5144965ab2ba26e","6251ab28a5144965ab2ba271"],"role":1,"createTime":"2022-04-09T15:45:16.013Z","lastLoginTime":"2022-04-09T15:45:16.013Z","userId":1000007,"userName":"人员1","userEmail":"72837891@imooc.com@imooc.com","job":"普通人事","mobile":"16384627498","__v":0,"action":"edit"}
[2022-04-10T00:08:15.380] [INFO] info - get params:{"state":"0","pageNum":"1","pageSize":"10","total":"3"}
[2022-04-10T00:08:15.381] [INFO] info - post params:{}
[2022-04-10T00:08:17.552] [INFO] info - get params:{"state":"0","pageNum":"1","pageSize":"10","total":"3"}
[2022-04-10T00:08:17.552] [INFO] info - post params:{}
[2022-04-10T00:08:19.904] [INFO] info - get params:{"state":"1","pageNum":"1","pageSize":"10","total":"3"}
[2022-04-10T00:08:19.904] [INFO] info - post params:{}
[2022-04-10T00:08:21.695] [INFO] info - get params:{"roleName":"","total":"0","pageNum":"1","pageSize":"10"}
[2022-04-10T00:08:21.696] [INFO] info - post params:{}
[2022-04-10T00:08:21.703] [INFO] info - get params:{}
[2022-04-10T00:08:21.704] [INFO] info - post params:{}
[2022-04-10T00:08:23.820] [INFO] info - get params:{"state":"1","pageNum":"1","pageSize":"10"}
[2022-04-10T00:08:23.820] [INFO] info - post params:{}
[2022-04-10T00:08:23.825] [INFO] info - get params:{}
[2022-04-10T00:08:23.825] [INFO] info - post params:{}
[2022-04-10T00:08:23.833] [INFO] info - get params:{}
[2022-04-10T00:08:23.833] [INFO] info - post params:{}
[2022-04-10T00:08:25.454] [INFO] info - get params:{"roleName":"","total":"0","pageNum":"1","pageSize":"10"}
[2022-04-10T00:08:25.454] [INFO] info - post params:{}
[2022-04-10T00:08:25.455] [INFO] info - get params:{}
[2022-04-10T00:08:25.455] [INFO] info - post params:{}
[2022-04-10T00:08:40.731] [INFO] info - get params:{}
[2022-04-10T00:08:40.731] [INFO] info - post params:{"userName":"人员1","userPwd":"123456"}
[2022-04-10T00:08:40.746] [INFO] info - get params:{}
[2022-04-10T00:08:40.746] [INFO] info - post params:{}
[2022-04-10T00:08:40.813] [INFO] info - get params:{}
[2022-04-10T00:08:40.813] [INFO] info - post params:{}
[2022-04-10T00:08:42.797] [INFO] info - get params:{"applyState":"1","pageNum":"1","pageSize":"10","total":"0"}
[2022-04-10T00:08:42.797] [INFO] info - post params:{}
[2022-04-10T00:08:45.593] [INFO] info - get params:{}
[2022-04-10T00:08:45.593] [INFO] info - post params:{"_id":"6251ac0aa5144965ab2ba29c","action":"delete"}
[2022-04-10T00:08:45.609] [INFO] info - get params:{"applyState":"1","pageNum":"1","pageSize":"10","total":"1"}
[2022-04-10T00:08:45.609] [INFO] info - post params:{}
[2022-04-10T00:08:55.697] [INFO] info - get params:{}
[2022-04-10T00:08:55.697] [INFO] info - post params:{"applyType":1,"startTime":"2022-03-30T16:00:00.000Z","endTime":"2022-04-11T16:00:00.000Z","leaveTime":"13天","reasons":"eee","action":"create"}
[2022-04-10T00:08:55.769] [INFO] info - get params:{"applyState":"1","pageNum":"1","pageSize":"10","total":"0"}
[2022-04-10T00:08:55.769] [INFO] info - post params:{}
[2022-04-10T00:10:17.818] [INFO] info - get params:{}
[2022-04-10T00:10:17.818] [INFO] info - post params:{"userName":"admin","userPwd":"admin"}
[2022-04-10T00:10:17.831] [INFO] info - get params:{}
[2022-04-10T00:10:17.831] [INFO] info - post params:{}
[2022-04-10T00:10:17.893] [INFO] info - get params:{}
[2022-04-10T00:10:17.893] [INFO] info - post params:{}
[2022-04-10T00:10:20.885] [INFO] info - get params:{"state":"1","pageNum":"1","pageSize":"10"}
[2022-04-10T00:10:20.885] [INFO] info - post params:{}
[2022-04-10T00:10:20.887] [INFO] info - get params:{}
[2022-04-10T00:10:20.887] [INFO] info - post params:{}
[2022-04-10T00:10:20.901] [INFO] info - get params:{}
[2022-04-10T00:10:20.902] [INFO] info - post params:{}
[2022-04-10T00:10:39.923] [INFO] info - get params:{}
[2022-04-10T00:10:39.923] [INFO] info - post params:{"state":1,"roleList":["619662d8addac80576552aa1"],"deptId":["6251ab0ca5144965ab2ba26e"],"role":0,"createTime":"2021-01-17T13:32:06.381Z","lastLoginTime":"2021-01-17T13:32:06.381Z","userId":1000002,"userName":"admin","userEmail":"admin@imooc.com@imooc.com","__v":0,"job":"前端","mobile":"15854299869","action":"edit"}
[2022-04-10T00:10:40.034] [INFO] info - get params:{"state":"1","pageNum":"1","pageSize":"10","total":"3"}
[2022-04-10T00:10:40.034] [INFO] info - post params:{}
[2022-04-10T00:10:51.429] [INFO] info - get params:{}
[2022-04-10T00:10:51.429] [INFO] info - post params:{"userName":"人员1","userPwd":"123456"}
[2022-04-10T00:10:51.445] [INFO] info - get params:{}
[2022-04-10T00:10:51.446] [INFO] info - post params:{}
[2022-04-10T00:10:51.495] [INFO] info - get params:{}
[2022-04-10T00:10:51.495] [INFO] info - post params:{}
[2022-04-10T00:10:53.486] [INFO] info - get params:{"applyState":"1","pageNum":"1","pageSize":"10","total":"0"}
[2022-04-10T00:10:53.486] [INFO] info - post params:{}
[2022-04-10T00:10:55.042] [INFO] info - get params:{}
[2022-04-10T00:10:55.043] [INFO] info - post params:{"_id":"6251af976dc0d866b9a1eb03","action":"delete"}
[2022-04-10T00:10:55.066] [INFO] info - get params:{"applyState":"1","pageNum":"1","pageSize":"10","total":"1"}
[2022-04-10T00:10:55.067] [INFO] info - post params:{}
[2022-04-10T00:11:04.481] [INFO] info - get params:{}
[2022-04-10T00:11:04.481] [INFO] info - post params:{"applyType":1,"startTime":"2022-04-15T16:00:00.000Z","endTime":"2022-04-26T16:00:00.000Z","leaveTime":"12天","reasons":"11","action":"create"}
[2022-04-10T00:11:04.538] [INFO] info - get params:{"applyState":"1","pageNum":"1","pageSize":"10","total":"0"}
[2022-04-10T00:11:04.538] [INFO] info - post params:{}
[2022-04-10T00:11:16.012] [INFO] info - get params:{}
[2022-04-10T00:11:16.012] [INFO] info - post params:{"userName":"admin","userPwd":"admin"}
[2022-04-10T00:11:16.026] [INFO] info - get params:{}
[2022-04-10T00:11:16.026] [INFO] info - post params:{}
[2022-04-10T00:11:16.076] [INFO] info - get params:{}
[2022-04-10T00:11:16.076] [INFO] info - post params:{}
[2022-04-10T00:11:19.477] [INFO] info - get params:{"menuState":"1"}
[2022-04-10T00:11:19.477] [INFO] info - post params:{}
[2022-04-10T00:11:19.959] [INFO] info - get params:{"roleName":"","total":"0","pageNum":"1","pageSize":"10"}
[2022-04-10T00:11:19.960] [INFO] info - post params:{}
[2022-04-10T00:11:19.961] [INFO] info - get params:{}
[2022-04-10T00:11:19.961] [INFO] info - post params:{}
[2022-04-10T00:11:35.519] [INFO] info - get params:{}
[2022-04-10T00:11:35.519] [INFO] info - post params:{"_id":"619662d8addac80576552aa1","permissionList":{"checkedKeys":["61341db34f7bf05be50ac06f","61343028992bf365a35fc1fc","61350967dfcb30744763ffe2","61878060a598ddcb73ae31ad"],"halfCheckedKeys":["61212795635dd73e0d524f44","612133293782b541c7acaf65","612e351abfe6b94cc3ac50b0","61342ad7363e4f640a101eea","61877fd6a598ddcb73ae31a4"]}}
[2022-04-10T00:11:35.572] [INFO] info - get params:{"roleName":"","total":"3","pageNum":"1","pageSize":"10"}
[2022-04-10T00:11:35.572] [INFO] info - post params:{}
[2022-04-10T00:11:45.059] [INFO] info - get params:{}
[2022-04-10T00:11:45.060] [INFO] info - post params:{"_id":"6251a7388c1a0d558dd999f1","permissionList":{"checkedKeys":["624ff2df8c1a0d558dd998e4","624ff2fb8c1a0d558dd998e7"],"halfCheckedKeys":["624ff2bb8c1a0d558dd998e1","612127e4635dd73e0d524f4a"]}}
[2022-04-10T00:11:45.113] [INFO] info - get params:{"roleName":"","total":"3","pageNum":"1","pageSize":"10"}
[2022-04-10T00:11:45.113] [INFO] info - post params:{}
[2022-04-10T00:11:58.951] [INFO] info - get params:{"deptName":""}
[2022-04-10T00:11:58.951] [INFO] info - post params:{}
[2022-04-10T00:11:58.956] [INFO] info - get params:{}
[2022-04-10T00:11:58.956] [INFO] info - post params:{}
[2022-04-10T00:12:20.443] [INFO] info - get params:{}
[2022-04-10T00:12:20.443] [INFO] info - post params:{"userName":"人事老大","userPwd":"admin"}
[2022-04-10T00:12:23.885] [INFO] info - get params:{}
[2022-04-10T00:12:23.885] [INFO] info - post params:{"userName":"人事老大","userPwd":"123456"}
[2022-04-10T00:12:23.903] [INFO] info - get params:{}
[2022-04-10T00:12:23.903] [INFO] info - post params:{}
[2022-04-10T00:12:23.974] [INFO] info - get params:{}
[2022-04-10T00:12:23.974] [INFO] info - post params:{}
[2022-04-10T00:12:43.626] [INFO] info - get params:{}
[2022-04-10T00:12:43.626] [INFO] info - post params:{"userName":"人员1","userPwd":"123456"}
[2022-04-10T00:12:43.640] [INFO] info - get params:{}
[2022-04-10T00:12:43.640] [INFO] info - post params:{}
[2022-04-10T00:12:43.712] [INFO] info - get params:{}
[2022-04-10T00:12:43.713] [INFO] info - post params:{}
[2022-04-10T00:12:45.529] [INFO] info - get params:{}
[2022-04-10T00:12:45.529] [INFO] info - post params:{}
[2022-04-10T00:12:45.776] [INFO] info - get params:{"applyState":"1","pageNum":"1","pageSize":"10","total":"0"}
[2022-04-10T00:12:45.777] [INFO] info - post params:{}
[2022-04-10T00:13:37.668] [INFO] info - get params:{}
[2022-04-10T00:13:37.668] [INFO] info - post params:{"userName":"admin","userPwd":"admin"}
[2022-04-10T00:13:37.681] [INFO] info - get params:{}
[2022-04-10T00:13:37.682] [INFO] info - post params:{}
[2022-04-10T00:13:37.729] [INFO] info - get params:{}
[2022-04-10T00:13:37.729] [INFO] info - post params:{}
[2022-04-10T00:13:40.112] [INFO] info - get params:{}
[2022-04-10T00:13:40.113] [INFO] info - post params:{}
[2022-04-10T00:13:40.270] [INFO] info - get params:{"deptName":""}
[2022-04-10T00:13:40.270] [INFO] info - post params:{}
[2022-04-10T00:13:40.274] [INFO] info - get params:{}
[2022-04-10T00:13:40.274] [INFO] info - post params:{}
[2022-04-10T00:14:00.452] [INFO] info - get params:{"roleName":"","total":"0","pageNum":"1","pageSize":"10"}
[2022-04-10T00:14:00.452] [INFO] info - post params:{}
[2022-04-10T00:14:00.455] [INFO] info - get params:{}
[2022-04-10T00:14:00.455] [INFO] info - post params:{}
[2022-04-10T00:14:08.909] [INFO] info - get params:{}
[2022-04-10T00:14:08.909] [INFO] info - post params:{"roleName":"财务主管","action":"create"}
[2022-04-10T00:14:08.949] [INFO] info - get params:{"roleName":"","total":"3","pageNum":"1","pageSize":"10"}
[2022-04-10T00:14:08.949] [INFO] info - post params:{}
[2022-04-10T00:14:17.325] [INFO] info - get params:{}
[2022-04-10T00:14:17.326] [INFO] info - post params:{"_id":"6251b0d06dc0d866b9a1eb4d","permissionList":{"checkedKeys":["624ff2df8c1a0d558dd998e4","624ff2fb8c1a0d558dd998e7"],"halfCheckedKeys":["624ff2bb8c1a0d558dd998e1","612127e4635dd73e0d524f4a"]}}
[2022-04-10T00:14:17.380] [INFO] info - get params:{"roleName":"","total":"4","pageNum":"1","pageSize":"10"}
[2022-04-10T00:14:17.380] [INFO] info - post params:{}
[2022-04-10T00:14:19.302] [INFO] info - get params:{"state":"1","pageNum":"1","pageSize":"10"}
[2022-04-10T00:14:19.302] [INFO] info - post params:{}
[2022-04-10T00:14:19.309] [INFO] info - get params:{}
[2022-04-10T00:14:19.309] [INFO] info - post params:{}
[2022-04-10T00:14:19.317] [INFO] info - get params:{}
[2022-04-10T00:14:19.317] [INFO] info - post params:{}
[2022-04-10T00:14:50.567] [INFO] info - get params:{}
[2022-04-10T00:14:50.567] [INFO] info - post params:{}
[2022-04-10T00:14:50.568] [INFO] info - get params:{"deptName":""}
[2022-04-10T00:14:50.568] [INFO] info - post params:{}
[2022-04-10T00:15:10.377] [INFO] info - get params:{}
[2022-04-10T00:15:10.377] [INFO] info - post params:{"parentId":["6251ab0ca5144965ab2ba26e"],"deptName":"财务部门","userId":"1000002","userName":"admin","userEmail":"admin@imooc.com","action":"create"}
[2022-04-10T00:15:10.440] [INFO] info - get params:{"deptName":""}
[2022-04-10T00:15:10.440] [INFO] info - post params:{}
[2022-04-10T00:15:13.000] [INFO] info - get params:{"state":"1","pageNum":"1","pageSize":"10"}
[2022-04-10T00:15:13.000] [INFO] info - post params:{}
[2022-04-10T00:15:13.004] [INFO] info - get params:{}
[2022-04-10T00:15:13.004] [INFO] info - post params:{}
[2022-04-10T00:15:13.009] [INFO] info - get params:{}
[2022-04-10T00:15:13.009] [INFO] info - post params:{}
[2022-04-10T00:15:40.448] [INFO] info - get params:{}
[2022-04-10T00:15:40.448] [INFO] info - post params:{"state":1,"roleList":["6251b0d06dc0d866b9a1eb4d"],"userName":"财务老大","userEmail":"213123123@imooc.com","mobile":"13845867845","job":"财务","deptId":["6251ab0ca5144965ab2ba26e","6251b10e6dc0d866b9a1eb5a"],"action":"add"}
[2022-04-10T00:15:40.530] [INFO] info - get params:{"state":"1","pageNum":"1","pageSize":"10","total":"3"}
[2022-04-10T00:15:40.530] [INFO] info - post params:{}
[2022-04-10T00:15:51.608] [INFO] info - get params:{"roleName":"","total":"0","pageNum":"1","pageSize":"10"}
[2022-04-10T00:15:51.608] [INFO] info - post params:{}
[2022-04-10T00:15:51.609] [INFO] info - get params:{}
[2022-04-10T00:15:51.610] [INFO] info - post params:{}
[2022-04-10T00:15:58.121] [INFO] info - get params:{"state":"1","pageNum":"1","pageSize":"10"}
[2022-04-10T00:15:58.121] [INFO] info - post params:{}
[2022-04-10T00:15:58.126] [INFO] info - get params:{}
[2022-04-10T00:15:58.126] [INFO] info - post params:{}
[2022-04-10T00:15:58.136] [INFO] info - get params:{}
[2022-04-10T00:15:58.136] [INFO] info - post params:{}
[2022-04-10T00:16:06.899] [INFO] info - get params:{"deptName":""}
[2022-04-10T00:16:06.899] [INFO] info - post params:{}
[2022-04-10T00:16:06.904] [INFO] info - get params:{}
[2022-04-10T00:16:06.905] [INFO] info - post params:{}
[2022-04-10T00:16:14.004] [INFO] info - get params:{}
[2022-04-10T00:16:14.004] [INFO] info - post params:{"parentId":["6251ab0ca5144965ab2ba26e"],"updateTime":"2022-04-09T16:02:25.730Z","createTime":"2022-04-09T16:02:25.730Z","_id":"6251b10e6dc0d866b9a1eb5a","deptName":"财务部门","userId":"1000008","userName":"财务老大","userEmail":"213123123@imooc.com","__v":0,"action":"edit"}
[2022-04-10T00:16:14.044] [INFO] info - get params:{"deptName":""}
[2022-04-10T00:16:14.044] [INFO] info - post params:{}
[2022-04-10T00:16:16.433] [INFO] info - get params:{"roleName":"","total":"0","pageNum":"1","pageSize":"10"}
[2022-04-10T00:16:16.433] [INFO] info - post params:{}
[2022-04-10T00:16:16.435] [INFO] info - get params:{}
[2022-04-10T00:16:16.435] [INFO] info - post params:{}
[2022-04-10T00:16:18.432] [INFO] info - get params:{"state":"1","pageNum":"1","pageSize":"10"}
[2022-04-10T00:16:18.432] [INFO] info - post params:{}
[2022-04-10T00:16:18.438] [INFO] info - get params:{}
[2022-04-10T00:16:18.438] [INFO] info - post params:{}
[2022-04-10T00:16:18.445] [INFO] info - get params:{}
[2022-04-10T00:16:18.445] [INFO] info - post params:{}
[2022-04-10T00:16:25.030] [INFO] info - get params:{"state":"1","pageNum":"1","pageSize":"10","total":"4"}
[2022-04-10T00:16:25.030] [INFO] info - post params:{}
[2022-04-10T00:17:50.884] [INFO] info - get params:{}
[2022-04-10T00:17:50.884] [INFO] info - post params:{}
[2022-04-10T00:17:50.886] [INFO] info - get params:{"roleName":"","total":"0","pageNum":"1","pageSize":"10"}
[2022-04-10T00:17:50.887] [INFO] info - post params:{}
[2022-04-10T00:17:56.409] [INFO] info - get params:{"roleName":"","total":"4","pageNum":"1","pageSize":"10"}
[2022-04-10T00:17:56.409] [INFO] info - post params:{}
[2022-04-10T00:18:14.882] [INFO] info - get params:{"state":"1","pageNum":"1","pageSize":"10"}
[2022-04-10T00:18:14.882] [INFO] info - post params:{}
[2022-04-10T00:18:14.890] [INFO] info - get params:{}
[2022-04-10T00:18:14.890] [INFO] info - post params:{}
[2022-04-10T00:18:14.893] [INFO] info - get params:{}
[2022-04-10T00:18:14.893] [INFO] info - post params:{}
[2022-04-10T00:18:22.262] [INFO] info - get params:{"deptName":""}
[2022-04-10T00:18:22.262] [INFO] info - post params:{}
[2022-04-10T00:18:22.268] [INFO] info - get params:{}
[2022-04-10T00:18:22.268] [INFO] info - post params:{}
[2022-04-10T00:18:24.790] [INFO] info - get params:{"state":"1","pageNum":"1","pageSize":"10"}
[2022-04-10T00:18:24.790] [INFO] info - post params:{}
[2022-04-10T00:18:24.794] [INFO] info - get params:{}
[2022-04-10T00:18:24.794] [INFO] info - post params:{}
[2022-04-10T00:18:24.803] [INFO] info - get params:{}
[2022-04-10T00:18:24.803] [INFO] info - post params:{}
[2022-04-10T00:19:42.159] [INFO] info - get params:{"state":"1","pageNum":"1","pageSize":"10","total":"4"}
[2022-04-10T00:19:42.159] [INFO] info - post params:{}
[2022-04-10T00:21:44.560] [INFO] info - get params:{"roleName":"","total":"0","pageNum":"1","pageSize":"10"}
[2022-04-10T00:21:44.560] [INFO] info - post params:{}
[2022-04-10T00:21:44.564] [INFO] info - get params:{}
[2022-04-10T00:21:44.564] [INFO] info - post params:{}
[2022-04-10T00:21:53.074] [INFO] info - get params:{}
[2022-04-10T00:21:53.074] [INFO] info - post params:{"roleName":"77","action":"create"}
[2022-04-10T00:21:53.120] [INFO] info - get params:{"roleName":"","total":"4","pageNum":"1","pageSize":"10"}
[2022-04-10T00:21:53.120] [INFO] info - post params:{}
[2022-04-10T00:22:54.112] [INFO] info - get params:{}
[2022-04-10T00:22:54.113] [INFO] info - post params:{"_id":"6251b2a16dc0d866b9a1eb8f","action":"delete"}
[2022-04-10T00:22:54.131] [INFO] info - get params:{"roleName":"","total":"5","pageNum":"1","pageSize":"10"}
[2022-04-10T00:22:54.131] [INFO] info - post params:{}
[2022-04-10T00:24:01.720] [INFO] info - get params:{"state":"1","pageNum":"1","pageSize":"10"}
[2022-04-10T00:24:01.720] [INFO] info - post params:{}
[2022-04-10T00:24:01.728] [INFO] info - get params:{}
[2022-04-10T00:24:01.728] [INFO] info - post params:{}
[2022-04-10T00:24:01.731] [INFO] info - get params:{}
[2022-04-10T00:24:01.731] [INFO] info - post params:{}
[2022-04-10T00:24:10.594] [INFO] info - get params:{"state":"1","pageNum":"1","pageSize":"10","total":"4"}
[2022-04-10T00:24:10.594] [INFO] info - post params:{}
[2022-04-10T00:25:41.564] [INFO] info - get params:{"roleName":"","total":"0","pageNum":"1","pageSize":"10"}
[2022-04-10T00:25:41.564] [INFO] info - post params:{}
[2022-04-10T00:25:41.568] [INFO] info - get params:{}
[2022-04-10T00:25:41.568] [INFO] info - post params:{}
[2022-04-10T00:26:30.941] [INFO] info - get params:{"menuState":"1"}
[2022-04-10T00:26:30.942] [INFO] info - post params:{}
[2022-04-10T00:26:34.910] [INFO] info - get params:{"roleName":"","total":"0","pageNum":"1","pageSize":"10"}
[2022-04-10T00:26:34.910] [INFO] info - post params:{}
[2022-04-10T00:26:34.915] [INFO] info - get params:{}
[2022-04-10T00:26:34.915] [INFO] info - post params:{}
[2022-04-10T00:26:38.930] [INFO] info - get params:{"deptName":""}
[2022-04-10T00:26:38.930] [INFO] info - post params:{}
[2022-04-10T00:26:38.931] [INFO] info - get params:{}
[2022-04-10T00:26:38.931] [INFO] info - post params:{}
[2022-04-10T00:26:39.768] [INFO] info - get params:{"state":"1","pageNum":"1","pageSize":"10"}
[2022-04-10T00:26:39.768] [INFO] info - post params:{}
[2022-04-10T00:26:39.773] [INFO] info - get params:{}
[2022-04-10T00:26:39.774] [INFO] info - post params:{}
[2022-04-10T00:26:39.781] [INFO] info - get params:{}
[2022-04-10T00:26:39.781] [INFO] info - post params:{}
[2022-04-10T00:29:47.026] [INFO] info - get params:{"roleName":"","total":"0","pageNum":"1","pageSize":"10"}
[2022-04-10T00:29:47.027] [INFO] info - post params:{}
[2022-04-10T00:29:47.033] [INFO] info - get params:{}
[2022-04-10T00:29:47.033] [INFO] info - post params:{}
[2022-04-10T00:29:49.086] [INFO] info - get params:{"state":"1","pageNum":"1","pageSize":"10"}
[2022-04-10T00:29:49.086] [INFO] info - post params:{}
[2022-04-10T00:29:49.091] [INFO] info - get params:{}
[2022-04-10T00:29:49.091] [INFO] info - post params:{}
[2022-04-10T00:29:49.100] [INFO] info - get params:{}
[2022-04-10T00:29:49.100] [INFO] info - post params:{}
[2022-04-10T00:30:44.136] [INFO] info - get params:{"deptName":""}
[2022-04-10T00:30:44.136] [INFO] info - post params:{}
[2022-04-10T00:30:44.138] [INFO] info - get params:{}
[2022-04-10T00:30:44.138] [INFO] info - post params:{}
[2022-04-10T00:30:53.544] [INFO] info - get params:{}
[2022-04-10T00:30:53.544] [INFO] info - post params:{"userName":"人员1","userPwd":"123456"}
[2022-04-10T00:30:53.562] [INFO] info - get params:{}
[2022-04-10T00:30:53.562] [INFO] info - post params:{}
[2022-04-10T00:30:53.606] [INFO] info - get params:{}
[2022-04-10T00:30:53.606] [INFO] info - post params:{}
[2022-04-10T00:30:55.145] [INFO] info - get params:{"applyState":"1","pageNum":"1","pageSize":"10","total":"0"}
[2022-04-10T00:30:55.145] [INFO] info - post params:{}
[2022-04-10T00:30:58.178] [INFO] info - get params:{}
[2022-04-10T00:30:58.178] [INFO] info - post params:{"_id":"6251b0186dc0d866b9a1eb20","action":"delete"}
[2022-04-10T00:30:58.206] [INFO] info - get params:{"applyState":"1","pageNum":"1","pageSize":"10","total":"1"}
[2022-04-10T00:30:58.206] [INFO] info - post params:{}
[2022-04-10T00:31:06.316] [INFO] info - get params:{}
[2022-04-10T00:31:06.316] [INFO] info - post params:{"applyType":1,"startTime":"2022-04-10T16:00:00.000Z","endTime":"2022-04-14T16:00:00.000Z","leaveTime":"5天","reasons":"444","action":"create"}
[2022-04-10T00:31:06.374] [INFO] info - get params:{"applyState":"1","pageNum":"1","pageSize":"10","total":"0"}
[2022-04-10T00:31:06.374] [INFO] info - post params:{}
[2022-04-10T00:33:45.232] [INFO] info - get params:{}
[2022-04-10T00:33:45.232] [INFO] info - post params:{"_id":"6251b4ca6dc0d866b9a1ebbf","action":"delete"}
[2022-04-10T00:33:45.249] [INFO] info - get params:{"applyState":"1","pageNum":"1","pageSize":"10","total":"1"}
[2022-04-10T00:33:45.249] [INFO] info - post params:{}
[2022-04-10T00:33:54.383] [INFO] info - **数据库连接成功**
[2022-04-10T00:34:05.038] [INFO] info - get params:{}
[2022-04-10T00:34:05.038] [INFO] info - post params:{"applyType":1,"startTime":"2022-04-09T16:00:00.000Z","endTime":"2022-04-14T16:00:00.000Z","leaveTime":"6天","reasons":"222","action":"create"}
[2022-04-10T00:34:05.140] [INFO] info - get params:{"applyState":"1","pageNum":"1","pageSize":"10","total":"0"}
[2022-04-10T00:34:05.140] [INFO] info - post params:{}
[2022-04-10T00:36:25.417] [INFO] info - get params:{"applyState":"1","pageNum":"1","pageSize":"10","total":"1"}
[2022-04-10T00:36:25.417] [INFO] info - post params:{}
[2022-04-10T00:37:44.364] [INFO] info - get params:{}
[2022-04-10T00:37:44.364] [INFO] info - post params:{"_id":"6251b57d1fbe63688682c348","action":"delete"}
[2022-04-10T00:37:44.386] [INFO] info - get params:{"applyState":"1","pageNum":"1","pageSize":"10","total":"1"}
[2022-04-10T00:37:44.387] [INFO] info - post params:{}
[2022-04-10T00:37:53.223] [INFO] info - get params:{}
[2022-04-10T00:37:53.223] [INFO] info - post params:{"applyType":1,"startTime":"2022-04-09T16:00:00.000Z","endTime":"2022-04-25T16:00:00.000Z","leaveTime":"17天","reasons":"111","action":"create"}
[2022-04-10T00:37:53.296] [INFO] info - get params:{"applyState":"1","pageNum":"1","pageSize":"10","total":"0"}
[2022-04-10T00:37:53.297] [INFO] info - post params:{}
[2022-04-10T00:45:09.051] [INFO] info - get params:{}
[2022-04-10T00:45:09.051] [INFO] info - post params:{}
[2022-04-10T00:45:09.101] [INFO] info - get params:{}
[2022-04-10T00:45:09.101] [INFO] info - post params:{}
[2022-04-10T00:45:09.602] [INFO] info - get params:{"applyState":"1","pageNum":"1","pageSize":"10","total":"0"}
[2022-04-10T00:45:09.602] [INFO] info - post params:{}
[2022-04-10T00:45:09.608] [INFO] info - get params:{}
[2022-04-10T00:45:09.608] [INFO] info - post params:{}
[2022-04-10T00:45:17.720] [INFO] info - get params:{}
[2022-04-10T00:45:17.720] [INFO] info - post params:{"applyType":1,"startTime":"2022-04-10T16:00:00.000Z","endTime":"2022-04-25T16:00:00.000Z","leaveTime":"16天","reasons":"www","action":"create"}
[2022-04-10T00:45:17.780] [INFO] info - get params:{"applyState":"1","pageNum":"1","pageSize":"10","total":"1"}
[2022-04-10T00:45:17.780] [INFO] info - post params:{}
[2022-04-10T00:45:28.489] [INFO] info - **数据库连接成功**
[2022-04-10T00:45:34.655] [INFO] info - get params:{}
[2022-04-10T00:45:34.655] [INFO] info - post params:{}
[2022-04-10T00:45:34.716] [INFO] info - get params:{}
[2022-04-10T00:45:34.716] [INFO] info - post params:{}
[2022-04-10T00:45:34.982] [INFO] info - get params:{"applyState":"1","pageNum":"1","pageSize":"10","total":"0"}
[2022-04-10T00:45:34.982] [INFO] info - post params:{}
[2022-04-10T00:45:34.991] [INFO] info - get params:{}
[2022-04-10T00:45:34.991] [INFO] info - post params:{}
[2022-04-10T00:45:41.398] [INFO] info - get params:{}
[2022-04-10T00:45:41.398] [INFO] info - post params:{"applyType":1,"startTime":"2022-04-12T16:00:00.000Z","endTime":"2022-04-19T16:00:00.000Z","leaveTime":"8天","reasons":"qqq","action":"create"}
[2022-04-10T00:45:41.474] [INFO] info - get params:{"applyState":"1","pageNum":"1","pageSize":"10","total":"2"}
[2022-04-10T00:45:41.474] [INFO] info - post params:{}
[2022-04-10T00:47:47.565] [INFO] info - get params:{}
[2022-04-10T00:47:47.565] [INFO] info - post params:{}
[2022-04-10T00:47:47.586] [INFO] info - get params:{}
[2022-04-10T00:47:47.586] [INFO] info - post params:{}
[2022-04-10T00:47:47.847] [INFO] info - get params:{"applyState":"1","pageNum":"1","pageSize":"10","total":"0"}
[2022-04-10T00:47:47.847] [INFO] info - post params:{}
[2022-04-10T00:47:47.858] [INFO] info - get params:{}
[2022-04-10T00:47:47.858] [INFO] info - post params:{}
[2022-04-10T10:11:25.779] [INFO] info - get params:{}
[2022-04-10T10:11:25.780] [INFO] info - post params:{"userName":"admin","userPwd":"admin"}
[2022-04-10T10:11:25.872] [INFO] info - get params:{}
[2022-04-10T10:11:25.872] [INFO] info - post params:{}
[2022-04-10T10:11:25.964] [INFO] info - get params:{}
[2022-04-10T10:11:25.964] [INFO] info - post params:{}
[2022-04-10T10:11:28.099] [INFO] info - get params:{}
[2022-04-10T10:11:28.099] [INFO] info - post params:{}
[2022-04-10T10:11:28.282] [INFO] info - get params:{"roleName":"","total":"0","pageNum":"1","pageSize":"10"}
[2022-04-10T10:11:28.283] [INFO] info - post params:{}
[2022-04-10T10:11:28.291] [INFO] info - get params:{}
[2022-04-10T10:11:28.291] [INFO] info - post params:{}
[2022-04-10T10:13:17.636] [INFO] info - get params:{"roleName":"","total":"0","pageNum":"1","pageSize":"10"}
[2022-04-10T10:13:17.636] [INFO] info - post params:{}
[2022-04-10T10:13:17.637] [INFO] info - get params:{}
[2022-04-10T10:13:17.638] [INFO] info - post params:{}
[2022-04-10T10:13:30.069] [INFO] info - get params:{}
[2022-04-10T10:13:30.069] [INFO] info - post params:{}
[2022-04-10T10:13:30.087] [INFO] info - get params:{}
[2022-04-10T10:13:30.087] [INFO] info - post params:{}
[2022-04-10T10:13:30.388] [INFO] info - get params:{"roleName":"","total":"0","pageNum":"1","pageSize":"10"}
[2022-04-10T10:13:30.388] [INFO] info - post params:{}
[2022-04-10T10:13:30.390] [INFO] info - get params:{}
[2022-04-10T10:13:30.390] [INFO] info - post params:{}
[2022-04-10T10:13:30.400] [INFO] info - get params:{}
[2022-04-10T10:13:30.401] [INFO] info - post params:{}
[2022-04-10T10:14:48.559] [INFO] info - **数据库连接成功**
[2022-04-10T10:14:52.356] [INFO] info - get params:{}
[2022-04-10T10:14:52.356] [INFO] info - post params:{}
[2022-04-10T10:14:52.565] [INFO] info - get params:{}
[2022-04-10T10:14:52.566] [INFO] info - post params:{}
[2022-04-10T10:14:53.860] [INFO] info - get params:{}
[2022-04-10T10:14:53.860] [INFO] info - post params:{}
[2022-04-10T10:14:53.974] [INFO] info - get params:{}
[2022-04-10T10:14:53.974] [INFO] info - post params:{}
[2022-04-10T10:14:59.494] [INFO] info - get params:{"roleName":"","total":"0","pageNum":"1","pageSize":"10"}
[2022-04-10T10:14:59.495] [INFO] info - post params:{}
[2022-04-10T10:14:59.497] [INFO] info - get params:{}
[2022-04-10T10:14:59.497] [INFO] info - post params:{}
[2022-04-10T10:15:08.149] [INFO] info - get params:{}
[2022-04-10T10:15:08.149] [INFO] info - post params:{"_id":"6251a7388c1a0d558dd999f1","action":"delete"}
[2022-04-10T10:15:08.190] [INFO] info - get params:{"roleName":"","total":"4","pageNum":"1","pageSize":"10"}
[2022-04-10T10:15:08.190] [INFO] info - post params:{}
[2022-04-10T10:15:08.858] [INFO] info - get params:{}
[2022-04-10T10:15:08.858] [INFO] info - post params:{"_id":"6251b0d06dc0d866b9a1eb4d","action":"delete"}
[2022-04-10T10:15:08.874] [INFO] info - get params:{"roleName":"","total":"3","pageNum":"1","pageSize":"10"}
[2022-04-10T10:15:08.874] [INFO] info - post params:{}
[2022-04-10T10:15:16.602] [INFO] info - get params:{}
[2022-04-10T10:15:16.602] [INFO] info - post params:{"roleName":"财务主管","action":"create"}
[2022-04-10T10:15:16.651] [INFO] info - get params:{"roleName":"","total":"2","pageNum":"1","pageSize":"10"}
[2022-04-10T10:15:16.652] [INFO] info - post params:{}
[2022-04-10T10:15:23.064] [INFO] info - get params:{}
[2022-04-10T10:15:23.064] [INFO] info - post params:{"roleName":"人事主管","action":"create"}
[2022-04-10T10:15:23.099] [INFO] info - get params:{"roleName":"","total":"3","pageNum":"1","pageSize":"10"}
[2022-04-10T10:15:23.099] [INFO] info - post params:{}
[2022-04-10T10:15:32.514] [INFO] info - get params:{}
[2022-04-10T10:15:32.514] [INFO] info - post params:{"_id":"62523db48734986b7c916824","permissionList":{"checkedKeys":["61a30d586a9cc32b74925826","624ff2df8c1a0d558dd998e4","624ff2fb8c1a0d558dd998e7"],"halfCheckedKeys":["612127e4635dd73e0d524f4a","61a30bed6a9cc32b7492581f","624ff2bb8c1a0d558dd998e1"]}}
[2022-04-10T10:15:32.570] [INFO] info - get params:{"roleName":"","total":"4","pageNum":"1","pageSize":"10"}
[2022-04-10T10:15:32.570] [INFO] info - post params:{}
[2022-04-10T10:15:36.351] [INFO] info - get params:{}
[2022-04-10T10:15:36.351] [INFO] info - post params:{"_id":"62523dbb8734986b7c916828","permissionList":{"checkedKeys":["61a30d586a9cc32b74925826","624ff2df8c1a0d558dd998e4","624ff2fb8c1a0d558dd998e7"],"halfCheckedKeys":["612127e4635dd73e0d524f4a","61a30bed6a9cc32b7492581f","624ff2bb8c1a0d558dd998e1"]}}
[2022-04-10T10:15:36.398] [INFO] info - get params:{"roleName":"","total":"4","pageNum":"1","pageSize":"10"}
[2022-04-10T10:15:36.398] [INFO] info - post params:{}
[2022-04-10T10:15:45.226] [INFO] info - get params:{}
[2022-04-10T10:15:45.226] [INFO] info - post params:{"userName":"员工一","userPwd":"123456"}
[2022-04-10T10:15:47.758] [INFO] info - get params:{}
[2022-04-10T10:15:47.758] [INFO] info - post params:{"userName":"人员1","userPwd":"123456"}
[2022-04-10T10:15:47.786] [INFO] info - get params:{}
[2022-04-10T10:15:47.786] [INFO] info - post params:{}
[2022-04-10T10:15:47.838] [INFO] info - get params:{}
[2022-04-10T10:15:47.839] [INFO] info - post params:{}
[2022-04-10T10:15:49.796] [INFO] info - get params:{"applyState":"1","pageNum":"1","pageSize":"10","total":"0"}
[2022-04-10T10:15:49.796] [INFO] info - post params:{}
[2022-04-10T10:15:51.467] [INFO] info - get params:{}
[2022-04-10T10:15:51.468] [INFO] info - post params:{"_id":"6251b6611fbe63688682c357","action":"delete"}
[2022-04-10T10:15:51.487] [INFO] info - get params:{"applyState":"1","pageNum":"1","pageSize":"10","total":"3"}
[2022-04-10T10:15:51.487] [INFO] info - post params:{}
[2022-04-10T10:15:51.985] [INFO] info - get params:{}
[2022-04-10T10:15:51.985] [INFO] info - post params:{"_id":"6251b81d1fbe63688682c369","action":"delete"}
[2022-04-10T10:15:52.008] [INFO] info - get params:{"applyState":"1","pageNum":"1","pageSize":"10","total":"2"}
[2022-04-10T10:15:52.009] [INFO] info - post params:{}
[2022-04-10T10:15:52.366] [INFO] info - get params:{}
[2022-04-10T10:15:52.366] [INFO] info - post params:{"_id":"6251b83504be01698a0c3a71","action":"delete"}
[2022-04-10T10:15:52.383] [INFO] info - get params:{"applyState":"1","pageNum":"1","pageSize":"10","total":"1"}
[2022-04-10T10:15:52.384] [INFO] info - post params:{}
[2022-04-10T10:16:04.593] [INFO] info - get params:{}
[2022-04-10T10:16:04.593] [INFO] info - post params:{"applyType":1,"startTime":"2022-04-11T16:00:00.000Z","endTime":"2022-04-13T16:00:00.000Z","leaveTime":"3天","reasons":"222","action":"create"}
[2022-04-10T10:16:04.653] [INFO] info - get params:{"applyState":"1","pageNum":"1","pageSize":"10","total":"0"}
[2022-04-10T10:16:04.654] [INFO] info - post params:{}
[2022-04-10T10:18:19.903] [INFO] info - get params:{}
[2022-04-10T10:18:19.903] [INFO] info - post params:{}
[2022-04-10T10:18:19.924] [INFO] info - get params:{}
[2022-04-10T10:18:19.925] [INFO] info - post params:{}
[2022-04-10T10:18:20.188] [INFO] info - get params:{"applyState":"1","pageNum":"1","pageSize":"10","total":"0"}
[2022-04-10T10:18:20.188] [INFO] info - post params:{}
[2022-04-10T10:18:20.196] [INFO] info - get params:{}
[2022-04-10T10:18:20.196] [INFO] info - post params:{}
[2022-04-10T10:18:21.084] [INFO] info - get params:{}
[2022-04-10T10:18:21.084] [INFO] info - post params:{"_id":"62523de48734986b7c916846","action":"delete"}
[2022-04-10T10:18:21.120] [INFO] info - get params:{"applyState":"1","pageNum":"1","pageSize":"10","total":"1"}
[2022-04-10T10:18:21.120] [INFO] info - post params:{}
[2022-04-10T10:18:30.433] [INFO] info - get params:{}
[2022-04-10T10:18:30.433] [INFO] info - post params:{"applyType":1,"startTime":"2022-04-09T16:00:00.000Z","endTime":"2022-04-12T16:00:00.000Z","leaveTime":"4天","reasons":"1111","action":"create"}
[2022-04-10T10:18:30.495] [INFO] info - get params:{"applyState":"1","pageNum":"1","pageSize":"10","total":"0"}
[2022-04-10T10:18:30.495] [INFO] info - post params:{}
[2022-04-10T10:20:09.001] [INFO] info - get params:{}
[2022-04-10T10:20:09.001] [INFO] info - post params:{"userName":"admin","userPwd":"admin"}
[2022-04-10T10:20:09.019] [INFO] info - get params:{}
[2022-04-10T10:20:09.020] [INFO] info - post params:{}
[2022-04-10T10:20:09.127] [INFO] info - get params:{}
[2022-04-10T10:20:09.127] [INFO] info - post params:{}
[2022-04-10T10:20:12.103] [INFO] info - get params:{}
[2022-04-10T10:20:12.103] [INFO] info - post params:{}
[2022-04-10T10:20:12.419] [INFO] info - get params:{"state":"1","pageNum":"1","pageSize":"10"}
[2022-04-10T10:20:12.419] [INFO] info - post params:{}
[2022-04-10T10:20:12.422] [INFO] info - get params:{}
[2022-04-10T10:20:12.423] [INFO] info - post params:{}
[2022-04-10T10:20:12.425] [INFO] info - get params:{}
[2022-04-10T10:20:12.426] [INFO] info - post params:{}
[2022-04-10T10:20:44.075] [INFO] info - get params:{}
[2022-04-10T10:20:44.075] [INFO] info - post params:{"state":1,"roleList":["62523dbb8734986b7c916828"],"deptId":["6251ab0ca5144965ab2ba26e","6251ab28a5144965ab2ba271"],"role":1,"createTime":"2022-04-08T07:51:25.950Z","lastLoginTime":"2022-04-08T07:51:25.950Z","userId":1000006,"userName":"人事老大","userEmail":"9372198738@imooc.com@imooc.com","job":"人事","mobile":"16357493846","__v":0,"action":"edit"}
[2022-04-10T10:20:44.171] [INFO] info - get params:{"state":"1","pageNum":"1","pageSize":"10","total":"4"}
[2022-04-10T10:20:44.171] [INFO] info - post params:{}
[2022-04-10T10:22:16.516] [INFO] info - get params:{"state":"1","pageNum":"1","pageSize":"10","total":"4"}
[2022-04-10T10:22:16.516] [INFO] info - post params:{}
[2022-04-10T10:22:18.793] [INFO] info - get params:{"state":"1","pageNum":"1","pageSize":"10","total":"4"}
[2022-04-10T10:22:18.793] [INFO] info - post params:{}
[2022-04-10T10:22:31.139] [INFO] info - get params:{"state":"1","pageNum":"1","pageSize":"10","total":"4"}
[2022-04-10T10:22:31.139] [INFO] info - post params:{}
[2022-04-10T10:23:31.678] [INFO] info - get params:{}
[2022-04-10T10:23:31.679] [INFO] info - post params:{}
[2022-04-10T10:23:31.680] [INFO] info - get params:{"roleName":"","total":"0","pageNum":"1","pageSize":"10"}
[2022-04-10T10:23:31.680] [INFO] info - post params:{}
[2022-04-10T10:23:36.394] [INFO] info - get params:{"state":"1","pageNum":"1","pageSize":"10"}
[2022-04-10T10:23:36.394] [INFO] info - post params:{}
[2022-04-10T10:23:36.396] [INFO] info - get params:{}
[2022-04-10T10:23:36.396] [INFO] info - post params:{}
[2022-04-10T10:23:36.408] [INFO] info - get params:{}
[2022-04-10T10:23:36.408] [INFO] info - post params:{}
[2022-04-10T10:26:31.298] [INFO] info - get params:{}
[2022-04-10T10:26:31.298] [INFO] info - post params:{}
[2022-04-10T10:26:31.300] [INFO] info - get params:{"deptName":""}
[2022-04-10T10:26:31.301] [INFO] info - post params:{}
[2022-04-10T10:26:34.763] [INFO] info - get params:{"state":"1","pageNum":"1","pageSize":"10"}
[2022-04-10T10:26:34.763] [INFO] info - post params:{}
[2022-04-10T10:26:34.766] [INFO] info - get params:{}
[2022-04-10T10:26:34.766] [INFO] info - post params:{}
[2022-04-10T10:26:34.772] [INFO] info - get params:{}
[2022-04-10T10:26:34.772] [INFO] info - post params:{}
[2022-04-10T10:34:08.372] [INFO] info - get params:{}
[2022-04-10T10:34:08.372] [INFO] info - post params:{"state":1,"roleList":["62523db48734986b7c916824"],"userName":"222","userEmail":"2312312312@imooc.com","deptId":["6251ab0ca5144965ab2ba26e"],"role":1,"createTime":"2022-04-09T16:02:25.709Z","lastLoginTime":"2022-04-09T16:02:25.709Z","userId":1000008,"__v":0,"action":"add"}
[2022-04-10T10:34:08.462] [INFO] info - get params:{"state":"1","pageNum":"1","pageSize":"10","total":"4"}
[2022-04-10T10:34:08.462] [INFO] info - post params:{}
[2022-04-10T10:35:16.365] [INFO] info - get params:{}
[2022-04-10T10:35:16.365] [INFO] info - post params:{"userIds":[1000009]}
[2022-04-10T10:35:16.387] [INFO] info - get params:{"state":"1","pageNum":"1","pageSize":"10","total":"5"}
[2022-04-10T10:35:16.388] [INFO] info - post params:{}
[2022-04-10T10:35:24.619] [INFO] info - get params:{}
[2022-04-10T10:35:24.619] [INFO] info - post params:{"userIds":[1000008]}
[2022-04-10T10:35:24.636] [INFO] info - get params:{"state":"1","pageNum":"1","pageSize":"10","total":"4"}
[2022-04-10T10:35:24.637] [INFO] info - post params:{}
[2022-04-10T10:35:39.501] [INFO] info - get params:{}
[2022-04-10T10:35:39.502] [INFO] info - post params:{"state":1,"roleList":["62523db48734986b7c916824"],"userName":"财务老大","userEmail":"213123123@imooc.com@imooc.com","mobile":"13845867845","job":"财务","deptId":["6251ab0ca5144965ab2ba26e","6251b10e6dc0d866b9a1eb5a"],"role":1,"createTime":"2022-04-09T16:02:25.709Z","lastLoginTime":"2022-04-09T16:02:25.709Z","userId":1000008,"__v":0,"action":"add"}
[2022-04-10T10:35:52.611] [INFO] info - get params:{}
[2022-04-10T10:35:52.612] [INFO] info - post params:{"state":1,"roleList":["62523db48734986b7c916824"],"userName":"财务老大","userEmail":"324242424@imooc.com","mobile":"13845867845","job":"财务","deptId":["6251ab0ca5144965ab2ba26e","6251b10e6dc0d866b9a1eb5a"],"role":1,"createTime":"2022-04-09T16:02:25.709Z","lastLoginTime":"2022-04-09T16:02:25.709Z","userId":1000008,"__v":0,"action":"add"}
[2022-04-10T10:35:56.659] [INFO] info - get params:{}
[2022-04-10T10:35:56.659] [INFO] info - post params:{"state":1,"roleList":["62523db48734986b7c916824"],"userName":"财务老大","userEmail":"324242424@imooc.com@imooc.com","mobile":"13845867845","job":"财务","deptId":["6251ab0ca5144965ab2ba26e","6251b10e6dc0d866b9a1eb5a"],"role":1,"createTime":"2022-04-09T16:02:25.709Z","lastLoginTime":"2022-04-09T16:02:25.709Z","userId":1000008,"__v":0,"action":"add"}
[2022-04-10T10:36:32.978] [INFO] info - get params:{"state":"1","pageNum":"1","pageSize":"10","total":"3"}
[2022-04-10T10:36:32.978] [INFO] info - post params:{}
[2022-04-10T10:36:40.698] [INFO] info - get params:{}
[2022-04-10T10:36:40.698] [INFO] info - post params:{"state":1,"roleList":["62523db48734986b7c916824"],"userName":"财务老大","userEmail":"4454554@imooc.com","mobile":"13845867845","job":"财务","deptId":["6251ab0ca5144965ab2ba26e","6251b10e6dc0d866b9a1eb5a"],"role":1,"createTime":"2022-04-09T16:02:25.709Z","lastLoginTime":"2022-04-09T16:02:25.709Z","userId":1000008,"__v":0,"action":"add"}
[2022-04-10T10:36:40.788] [INFO] info - get params:{"state":"1","pageNum":"1","pageSize":"10","total":"3"}
[2022-04-10T10:36:40.789] [INFO] info - post params:{}
[2022-04-10T10:37:40.969] [INFO] info - get params:{}
[2022-04-10T10:37:40.970] [INFO] info - post params:{"userName":"人员1","userPwd":"123456"}
[2022-04-10T10:37:40.983] [INFO] info - get params:{}
[2022-04-10T10:37:40.983] [INFO] info - post params:{}
[2022-04-10T10:37:41.030] [INFO] info - get params:{}
[2022-04-10T10:37:41.030] [INFO] info - post params:{}
[2022-04-10T10:37:42.750] [INFO] info - get params:{"applyState":"1","pageNum":"1","pageSize":"10","total":"0"}
[2022-04-10T10:37:42.750] [INFO] info - post params:{}
[2022-04-10T10:37:44.843] [INFO] info - get params:{}
[2022-04-10T10:37:44.843] [INFO] info - post params:{"_id":"62523e768734986b7c91685b","action":"delete"}
[2022-04-10T10:37:44.858] [INFO] info - get params:{"applyState":"1","pageNum":"1","pageSize":"10","total":"1"}
[2022-04-10T10:37:44.859] [INFO] info - post params:{}
[2022-04-10T10:37:53.427] [INFO] info - get params:{}
[2022-04-10T10:37:53.427] [INFO] info - post params:{"applyType":1,"startTime":"2022-04-10T16:00:00.000Z","endTime":"2022-04-11T16:00:00.000Z","leaveTime":"2天","reasons":"11","action":"create"}
[2022-04-10T10:37:53.481] [INFO] info - get params:{"applyState":"1","pageNum":"1","pageSize":"10","total":"0"}
[2022-04-10T10:37:53.481] [INFO] info - post params:{}
[2022-04-10T10:39:51.505] [INFO] info - **数据库连接成功**
[2022-04-10T10:39:54.975] [INFO] info - get params:{}
[2022-04-10T10:39:54.975] [INFO] info - post params:{}
[2022-04-10T10:39:55.030] [INFO] info - get params:{}
[2022-04-10T10:39:55.030] [INFO] info - post params:{}
[2022-04-10T10:39:55.327] [INFO] info - get params:{"applyState":"1","pageNum":"1","pageSize":"10","total":"0"}
[2022-04-10T10:39:55.327] [INFO] info - post params:{}
[2022-04-10T10:39:55.338] [INFO] info - get params:{}
[2022-04-10T10:39:55.338] [INFO] info - post params:{}
[2022-04-10T10:39:56.618] [INFO] info - get params:{}
[2022-04-10T10:39:56.618] [INFO] info - post params:{"_id":"625243018734986b7c9168a4","action":"delete"}
[2022-04-10T10:39:56.639] [INFO] info - get params:{"applyState":"1","pageNum":"1","pageSize":"10","total":"1"}
[2022-04-10T10:39:56.639] [INFO] info - post params:{}
[2022-04-10T10:40:06.620] [INFO] info - get params:{}
[2022-04-10T10:40:06.621] [INFO] info - post params:{"applyType":1,"startTime":"2022-04-09T16:00:00.000Z","endTime":"2022-04-12T16:00:00.000Z","leaveTime":"4天","reasons":"333","action":"create"}
[2022-04-10T10:40:06.695] [INFO] info - get params:{"applyState":"1","pageNum":"1","pageSize":"10","total":"0"}
[2022-04-10T10:40:06.695] [INFO] info - post params:{}
[2022-04-10T10:41:31.677] [INFO] info - **数据库连接成功**
[2022-04-10T10:41:39.838] [INFO] info - get params:{}
[2022-04-10T10:41:39.838] [INFO] info - post params:{}
[2022-04-10T10:41:39.881] [INFO] info - get params:{}
[2022-04-10T10:41:39.881] [INFO] info - post params:{}
[2022-04-10T10:41:40.168] [INFO] info - get params:{"applyState":"1","pageNum":"1","pageSize":"10","total":"0"}
[2022-04-10T10:41:40.168] [INFO] info - post params:{}
[2022-04-10T10:41:40.177] [INFO] info - get params:{}
[2022-04-10T10:41:40.177] [INFO] info - post params:{}
[2022-04-10T10:41:45.247] [INFO] info - get params:{}
[2022-04-10T10:41:45.247] [INFO] info - post params:{"_id":"62524386ebe58e6d28d073a7","action":"delete"}
[2022-04-10T10:41:45.267] [INFO] info - get params:{"applyState":"1","pageNum":"1","pageSize":"10","total":"1"}
[2022-04-10T10:41:45.267] [INFO] info - post params:{}
[2022-04-10T10:41:51.665] [INFO] info - get params:{}
[2022-04-10T10:41:51.665] [INFO] info - post params:{"applyType":1,"startTime":"2022-04-09T16:00:00.000Z","endTime":"2022-04-12T16:00:00.000Z","leaveTime":"4天","reasons":"222","action":"create"}
[2022-04-10T10:41:51.729] [INFO] info - get params:{"applyState":"1","pageNum":"1","pageSize":"10","total":"0"}
[2022-04-10T10:41:51.729] [INFO] info - post params:{}
[2022-04-10T10:44:22.355] [INFO] info - get params:{"applyState":"1","pageNum":"1","pageSize":"10","total":"0"}
[2022-04-10T10:44:22.355] [INFO] info - post params:{}
[2022-04-10T10:48:05.833] [INFO] info - get params:{"applyState":"1","pageNum":"1","pageSize":"10","total":"0"}
[2022-04-10T10:48:05.833] [INFO] info - post params:{}
[2022-04-10T10:48:06.608] [INFO] info - get params:{"applyState":"1","pageNum":"1","pageSize":"10","total":"0"}
[2022-04-10T10:48:06.608] [INFO] info - post params:{}
[2022-04-10T10:48:09.492] [INFO] info - get params:{}
[2022-04-10T10:48:09.492] [INFO] info - post params:{}
[2022-04-10T10:48:09.519] [INFO] info - get params:{}
[2022-04-10T10:48:09.519] [INFO] info - post params:{}
[2022-04-10T10:48:09.903] [INFO] info - get params:{"applyState":"1","pageNum":"1","pageSize":"10","total":"0"}
[2022-04-10T10:48:09.903] [INFO] info - post params:{}
[2022-04-10T10:48:09.913] [INFO] info - get params:{}
[2022-04-10T10:48:09.913] [INFO] info - post params:{}
[2022-04-10T10:48:36.587] [INFO] info - get params:{"applyState":"1","pageNum":"1","pageSize":"10","total":"0"}
[2022-04-10T10:48:36.587] [INFO] info - post params:{}
[2022-04-10T10:48:48.292] [INFO] info - get params:{}
[2022-04-10T10:48:48.292] [INFO] info - post params:{"userName":"人事老大","userPwd":"123456"}
[2022-04-10T10:48:48.309] [INFO] info - get params:{}
[2022-04-10T10:48:48.310] [INFO] info - post params:{}
[2022-04-10T10:48:48.371] [INFO] info - get params:{}
[2022-04-10T10:48:48.372] [INFO] info - post params:{}
[2022-04-10T10:48:50.438] [INFO] info - get params:{}
[2022-04-10T10:48:50.439] [INFO] info - post params:{}
[2022-04-10T10:48:56.159] [INFO] info - get params:{}
[2022-04-10T10:48:56.160] [INFO] info - post params:{}
[2022-04-10T10:48:56.181] [INFO] info - get params:{}
[2022-04-10T10:48:56.181] [INFO] info - post params:{}
[2022-04-10T10:48:56.434] [INFO] info - get params:{"applyState":"1","pageNum":"1","pageSize":"10","total":"0"}
[2022-04-10T10:48:56.434] [INFO] info - post params:{}
[2022-04-10T10:48:56.436] [INFO] info - get params:{}
[2022-04-10T10:48:56.437] [INFO] info - post params:{}
[2022-04-10T10:48:59.634] [INFO] info - get params:{}
[2022-04-10T10:48:59.634] [INFO] info - post params:{}
[2022-04-10T10:48:59.660] [INFO] info - get params:{}
[2022-04-10T10:48:59.660] [INFO] info - post params:{}
[2022-04-10T10:48:59.997] [INFO] info - get params:{"applyState":"1","pageNum":"1","pageSize":"10","total":"0"}
[2022-04-10T10:48:59.997] [INFO] info - post params:{}
[2022-04-10T10:49:00.004] [INFO] info - get params:{}
[2022-04-10T10:49:00.004] [INFO] info - post params:{}
[2022-04-10T10:52:29.408] [INFO] info - get params:{}
[2022-04-10T10:52:29.408] [INFO] info - post params:{}
[2022-04-10T10:52:29.423] [INFO] info - get params:{}
[2022-04-10T10:52:29.424] [INFO] info - post params:{}
[2022-04-10T10:52:33.264] [INFO] info - get params:{}
[2022-04-10T10:52:33.264] [INFO] info - post params:{}
[2022-04-10T10:52:33.292] [INFO] info - get params:{}
[2022-04-10T10:52:33.292] [INFO] info - post params:{}
[2022-04-10T10:53:32.377] [INFO] info - get params:{"applyState":"1","pageNum":"1","pageSize":"10","total":"0","type":"approve"}
[2022-04-10T10:53:32.377] [INFO] info - post params:{}
[2022-04-10T10:53:35.441] [INFO] info - get params:{"applyState":"1","pageNum":"1","pageSize":"10","total":"0","type":"approve"}
[2022-04-10T10:53:35.442] [INFO] info - post params:{}
[2022-04-10T10:53:40.532] [INFO] info - get params:{}
[2022-04-10T10:53:40.533] [INFO] info - post params:{}
[2022-04-10T10:53:40.562] [INFO] info - get params:{}
[2022-04-10T10:53:40.562] [INFO] info - post params:{}
[2022-04-10T10:53:40.856] [INFO] info - get params:{"applyState":"1","pageNum":"1","pageSize":"10","total":"0","type":"approve"}
[2022-04-10T10:53:40.856] [INFO] info - post params:{}
[2022-04-10T10:53:40.858] [INFO] info - get params:{}
[2022-04-10T10:53:40.858] [INFO] info - post params:{}
[2022-04-10T10:54:35.842] [INFO] info - get params:{"applyState":"1","pageNum":"1","pageSize":"10","total":"0","type":"approve"}
[2022-04-10T10:54:35.842] [INFO] info - post params:{}
[2022-04-10T10:56:45.363] [INFO] info - get params:{}
[2022-04-10T10:56:45.364] [INFO] info - post params:{}
[2022-04-10T10:56:45.394] [INFO] info - get params:{}
[2022-04-10T10:56:45.394] [INFO] info - post params:{}
[2022-04-10T10:56:45.810] [INFO] info - get params:{"applyState":"1","pageNum":"1","pageSize":"10","total":"0","type":"approve"}
[2022-04-10T10:56:45.810] [INFO] info - post params:{}
[2022-04-10T10:56:45.818] [INFO] info - get params:{}
[2022-04-10T10:56:45.818] [INFO] info - post params:{}
[2022-04-10T10:57:09.945] [INFO] info - get params:{}
[2022-04-10T10:57:09.945] [INFO] info - post params:{}
[2022-04-10T10:57:09.958] [INFO] info - get params:{}
[2022-04-10T10:57:09.959] [INFO] info - post params:{}
[2022-04-10T10:57:10.184] [INFO] info - get params:{"applyState":"1","pageNum":"1","pageSize":"10","total":"0","type":"approve"}
[2022-04-10T10:57:10.184] [INFO] info - post params:{}
[2022-04-10T10:57:10.192] [INFO] info - get params:{}
[2022-04-10T10:57:10.192] [INFO] info - post params:{}
[2022-04-10T11:00:10.718] [INFO] info - **数据库连接成功**
[2022-04-10T11:00:37.761] [INFO] info - get params:{}
[2022-04-10T11:00:37.761] [INFO] info - post params:{}
[2022-04-10T11:00:37.866] [INFO] info - get params:{}
[2022-04-10T11:00:37.867] [INFO] info - post params:{}
[2022-04-10T11:00:38.313] [INFO] info - get params:{"applyState":"1","pageNum":"1","pageSize":"10","total":"0","type":"approve"}
[2022-04-10T11:00:38.313] [INFO] info - post params:{}
[2022-04-10T11:00:38.317] [INFO] info - get params:{}
[2022-04-10T11:00:38.317] [INFO] info - post params:{}
[2022-04-10T11:00:43.053] [INFO] info - get params:{}
[2022-04-10T11:00:43.054] [INFO] info - post params:{"action":"refuse","remark":"2222","_id":"625243ef9a60206dc7dc3e3f"}
[2022-04-10T11:00:43.095] [INFO] info - get params:{"applyState":"1","pageNum":"1","pageSize":"10","total":"1","type":"approve"}
[2022-04-10T11:00:43.095] [INFO] info - post params:{}
[2022-04-10T11:00:49.635] [INFO] info - get params:{}
[2022-04-10T11:00:49.635] [INFO] info - post params:{"userName":"人员1","userPwd":"123456"}
[2022-04-10T11:00:49.652] [INFO] info - get params:{}
[2022-04-10T11:00:49.652] [INFO] info - post params:{}
[2022-04-10T11:00:49.753] [INFO] info - get params:{}
[2022-04-10T11:00:49.753] [INFO] info - post params:{}
[2022-04-10T11:00:51.475] [INFO] info - get params:{"applyState":"1","pageNum":"1","pageSize":"10","total":"0"}
[2022-04-10T11:00:51.476] [INFO] info - post params:{}
[2022-04-10T11:01:00.923] [INFO] info - get params:{"applyState":"","pageNum":"1","pageSize":"10","total":"0"}
[2022-04-10T11:01:00.923] [INFO] info - post params:{}
[2022-04-10T11:01:17.680] [INFO] info - get params:{"applyState":"3","pageNum":"1","pageSize":"10","total":"13"}
[2022-04-10T11:01:17.681] [INFO] info - post params:{}
[2022-04-10T11:01:23.197] [INFO] info - get params:{"applyState":"","pageNum":"1","pageSize":"10","total":"1"}
[2022-04-10T11:01:23.197] [INFO] info - post params:{}
[2022-04-10T11:01:53.817] [INFO] info - get params:{"applyState":"","pageNum":"2","pageSize":"10","total":"13"}
[2022-04-10T11:01:53.817] [INFO] info - post params:{}
[2022-04-10T11:02:13.568] [INFO] info - get params:{}
[2022-04-10T11:02:13.568] [INFO] info - post params:{}
[2022-04-10T11:02:13.606] [INFO] info - get params:{}
[2022-04-10T11:02:13.606] [INFO] info - post params:{}
[2022-04-10T11:02:13.868] [INFO] info - get params:{"applyState":"1","pageNum":"1","pageSize":"10","total":"0"}
[2022-04-10T11:02:13.868] [INFO] info - post params:{}
[2022-04-10T11:02:13.872] [INFO] info - get params:{}
[2022-04-10T11:02:13.872] [INFO] info - post params:{}
[2022-04-10T11:02:23.376] [INFO] info - get params:{}
[2022-04-10T11:02:23.376] [INFO] info - post params:{"applyType":1,"startTime":"2022-04-09T16:00:00.000Z","endTime":"2022-04-11T16:00:00.000Z","leaveTime":"3天","reasons":"1111","action":"create"}
[2022-04-10T11:02:23.446] [INFO] info - get params:{"applyState":"1","pageNum":"1","pageSize":"10","total":"0"}
[2022-04-10T11:02:23.446] [INFO] info - post params:{}
[2022-04-10T11:02:44.986] [INFO] info - get params:{}
[2022-04-10T11:02:44.986] [INFO] info - post params:{"userName":"人事老大","userPwd":"123456"}
[2022-04-10T11:02:45.000] [INFO] info - get params:{}
[2022-04-10T11:02:45.000] [INFO] info - post params:{}
[2022-04-10T11:02:45.116] [INFO] info - get params:{}
[2022-04-10T11:02:45.116] [INFO] info - post params:{}
[2022-04-10T11:02:47.049] [INFO] info - get params:{"applyState":"1","pageNum":"1","pageSize":"10","total":"0"}
[2022-04-10T11:02:47.050] [INFO] info - post params:{}
[2022-04-10T11:02:47.805] [INFO] info - get params:{}
[2022-04-10T11:02:47.805] [INFO] info - post params:{}
[2022-04-10T11:02:47.901] [INFO] info - get params:{"applyState":"1","pageNum":"1","pageSize":"10","total":"0","type":"approve"}
[2022-04-10T11:02:47.901] [INFO] info - post params:{}
[2022-04-10T11:03:00.562] [INFO] info - get params:{}
[2022-04-10T11:03:00.563] [INFO] info - post params:{"action":"refuse","remark":"不通过","_id":"625248bf76110270c604c9c7"}
[2022-04-10T11:03:00.601] [INFO] info - get params:{"applyState":"1","pageNum":"1","pageSize":"10","total":"1","type":"approve"}
[2022-04-10T11:03:00.601] [INFO] info - post params:{}
[2022-04-10T11:03:14.419] [INFO] info - get params:{}
[2022-04-10T11:03:14.419] [INFO] info - post params:{"userName":"人员1","userPwd":"123456"}
[2022-04-10T11:03:14.437] [INFO] info - get params:{}
[2022-04-10T11:03:14.437] [INFO] info - post params:{}
[2022-04-10T11:03:14.486] [INFO] info - get params:{}
[2022-04-10T11:03:14.486] [INFO] info - post params:{}
[2022-04-10T11:03:16.128] [INFO] info - get params:{"applyState":"1","pageNum":"1","pageSize":"10","total":"0"}
[2022-04-10T11:03:16.128] [INFO] info - post params:{}
[2022-04-10T11:03:18.969] [INFO] info - get params:{"applyState":"","pageNum":"1","pageSize":"10","total":"0"}
[2022-04-10T11:03:18.969] [INFO] info - post params:{}
[2022-04-10T11:03:39.706] [INFO] info - get params:{}
[2022-04-10T11:03:39.706] [INFO] info - post params:{"userName":"人事老大","userPwd":"123456"}
[2022-04-10T11:03:39.718] [INFO] info - get params:{}
[2022-04-10T11:03:39.718] [INFO] info - post params:{}
[2022-04-10T11:03:39.766] [INFO] info - get params:{}
[2022-04-10T11:03:39.766] [INFO] info - post params:{}
[2022-04-10T11:03:42.275] [INFO] info - get params:{"applyState":"1","pageNum":"1","pageSize":"10","total":"0","type":"approve"}
[2022-04-10T11:03:42.275] [INFO] info - post params:{}
[2022-04-10T11:03:43.119] [INFO] info - get params:{"applyState":"1","pageNum":"1","pageSize":"10","total":"0"}
[2022-04-10T11:03:43.119] [INFO] info - post params:{}
[2022-04-10T11:03:43.964] [INFO] info - get params:{"applyState":"1","pageNum":"1","pageSize":"10","total":"0","type":"approve"}
[2022-04-10T11:03:43.964] [INFO] info - post params:{}
[2022-04-10T11:03:46.198] [INFO] info - get params:{"applyState":"","pageNum":"1","pageSize":"10","total":"0","type":"approve"}
[2022-04-10T11:03:46.198] [INFO] info - post params:{}
[2022-04-10T11:03:50.790] [INFO] info - get params:{"applyState":"1","pageNum":"1","pageSize":"10","total":"0"}
[2022-04-10T11:03:50.790] [INFO] info - post params:{}
[2022-04-10T11:03:52.945] [INFO] info - get params:{"applyState":"1","pageNum":"1","pageSize":"10","total":"0","type":"approve"}
[2022-04-10T11:03:52.945] [INFO] info - post params:{}
[2022-04-10T11:03:55.564] [INFO] info - get params:{"applyState":"","pageNum":"1","pageSize":"10","total":"0","type":"approve"}
[2022-04-10T11:03:55.564] [INFO] info - post params:{}
[2022-04-10T11:05:36.372] [INFO] info - get params:{}
[2022-04-10T11:05:36.372] [INFO] info - post params:{"userName":"人员1","userPwd":"123456"}
[2022-04-10T11:05:36.385] [INFO] info - get params:{}
[2022-04-10T11:05:36.385] [INFO] info - post params:{}
[2022-04-10T11:05:36.440] [INFO] info - get params:{}
[2022-04-10T11:05:36.440] [INFO] info - post params:{}
[2022-04-10T11:05:38.483] [INFO] info - get params:{"applyState":"1","pageNum":"1","pageSize":"10","total":"0"}
[2022-04-10T11:05:38.483] [INFO] info - post params:{}
[2022-04-10T11:05:47.998] [INFO] info - get params:{}
[2022-04-10T11:05:47.998] [INFO] info - post params:{"applyType":1,"startTime":"2022-04-11T16:00:00.000Z","endTime":"2022-04-14T16:00:00.000Z","leaveTime":"4天","reasons":"私事","action":"create"}
[2022-04-10T11:05:48.059] [INFO] info - get params:{"applyState":"1","pageNum":"1","pageSize":"10","total":"0"}
[2022-04-10T11:05:48.059] [INFO] info - post params:{}
[2022-04-10T11:05:57.902] [INFO] info - get params:{}
[2022-04-10T11:05:57.902] [INFO] info - post params:{"userName":"人事老大","userPwd":"123456"}
[2022-04-10T11:05:57.916] [INFO] info - get params:{}
[2022-04-10T11:05:57.917] [INFO] info - post params:{}
[2022-04-10T11:05:57.968] [INFO] info - get params:{}
[2022-04-10T11:05:57.968] [INFO] info - post params:{}
[2022-04-10T11:06:00.014] [INFO] info - get params:{"applyState":"1","pageNum":"1","pageSize":"10","total":"0","type":"approve"}
[2022-04-10T11:06:00.014] [INFO] info - post params:{}
[2022-04-10T11:06:08.532] [INFO] info - get params:{}
[2022-04-10T11:06:08.533] [INFO] info - post params:{"action":"pass","remark":"通过","_id":"6252498c76110270c604ca05"}
[2022-04-10T11:06:08.573] [INFO] info - get params:{"applyState":"1","pageNum":"1","pageSize":"10","total":"1","type":"approve"}
[2022-04-10T11:06:08.573] [INFO] info - post params:{}
[2022-04-10T11:06:12.281] [INFO] info - get params:{"applyState":"1","pageNum":"1","pageSize":"10","total":"1","type":"approve"}
[2022-04-10T11:06:12.282] [INFO] info - post params:{}
[2022-04-10T11:06:13.248] [INFO] info - get params:{"applyState":"1","pageNum":"1","pageSize":"10","total":"1","type":"approve"}
[2022-04-10T11:06:13.248] [INFO] info - post params:{}
[2022-04-10T11:06:30.073] [INFO] info - get params:{}
[2022-04-10T11:06:30.074] [INFO] info - post params:{"action":"pass","remark":"111","_id":"6252498c76110270c604ca05"}
[2022-04-10T11:06:30.106] [INFO] info - get params:{"applyState":"1","pageNum":"1","pageSize":"10","total":"1","type":"approve"}
[2022-04-10T11:06:30.106] [INFO] info - post params:{}
[2022-04-10T11:06:38.947] [INFO] info - get params:{}
[2022-04-10T11:06:38.947] [INFO] info - post params:{"userName":"人员1","userPwd":"123456"}
[2022-04-10T11:06:38.963] [INFO] info - get params:{}
[2022-04-10T11:06:38.963] [INFO] info - post params:{}
[2022-04-10T11:06:39.000] [INFO] info - get params:{}
[2022-04-10T11:06:39.001] [INFO] info - post params:{}
[2022-04-10T11:06:41.024] [INFO] info - get params:{"applyState":"1","pageNum":"1","pageSize":"10","total":"0"}
[2022-04-10T11:06:41.024] [INFO] info - post params:{}
[2022-04-10T11:06:43.962] [INFO] info - get params:{"applyState":"","pageNum":"1","pageSize":"10","total":"0"}
[2022-04-10T11:06:43.962] [INFO] info - post params:{}
[2022-04-10T11:07:01.526] [INFO] info - get params:{}
[2022-04-10T11:07:01.526] [INFO] info - post params:{"userName":"财务老大","userPwd":"123456"}
[2022-04-10T11:07:01.538] [INFO] info - get params:{}
[2022-04-10T11:07:01.538] [INFO] info - post params:{}
[2022-04-10T11:07:01.577] [INFO] info - get params:{}
[2022-04-10T11:07:01.577] [INFO] info - post params:{}
[2022-04-10T11:07:03.980] [INFO] info - get params:{"applyState":"1","pageNum":"1","pageSize":"10","total":"0","type":"approve"}
[2022-04-10T11:07:03.980] [INFO] info - post params:{}
[2022-04-10T11:07:09.289] [INFO] info - get params:{}
[2022-04-10T11:07:09.289] [INFO] info - post params:{"action":"pass","remark":"11111","_id":"6252498c76110270c604ca05"}
[2022-04-10T11:07:09.324] [INFO] info - get params:{"applyState":"1","pageNum":"1","pageSize":"10","total":"1","type":"approve"}
[2022-04-10T11:07:09.324] [INFO] info - post params:{}
[2022-04-10T11:07:13.430] [INFO] info - get params:{}
[2022-04-10T11:07:13.430] [INFO] info - post params:{"userName":"人员1","userPwd":"123456"}
[2022-04-10T11:07:13.446] [INFO] info - get params:{}
[2022-04-10T11:07:13.446] [INFO] info - post params:{}
[2022-04-10T11:07:13.483] [INFO] info - get params:{}
[2022-04-10T11:07:13.483] [INFO] info - post params:{}
[2022-04-10T11:07:15.380] [INFO] info - get params:{"applyState":"1","pageNum":"1","pageSize":"10","total":"0"}
[2022-04-10T11:07:15.380] [INFO] info - post params:{}
[2022-04-10T11:07:18.016] [INFO] info - get params:{"applyState":"","pageNum":"1","pageSize":"10","total":"0"}
[2022-04-10T11:07:18.017] [INFO] info - post params:{}
[2024-02-17T10:21:55.764] [INFO] info - **数据库连接成功**
[2024-02-17T10:28:54.384] [INFO] info - get params:{}
[2024-02-17T10:28:54.385] [INFO] info - post params:{}
[2024-02-17T10:29:12.764] [INFO] info - get params:{}
[2024-02-17T10:29:12.765] [INFO] info - post params:{}
[2024-02-17T10:30:43.470] [INFO] info - get params:{}
[2024-02-17T10:30:43.470] [INFO] info - post params:{}
[2024-02-17T10:32:11.586] [INFO] info - get params:{}
[2024-02-17T10:32:11.586] [INFO] info - post params:{}
[2024-02-17T10:32:44.175] [INFO] info - get params:{}
[2024-02-17T10:32:44.175] [INFO] info - post params:{}
[2024-02-17T10:32:49.518] [INFO] info - get params:{}
[2024-02-17T10:32:49.518] [INFO] info - post params:{}
[2024-02-17T10:47:54.636] [INFO] info - get params:{}
[2024-02-17T10:47:54.636] [INFO] info - post params:{"userName":"admin","userPwd":"admin"}
[2024-02-17T10:53:30.530] [INFO] info - get params:{}
[2024-02-17T10:53:30.530] [INFO] info - post params:{"userName":"admin","userPwd":"admin"}
[2024-02-17T10:53:43.937] [INFO] info - get params:{}
[2024-02-17T10:53:43.937] [INFO] info - post params:{"userName":"admin","userPwd":"admin"}
[2024-02-17T10:54:43.261] [INFO] info - get params:{}
[2024-02-17T10:54:43.262] [INFO] info - post params:{"userName":"admin","userPwd":"admin"}
[2024-02-17T10:55:36.872] [INFO] info - **数据库连接成功**
[2024-02-17T10:55:47.761] [INFO] info - get params:{}
[2024-02-17T10:55:47.761] [INFO] info - post params:{"userName":"admin","userPwd":"admin"}
[2024-02-17T10:55:47.774] [INFO] info - get params:21232f297a57a5a743894a0e4a801fc3
[2024-02-17T10:58:12.460] [INFO] info - get params:{}
[2024-02-17T10:58:12.461] [INFO] info - post params:{"userName":"admin","userPwd":"admin"}
[2024-02-17T10:58:12.465] [INFO] info - get params:21232f297a57a5a743894a0e4a801fc3
[2024-02-17T10:58:23.643] [INFO] info - get params:{}
[2024-02-17T10:58:23.643] [INFO] info - post params:{"userName":"admin","userPwd":"admin"}
[2024-02-17T10:58:23.645] [INFO] info - get params:21232f297a57a5a743894a0e4a801fc3
[2024-02-17T10:58:43.955] [INFO] info - get params:{}
[2024-02-17T10:58:43.955] [INFO] info - post params:{"userName":"admin","userPwd":"admin"}
[2024-02-17T10:58:43.956] [INFO] info - get params:21232f297a57a5a743894a0e4a801fc3
[2024-02-17T10:58:59.924] [INFO] info - get params:{}
[2024-02-17T10:58:59.924] [INFO] info - post params:{"userName":"admin","userPwd":"admin"}
[2024-02-17T10:58:59.926] [INFO] info - get params:21232f297a57a5a743894a0e4a801fc3
[2024-02-17T10:59:05.597] [INFO] info - **数据库连接成功**
[2024-02-17T10:59:09.420] [INFO] info - get params:{}
[2024-02-17T10:59:09.420] [INFO] info - post params:{"userName":"admin","userPwd":"admin"}
[2024-02-17T10:59:09.431] [INFO] info - get params:null
[2024-02-17T10:59:09.431] [INFO] info - get params:21232f297a57a5a743894a0e4a801fc3
[2024-02-17T11:00:57.846] [INFO] info - **数据库连接成功**
[2024-02-17T11:01:01.278] [INFO] info - get params:{}
[2024-02-17T11:01:01.279] [INFO] info - post params:{"userName":"admin","userPwd":"admin"}
[2024-02-17T11:01:01.294] [INFO] info - User.findOne:{
  deptId: [ '6499285c85514262b61ee251' ],
  state: 1,
  role: 0,
  roleList: [ '609781b45ccd183084f8ea3d' ],
  _id: 624a933005dd5a2e953c612b,
  userId: 1000002,
  userName: 'admin',
  userEmail: 'admin@imooc.com'
}
[2024-02-17T11:01:01.534] [INFO] info - get params:{}
[2024-02-17T11:01:01.534] [INFO] info - post params:{}
[2024-02-17T11:01:01.635] [INFO] info - get params:{}
[2024-02-17T11:01:01.635] [INFO] info - post params:{}
[2024-02-17T11:10:37.700] [INFO] info - get params:{}
[2024-02-17T11:10:37.700] [INFO] info - post params:{"userName":"admin","userPwd":"admin"}
[2024-02-17T11:10:37.704] [INFO] info - User.findOne:{
  deptId: [ '6499285c85514262b61ee251' ],
  state: 1,
  role: 0,
  roleList: [ '609781b45ccd183084f8ea3d' ],
  _id: 624a933005dd5a2e953c612b,
  userId: 1000002,
  userName: 'admin',
  userEmail: 'admin@imooc.com'
}
[2024-02-17T11:10:37.965] [INFO] info - get params:{}
[2024-02-17T11:10:37.965] [INFO] info - post params:{}
[2024-02-17T11:10:38.013] [INFO] info - get params:{}
[2024-02-17T11:10:38.013] [INFO] info - post params:{}
[2024-02-17T11:38:44.824] [INFO] info - get params:{}
[2024-02-17T11:38:44.825] [INFO] info - post params:{}
[2024-02-17T11:38:44.911] [INFO] info - get params:{}
[2024-02-17T11:38:44.912] [INFO] info - post params:{}
[2024-02-17T11:41:53.227] [INFO] info - get params:{}
[2024-02-17T11:41:53.227] [INFO] info - post params:{}
[2024-02-17T11:41:53.310] [INFO] info - get params:{}
[2024-02-17T11:41:53.310] [INFO] info - post params:{}
[2024-02-17T11:44:17.764] [INFO] info - get params:{}
[2024-02-17T11:44:17.764] [INFO] info - post params:{}
[2024-02-17T11:44:17.771] [INFO] info - get params:{}
[2024-02-17T11:44:17.772] [INFO] info - post params:{}
[2024-02-17T11:44:17.840] [INFO] info - get params:{}
[2024-02-17T11:44:17.841] [INFO] info - post params:{}
[2024-02-17T11:47:13.308] [INFO] info - get params:{}
[2024-02-17T11:47:13.308] [INFO] info - post params:{}
[2024-02-17T11:47:13.400] [INFO] info - get params:{}
[2024-02-17T11:47:13.401] [INFO] info - post params:{}
[2024-02-17T11:47:13.407] [INFO] info - get params:{}
[2024-02-17T11:47:13.407] [INFO] info - post params:{}
[2024-02-17T11:52:00.888] [INFO] info - **数据库连接成功**
[2024-02-17T11:52:04.184] [INFO] info - get params:{}
[2024-02-17T11:52:04.185] [INFO] info - post params:{}
[2024-02-17T11:52:04.243] [INFO] info - get params:{}
[2024-02-17T11:52:04.243] [INFO] info - post params:{}
[2024-02-17T11:52:04.251] [INFO] info - get params:{}
[2024-02-17T11:52:04.251] [INFO] info - post params:{}
[2024-02-17T11:52:08.942] [INFO] info - get params:{}
[2024-02-17T11:52:08.942] [INFO] info - post params:{"userName":"admin","userPwd":"admin"}
[2024-02-17T11:52:08.948] [INFO] info - User.findOne:{
  deptId: [ '6499285c85514262b61ee251' ],
  state: 1,
  role: 0,
  roleList: [ '609781b45ccd183084f8ea3d' ],
  _id: 624a933005dd5a2e953c612b,
  userId: 1000002,
  userName: 'admin',
  userEmail: 'admin@imooc.com'
}
[2024-02-17T11:52:08.957] [INFO] info - get params:{}
[2024-02-17T11:52:08.957] [INFO] info - post params:{}
[2024-02-17T11:52:08.973] [INFO] info - get params:{}
[2024-02-17T11:52:08.973] [INFO] info - post params:{}
[2024-02-17T11:52:08.975] [INFO] info - get params:{}
[2024-02-17T11:52:08.975] [INFO] info - post params:{}
[2024-02-17T12:10:02.124] [INFO] info - get params:{}
[2024-02-17T12:10:02.124] [INFO] info - post params:{}
[2024-02-17T12:10:02.205] [INFO] info - get params:{}
[2024-02-17T12:10:02.205] [INFO] info - post params:{}
[2024-02-17T12:10:02.207] [INFO] info - get params:{}
[2024-02-17T12:10:02.208] [INFO] info - post params:{}
[2024-02-17T12:10:15.965] [INFO] info - get params:{}
[2024-02-17T12:10:15.966] [INFO] info - post params:{}
[2024-02-17T12:10:16.046] [INFO] info - get params:{}
[2024-02-17T12:10:16.046] [INFO] info - post params:{}
[2024-02-17T12:10:16.048] [INFO] info - get params:{}
[2024-02-17T12:10:16.049] [INFO] info - post params:{}
[2024-02-17T15:05:33.254] [INFO] info - **数据库连接成功**
[2024-02-17T15:05:34.483] [INFO] info - get params:{}
[2024-02-17T15:05:34.483] [INFO] info - post params:{}
[2024-02-17T15:05:34.559] [INFO] info - get params:{}
[2024-02-17T15:05:34.560] [INFO] info - post params:{}
[2024-02-17T15:05:34.562] [INFO] info - get params:{}
[2024-02-17T15:05:34.563] [INFO] info - post params:{}
[2024-02-17T15:26:58.917] [INFO] info - get params:{}
[2024-02-17T15:26:58.917] [INFO] info - post params:{"userName":"admin","userPwd":"admin"}
[2024-02-17T15:26:58.935] [INFO] info - User.findOne:{
  deptId: [ '6499285c85514262b61ee251' ],
  state: 1,
  role: 0,
  roleList: [ '609781b45ccd183084f8ea3d' ],
  _id: 624a933005dd5a2e953c612b,
  userId: 1000002,
  userName: 'admin',
  userEmail: 'admin@imooc.com'
}
[2024-02-17T15:26:59.066] [INFO] info - get params:{}
[2024-02-17T15:26:59.066] [INFO] info - post params:{}
[2024-02-17T15:26:59.254] [INFO] info - get params:{}
[2024-02-17T15:26:59.254] [INFO] info - post params:{}
[2024-02-17T15:26:59.392] [INFO] info - get params:{}
[2024-02-17T15:26:59.392] [INFO] info - post params:{}
[2024-02-17T15:27:02.260] [INFO] info - get params:{}
[2024-02-17T15:27:02.260] [INFO] info - post params:{}
[2024-02-17T15:27:02.350] [INFO] info - get params:{}
[2024-02-17T15:27:02.351] [INFO] info - post params:{}
[2024-02-17T15:27:02.354] [INFO] info - get params:{}
[2024-02-17T15:27:02.354] [INFO] info - post params:{}
[2024-02-17T15:27:36.606] [INFO] info - **数据库连接成功**
[2024-02-17T15:27:42.965] [INFO] info - get params:{}
[2024-02-17T15:27:42.965] [INFO] info - post params:{"userName":"admin","userPwd":"admin"}
[2024-02-17T15:27:42.982] [INFO] info - User.findOne:{
  deptId: [ '6499285c85514262b61ee251' ],
  state: 1,
  role: 0,
  roleList: [ '609781b45ccd183084f8ea3d' ],
  _id: 624a933005dd5a2e953c612b,
  userId: 1000002,
  userName: 'admin',
  userEmail: 'admin@imooc.com'
}
[2024-02-17T15:27:43.001] [INFO] info - get params:{}
[2024-02-17T15:27:43.002] [INFO] info - post params:{}
[2024-02-17T15:27:43.338] [INFO] info - get params:{}
[2024-02-17T15:27:43.339] [INFO] info - post params:{}
[2024-02-17T15:27:43.341] [INFO] info - get params:{}
[2024-02-17T15:27:43.341] [INFO] info - post params:{}
[2024-02-17T15:31:25.876] [INFO] info - **数据库连接成功**
[2024-02-17T15:31:31.198] [INFO] info - get params:{}
[2024-02-17T15:31:31.199] [INFO] info - post params:{}
[2024-02-17T15:31:31.202] [INFO] info - getPermissionList:[object Object]
[2024-02-17T15:31:31.271] [INFO] info - get params:{}
[2024-02-17T15:31:31.272] [INFO] info - post params:{}
[2024-02-17T15:31:31.279] [INFO] info - get params:{}
[2024-02-17T15:31:31.280] [INFO] info - post params:{}
[2024-02-17T15:31:31.281] [INFO] info - getPermissionList:[object Object]
[2024-02-17T15:32:01.693] [INFO] info - **数据库连接成功**
[2024-02-17T15:32:03.887] [INFO] info - get params:{}
[2024-02-17T15:32:03.888] [INFO] info - post params:{}
[2024-02-17T15:32:03.892] [INFO] info - getPermissionList:{"deptId":["6499285c85514262b61ee251"],"state":1,"role":0,"roleList":["609781b45ccd183084f8ea3d"],"_id":"624a933005dd5a2e953c612b","userId":1000002,"userName":"admin","userEmail":"admin@imooc.com"}
[2024-02-17T15:32:03.953] [INFO] info - get params:{}
[2024-02-17T15:32:03.954] [INFO] info - post params:{}
[2024-02-17T15:32:03.991] [INFO] info - get params:{}
[2024-02-17T15:32:03.991] [INFO] info - post params:{}
[2024-02-17T15:32:03.992] [INFO] info - getPermissionList:{"deptId":["6499285c85514262b61ee251"],"state":1,"role":0,"roleList":["609781b45ccd183084f8ea3d"],"_id":"624a933005dd5a2e953c612b","userId":1000002,"userName":"admin","userEmail":"admin@imooc.com"}
[2024-02-17T15:40:19.282] [INFO] info - **数据库连接成功**
[2024-02-17T15:40:22.241] [INFO] info - get params:{}
[2024-02-17T15:40:22.241] [INFO] info - post params:{}
[2024-02-17T15:40:22.254] [INFO] info - getPermissionList:
[2024-02-17T15:40:22.313] [INFO] info - get params:{}
[2024-02-17T15:40:22.314] [INFO] info - post params:{}
[2024-02-17T15:40:22.318] [INFO] info - get params:{}
[2024-02-17T15:40:22.319] [INFO] info - post params:{}
[2024-02-17T15:40:22.326] [INFO] info - getPermissionList:
[2024-02-17T15:40:52.029] [INFO] info - **数据库连接成功**
[2024-02-17T15:40:54.222] [INFO] info - get params:{}
[2024-02-17T15:40:54.223] [INFO] info - post params:{}
[2024-02-17T15:40:54.226] [INFO] info - getPermissionList:0
[2024-02-17T15:40:54.237] [INFO] info - getPermissionList:
[2024-02-17T15:40:54.293] [INFO] info - get params:{}
[2024-02-17T15:40:54.294] [INFO] info - post params:{}
[2024-02-17T15:40:54.299] [INFO] info - get params:{}
[2024-02-17T15:40:54.299] [INFO] info - post params:{}
[2024-02-17T15:40:54.300] [INFO] info - getPermissionList:0
[2024-02-17T15:40:54.306] [INFO] info - getPermissionList:
[2024-02-17T15:41:19.959] [INFO] info - get params:{}
[2024-02-17T15:41:19.959] [INFO] info - post params:{"userName":"admin","userPwd":"admin"}
[2024-02-17T15:41:19.967] [INFO] info - User.findOne:{
  deptId: [ '6499285c85514262b61ee251' ],
  state: 1,
  role: 0,
  roleList: [ '609781b45ccd183084f8ea3d' ],
  _id: 624a933005dd5a2e953c612b,
  userId: 1000002,
  userName: 'admin',
  userEmail: 'admin@imooc.com'
}
[2024-02-17T15:41:19.977] [INFO] info - get params:{}
[2024-02-17T15:41:19.977] [INFO] info - post params:{}
[2024-02-17T15:41:19.978] [INFO] info - getPermissionList:0
[2024-02-17T15:41:19.980] [INFO] info - getPermissionList:
[2024-02-17T15:41:20.017] [INFO] info - get params:{}
[2024-02-17T15:41:20.017] [INFO] info - post params:{}
[2024-02-17T15:41:20.019] [INFO] info - get params:{}
[2024-02-17T15:41:20.020] [INFO] info - post params:{}
[2024-02-17T15:41:20.020] [INFO] info - getPermissionList:0
[2024-02-17T15:41:20.023] [INFO] info - getPermissionList:
[2024-02-17T15:44:11.510] [INFO] info - **数据库连接成功**
[2024-02-17T15:44:20.410] [INFO] info - get params:{}
[2024-02-17T15:44:20.411] [INFO] info - post params:{}
[2024-02-17T15:44:20.414] [INFO] info - getPermissionList:0
[2024-02-17T15:44:20.456] [INFO] info - getPermissionList:{
  parentId: [ 6069beb8b306e7f18dd72efc ],
  createTime: 2021-04-04T13:23:49.765Z,
  updateTime: 2021-05-16T13:33:43.236Z,
  _id: 6069bec6b306e7f18dd72efd,
  menuType: 1,
  menuState: 1,
  menuName: '用户管理',
  path: '/system/user',
  __v: 0,
  component: 'User'
},{
  parentId: [ 6069beb8b306e7f18dd72efc ],
  createTime: 2021-04-04T13:23:49.765Z,
  updateTime: 2021-05-16T13:33:54.312Z,
  _id: 6083d756c30e1188761493f2,
  menuType: 1,
  menuState: 1,
  menuName: '菜单管理',
  path: '/system/menu',
  __v: 0,
  component: 'Menu'
},{
  parentId: [ 6069beb8b306e7f18dd72efc ],
  createTime: 2021-04-24T05:00:05.659Z,
  updateTime: 2021-05-16T13:33:59.788Z,
  _id: 6083d76bc30e1188761493f3,
  menuType: 1,
  menuState: 1,
  menuName: '角色管理',
  path: '/system/role',
  __v: 0,
  component: 'Role'
},{
  parentId: [ 6069beb8b306e7f18dd72efc, 6083d756c30e1188761493f2 ],
  createTime: 2021-04-24T05:00:05.659Z,
  updateTime: 2021-04-24T05:00:05.659Z,
  _id: 6083f63bc30e1188761493f4,
  menuType: 2,
  menuState: 1,
  menuName: '查看',
  menuCode: 'menu_query',
  __v: 0
},{
  parentId: [ 6069beb8b306e7f18dd72efc, 6083d76bc30e1188761493f3 ],
  createTime: 2021-05-09T07:17:23.890Z,
  updateTime: 2021-05-16T09:40:51.253Z,
  _id: 60978d6a3c0c8738d016ca5f,
  menuType: 2,
  menuState: 1,
  menuName: '查看',
  menuCode: 'role-query',
  __v: 0
},{
  parentId: [ 6069beb8b306e7f18dd72efc ],
  createTime: 2021-05-09T07:17:23.890Z,
  updateTime: 2021-05-16T13:34:04.099Z,
  _id: 60979e4d3c0c8738d016ca60,
  menuType: 1,
  menuState: 1,
  menuName: '部门管理',
  path: '/system/dept',
  __v: 0,
  component: 'Dept'
},{
  parentId: [ 6069beb8b306e7f18dd72efc, 60979e4d3c0c8738d016ca60 ],
  createTime: 2021-05-09T07:17:23.890Z,
  updateTime: 2021-05-09T07:17:23.890Z,
  _id: 60979e5a3c0c8738d016ca61,
  menuType: 2,
  menuState: 1,
  menuName: '查看',
  menuCode: 'dept-query',
  __v: 0
},{
  parentId: [ 6069beb8b306e7f18dd72efc, 6069bec6b306e7f18dd72efd ],
  createTime: 2021-05-16T09:34:46.325Z,
  updateTime: 2021-05-16T09:34:46.325Z,
  _id: 60a0e80d92ea01921486ecac,
  menuType: 2,
  menuState: 1,
  menuName: '新增',
  menuCode: 'user-create',
  __v: 0
},{
  parentId: [ 6069beb8b306e7f18dd72efc, 6069bec6b306e7f18dd72efd ],
  createTime: 2021-05-16T09:34:46.325Z,
  updateTime: 2021-05-16T09:34:46.325Z,
  _id: 60a0e81c92ea01921486ecad,
  menuType: 2,
  menuState: 1,
  menuName: '编辑',
  menuCode: 'user-edit',
  __v: 0
},{
  parentId: [ 6069beb8b306e7f18dd72efc, 6069bec6b306e7f18dd72efd ],
  createTime: 2021-05-16T09:34:46.325Z,
  updateTime: 2021-05-16T09:34:46.325Z,
  _id: 60a0e82592ea01921486ecae,
  menuType: 2,
  menuState: 1,
  menuName: '删除',
  menuCode: 'user-delete',
  __v: 0
},{
  parentId: [ 6069beb8b306e7f18dd72efc, 6069bec6b306e7f18dd72efd ],
  createTime: 2021-05-16T09:34:46.325Z,
  updateTime: 2021-05-16T09:34:46.325Z,
  _id: 60a0e83392ea01921486ecaf,
  menuType: 2,
  menuState: 1,
  menuName: '批量删除',
  menuCode: 'user-patch-delete',
  __v: 0
},{
  parentId: [ 6069beb8b306e7f18dd72efc, 6083d756c30e1188761493f2 ],
  createTime: 2021-05-16T09:34:46.325Z,
  updateTime: 2021-05-16T09:34:46.325Z,
  _id: 60a0e84c92ea01921486ecb0,
  menuType: 2,
  menuState: 1,
  menuName: '新增',
  menuCode: 'menu-create',
  __v: 0
},{
  parentId: [ 6069beb8b306e7f18dd72efc, 6083d756c30e1188761493f2 ],
  createTime: 2021-05-16T09:34:46.325Z,
  updateTime: 2021-05-16T09:34:46.325Z,
  _id: 60a0e85392ea01921486ecb1,
  menuType: 2,
  menuState: 1,
  menuName: '编辑',
  menuCode: 'menu-edit',
  __v: 0
},{
  parentId: [ 6069beb8b306e7f18dd72efc, 6083d756c30e1188761493f2 ],
  createTime: 2021-05-16T09:34:46.325Z,
  updateTime: 2021-05-16T09:34:46.325Z,
  _id: 60a0e85c92ea01921486ecb2,
  menuType: 2,
  menuState: 1,
  menuName: '删除',
  menuCode: 'menu-delete',
  __v: 0
},{
  parentId: [ 6069beb8b306e7f18dd72efc, 6083d76bc30e1188761493f3 ],
  createTime: 2021-05-16T09:34:46.325Z,
  updateTime: 2021-05-16T09:34:46.325Z,
  _id: 60a0e87392ea01921486ecb3,
  menuType: 2,
  menuState: 1,
  menuName: '创建',
  menuCode: 'role-create',
  __v: 0
},{
  parentId: [ 6069beb8b306e7f18dd72efc, 6083d76bc30e1188761493f3 ],
  createTime: 2021-05-16T09:34:46.325Z,
  updateTime: 2021-05-16T09:34:46.325Z,
  _id: 60a0e87b92ea01921486ecb4,
  menuType: 2,
  menuState: 1,
  menuName: '编辑',
  menuCode: 'role-edit',
  __v: 0
},{
  parentId: [ 6069beb8b306e7f18dd72efc, 6083d76bc30e1188761493f3 ],
  createTime: 2021-05-16T09:34:46.325Z,
  updateTime: 2021-05-16T09:34:46.325Z,
  _id: 60a0e88792ea01921486ecb5,
  menuType: 2,
  menuState: 1,
  menuName: '设置权限',
  menuCode: 'role-setting',
  __v: 0
},{
  parentId: [ 6069beb8b306e7f18dd72efc, 6083d76bc30e1188761493f3 ],
  createTime: 2021-05-16T09:34:46.325Z,
  updateTime: 2021-05-16T09:34:46.325Z,
  _id: 60a0e89192ea01921486ecb6,
  menuType: 2,
  menuState: 1,
  menuName: '删除',
  menuCode: 'role-delete',
  __v: 0
},{
  parentId: [ 6069beb8b306e7f18dd72efc, 60979e4d3c0c8738d016ca60 ],
  createTime: 2021-05-09T07:17:23.890Z,
  updateTime: 2021-05-09T07:17:23.890Z,
  _id: 60a0e8b092ea01921486ecb7,
  menuType: 2,
  menuState: 1,
  menuName: '创建',
  menuCode: 'dept-create',
  __v: 0
},{
  parentId: [ 6069beb8b306e7f18dd72efc, 60979e4d3c0c8738d016ca60 ],
  createTime: 2021-05-09T07:17:23.890Z,
  updateTime: 2021-05-09T07:17:23.890Z,
  _id: 60a0e8b892ea01921486ecb8,
  menuType: 2,
  menuState: 1,
  menuName: '编辑',
  menuCode: 'dept-edit',
  __v: 0
},{
  parentId: [ 6069beb8b306e7f18dd72efc, 60979e4d3c0c8738d016ca60 ],
  createTime: 2021-05-09T07:17:23.890Z,
  updateTime: 2021-05-09T07:17:23.890Z,
  _id: 60a0e8c392ea01921486ecb9,
  menuType: 2,
  menuState: 1,
  menuName: '删除',
  menuCode: 'dept-delete',
  __v: 0
},{
  parentId: [ 6069bedfb306e7f18dd72efe ],
  createTime: 2021-05-23T08:38:08.857Z,
  updateTime: 2021-05-23T08:44:40.671Z,
  _id: 60aa14a5e6b0fa3dc8fb5024,
  menuType: 1,
  menuState: 1,
  menuName: '休假申请',
  path: '/audit/leave',
  __v: 0,
  component: 'Leave'
},{
  parentId: [ 6069bedfb306e7f18dd72efe ],
  createTime: 2021-05-23T08:38:08.857Z,
  updateTime: 2021-05-29T10:23:47.974Z,
  _id: 60aa14b6e6b0fa3dc8fb5025,
  menuType: 1,
  menuState: 1,
  menuName: '待审批',
  path: '/audit/approve',
  __v: 0,
  component: 'Approve'
},{
  parentId: [ 6069bedfb306e7f18dd72efe, 60aa14a5e6b0fa3dc8fb5024 ],
  createTime: 2021-05-23T08:44:03.968Z,
  updateTime: 2021-05-23T08:44:03.968Z,
  _id: 60aa1675a19f033ebc1c7f92,
  menuType: 2,
  menuState: 1,
  menuName: '查看',
  menuCode: 'leave-query',
  __v: 0
},{
  parentId: [ 6069bedfb306e7f18dd72efe, 60aa14b6e6b0fa3dc8fb5025 ],
  createTime: 2021-05-23T08:38:08.857Z,
  updateTime: 2021-05-29T10:10:52.079Z,
  _id: 60b2164931165fbf56a7d674,
  menuType: 2,
  menuState: 1,
  menuName: '查看',
  __v: 0,
  menuCode: 'approve-query'
},{
  parentId: [ 6069bedfb306e7f18dd72efe, 60aa14b6e6b0fa3dc8fb5025 ],
  createTime: 2021-05-23T08:38:08.857Z,
  updateTime: 2021-05-29T10:10:52.079Z,
  _id: 60b2165f31165fbf56a7d675,
  menuType: 2,
  menuState: 1,
  menuName: '审核',
  __v: 0,
  menuCode: 'approve-check'
},{
  parentId: [ null ],
  createTime: 2021-04-04T13:23:49.765Z,
  updateTime: 2021-04-04T13:23:49.765Z,
  _id: 6069beb8b306e7f18dd72efc,
  menuType: 1,
  menuState: 1,
  menuName: '系统管理',
  icon: 'Setting',
  path: '/system',
  __v: 0
},{
  parentId: [ null ],
  createTime: 2021-04-04T13:23:49.765Z,
  updateTime: 2021-05-23T08:09:22.386Z,
  _id: 6069bedfb306e7f18dd72efe,
  menuType: 1,
  menuState: 1,
  menuName: '审批管理',
  icon: 'Promotion',
  path: '/audit',
  __v: 0
},{
  parentId: [ 63f3125b5df9e02aedf2c137 ],
  createTime: 2022-10-20T05:28:45.581Z,
  updateTime: 2022-10-20T05:28:45.581Z,
  _id: 63f3126d5df9e02aedf2c13a,
  menuType: 1,
  menuState: 1,
  menuName: '点开就炒你鱿鱼',
  __v: 0
},{
  parentId: [ 63f3126d5df9e02aedf2c13a ],
  createTime: 2022-10-20T05:28:45.581Z,
  updateTime: 2022-10-20T05:28:45.581Z,
  _id: 63f3127f5df9e02aedf2c13d,
  menuType: 1,
  menuState: 1,
  menuName: '就炒你',
  __v: 0
},{
  parentId: [ 63f59891087fe67d6939ba33 ],
  createTime: 2023-02-20T14:12:21.347Z,
  updateTime: 2023-02-20T14:12:21.347Z,
  _id: 63f5cef8087fe67d6939e720,
  menuType: 1,
  menuState: 1,
  menuName: '菜单名称',
  menuCode: '',
  __v: 0
},{
  parentId: [ 63f71949087fe67d693a5226 ],
  createTime: 2023-02-20T14:12:21.347Z,
  updateTime: 2023-02-20T14:12:21.347Z,
  _id: 63f71998087fe67d693a5269,
  menuType: 2,
  menuState: 1,
  menuName: '测试按钮',
  icon: 'dffds',
  path: '/menu/add',
  menuCode: '2',
  __v: 0
},{
  parentId: [ 63f736bb087fe67d693a72c7 ],
  createTime: 2023-02-20T14:12:21.347Z,
  updateTime: 2023-02-23T09:55:28.999Z,
  _id: 63f736bb087fe67d693a72c7,
  menuType: 1,
  menuState: 1,
  menuName: '公关管理',
  icon: '',
  path: '/userfill/hao',
  __v: 0,
  component: 'Hao'
},{
  parentId: [ 63f736bb087fe67d693a72c7 ],
  createTime: 2023-02-20T14:12:21.347Z,
  updateTime: 2023-02-20T14:12:21.347Z,
  _id: 63f737d1087fe67d693a740b,
  menuType: 1,
  menuState: 1,
  menuName: '纳税管理',
  icon: '',
  path: '/userfill/ha',
  __v: 0
},{
  parentId: [ null ],
  createTime: 2023-02-20T14:12:21.347Z,
  updateTime: 2023-03-01T11:17:27.739Z,
  _id: 63fcc187087fe67d693b6d06,
  menuType: 1,
  menuState: 1,
  menuName: '测试farther',
  __v: 0,
  icon: '阿萨'
},{
  parentId: [ 63fcc187087fe67d693b6d06 ],
  createTime: 2023-02-20T14:12:21.347Z,
  updateTime: 2023-02-20T14:12:21.347Z,
  _id: 63fcc196087fe67d693b6d0e,
  menuType: 1,
  menuState: 1,
  menuName: '测试1',
  __v: 0
},{
  parentId: [ 63fcc187087fe67d693b6d06, 63fcc196087fe67d693b6d0e ],
  createTime: 2023-02-20T14:12:21.347Z,
  updateTime: 2023-02-20T14:12:21.347Z,
  _id: 63fdf2b3087fe67d693b7ad6,
  menuType: 1,
  menuState: 1,
  menuName: '地方士大夫',
  icon: '第三方士大夫',
  path: '士大夫是',
  __v: 0
},{
  parentId: [ 63fcc187087fe67d693b6d06 ],
  createTime: 2023-02-20T14:12:21.347Z,
  updateTime: 2023-02-20T14:12:21.347Z,
  _id: 63fdf2e0087fe67d693b7aec,
  menuType: 1,
  menuState: 1,
  menuName: '撒的',
  icon: '撒旦地方第三方',
  path: '阿松大阿萨的',
  __v: 0
},{
  parentId: [ 63fcc187087fe67d693b6d06, 63fdf2e0087fe67d693b7aec ],
  createTime: 2023-02-20T14:12:21.347Z,
  updateTime: 2023-02-20T14:12:21.347Z,
  _id: 63fdf353087fe67d693b7b00,
  menuType: 1,
  menuState: 1,
  menuName: '阿松大士大夫撒旦',
  icon: '撒旦地方第三方',
  path: '阿松大阿萨的',
  __v: 0
},{
  parentId: [
    63fcc187087fe67d693b6d06,
    63fdf2e0087fe67d693b7aec,
    63fdf353087fe67d693b7b00
  ],
  createTime: 2023-02-20T14:12:21.347Z,
  updateTime: 2023-02-20T14:12:21.347Z,
  _id: 63fdf441087fe67d693b7baf,
  menuType: 1,
  menuState: 1,
  menuName: 's爱的阿松大',
  icon: '撒旦阿萨d',
  path: '撒旦阿萨',
  __v: 0
},{
  parentId: [ 63fcc187087fe67d693b6d06, 63fdf2e0087fe67d693b7aec ],
  createTime: 2023-02-20T14:12:21.347Z,
  updateTime: 2023-02-20T14:12:21.347Z,
  _id: 63ff31b0087fe67d693b82d4,
  menuType: 1,
  menuState: 1,
  menuName: '阿松大',
  icon: '阿松大阿萨',
  path: '阿松大',
  __v: 0
},{
  parentId: [ 63fcc187087fe67d693b6d06 ],
  createTime: 2023-02-20T14:12:21.347Z,
  updateTime: 2023-02-20T14:12:21.347Z,
  _id: 63ff4492087fe67d693b8a51,
  menuType: 1,
  menuState: 0,
  menuName: 'ddd',
  icon: 'User',
  __v: 0
},{
  parentId: [ 63fcc187087fe67d693b6d06, 63ff4492087fe67d693b8a51 ],
  createTime: 2023-02-20T14:12:21.347Z,
  updateTime: 2023-02-20T14:12:21.347Z,
  _id: 63ff752e087fe67d693b8e37,
  menuType: 1,
  menuState: 1,
  menuName: '娃哈哈',
  icon: 'el-icon-setting',
  path: '/system/NewMenu',
  menuCode: '',
  __v: 0
},{
  parentId: [ 6069beb8b306e7f18dd72efc ],
  createTime: 2023-02-20T14:12:21.347Z,
  updateTime: 2023-02-20T14:12:21.347Z,
  _id: 6400c963087fe67d693b91c0,
  menuType: 1,
  menuState: 1,
  menuName: 'aaaaa',
  icon: 'assas',
  path: 'asas',
  __v: 0
},{
  parentId: [ 6069beb8b306e7f18dd72efc ],
  createTime: 2023-02-20T14:12:21.347Z,
  updateTime: 2023-02-20T14:12:21.347Z,
  _id: 6400c96e087fe67d693b91c2,
  menuType: 1,
  menuState: 1,
  menuName: 'aaaaa',
  icon: 'assas',
  path: 'asas',
  __v: 0
}
[2024-02-17T15:44:20.587] [INFO] info - get params:{}
[2024-02-17T15:44:20.587] [INFO] info - post params:{}
[2024-02-17T15:44:20.592] [INFO] info - get params:{}
[2024-02-17T15:44:20.592] [INFO] info - post params:{}
[2024-02-17T15:44:20.593] [INFO] info - getPermissionList:0
[2024-02-17T15:44:20.606] [INFO] info - getPermissionList:{
  parentId: [ 6069beb8b306e7f18dd72efc ],
  createTime: 2021-04-04T13:23:49.765Z,
  updateTime: 2021-05-16T13:33:43.236Z,
  _id: 6069bec6b306e7f18dd72efd,
  menuType: 1,
  menuState: 1,
  menuName: '用户管理',
  path: '/system/user',
  __v: 0,
  component: 'User'
},{
  parentId: [ 6069beb8b306e7f18dd72efc ],
  createTime: 2021-04-04T13:23:49.765Z,
  updateTime: 2021-05-16T13:33:54.312Z,
  _id: 6083d756c30e1188761493f2,
  menuType: 1,
  menuState: 1,
  menuName: '菜单管理',
  path: '/system/menu',
  __v: 0,
  component: 'Menu'
},{
  parentId: [ 6069beb8b306e7f18dd72efc ],
  createTime: 2021-04-24T05:00:05.659Z,
  updateTime: 2021-05-16T13:33:59.788Z,
  _id: 6083d76bc30e1188761493f3,
  menuType: 1,
  menuState: 1,
  menuName: '角色管理',
  path: '/system/role',
  __v: 0,
  component: 'Role'
},{
  parentId: [ 6069beb8b306e7f18dd72efc, 6083d756c30e1188761493f2 ],
  createTime: 2021-04-24T05:00:05.659Z,
  updateTime: 2021-04-24T05:00:05.659Z,
  _id: 6083f63bc30e1188761493f4,
  menuType: 2,
  menuState: 1,
  menuName: '查看',
  menuCode: 'menu_query',
  __v: 0
},{
  parentId: [ 6069beb8b306e7f18dd72efc, 6083d76bc30e1188761493f3 ],
  createTime: 2021-05-09T07:17:23.890Z,
  updateTime: 2021-05-16T09:40:51.253Z,
  _id: 60978d6a3c0c8738d016ca5f,
  menuType: 2,
  menuState: 1,
  menuName: '查看',
  menuCode: 'role-query',
  __v: 0
},{
  parentId: [ 6069beb8b306e7f18dd72efc ],
  createTime: 2021-05-09T07:17:23.890Z,
  updateTime: 2021-05-16T13:34:04.099Z,
  _id: 60979e4d3c0c8738d016ca60,
  menuType: 1,
  menuState: 1,
  menuName: '部门管理',
  path: '/system/dept',
  __v: 0,
  component: 'Dept'
},{
  parentId: [ 6069beb8b306e7f18dd72efc, 60979e4d3c0c8738d016ca60 ],
  createTime: 2021-05-09T07:17:23.890Z,
  updateTime: 2021-05-09T07:17:23.890Z,
  _id: 60979e5a3c0c8738d016ca61,
  menuType: 2,
  menuState: 1,
  menuName: '查看',
  menuCode: 'dept-query',
  __v: 0
},{
  parentId: [ 6069beb8b306e7f18dd72efc, 6069bec6b306e7f18dd72efd ],
  createTime: 2021-05-16T09:34:46.325Z,
  updateTime: 2021-05-16T09:34:46.325Z,
  _id: 60a0e80d92ea01921486ecac,
  menuType: 2,
  menuState: 1,
  menuName: '新增',
  menuCode: 'user-create',
  __v: 0
},{
  parentId: [ 6069beb8b306e7f18dd72efc, 6069bec6b306e7f18dd72efd ],
  createTime: 2021-05-16T09:34:46.325Z,
  updateTime: 2021-05-16T09:34:46.325Z,
  _id: 60a0e81c92ea01921486ecad,
  menuType: 2,
  menuState: 1,
  menuName: '编辑',
  menuCode: 'user-edit',
  __v: 0
},{
  parentId: [ 6069beb8b306e7f18dd72efc, 6069bec6b306e7f18dd72efd ],
  createTime: 2021-05-16T09:34:46.325Z,
  updateTime: 2021-05-16T09:34:46.325Z,
  _id: 60a0e82592ea01921486ecae,
  menuType: 2,
  menuState: 1,
  menuName: '删除',
  menuCode: 'user-delete',
  __v: 0
},{
  parentId: [ 6069beb8b306e7f18dd72efc, 6069bec6b306e7f18dd72efd ],
  createTime: 2021-05-16T09:34:46.325Z,
  updateTime: 2021-05-16T09:34:46.325Z,
  _id: 60a0e83392ea01921486ecaf,
  menuType: 2,
  menuState: 1,
  menuName: '批量删除',
  menuCode: 'user-patch-delete',
  __v: 0
},{
  parentId: [ 6069beb8b306e7f18dd72efc, 6083d756c30e1188761493f2 ],
  createTime: 2021-05-16T09:34:46.325Z,
  updateTime: 2021-05-16T09:34:46.325Z,
  _id: 60a0e84c92ea01921486ecb0,
  menuType: 2,
  menuState: 1,
  menuName: '新增',
  menuCode: 'menu-create',
  __v: 0
},{
  parentId: [ 6069beb8b306e7f18dd72efc, 6083d756c30e1188761493f2 ],
  createTime: 2021-05-16T09:34:46.325Z,
  updateTime: 2021-05-16T09:34:46.325Z,
  _id: 60a0e85392ea01921486ecb1,
  menuType: 2,
  menuState: 1,
  menuName: '编辑',
  menuCode: 'menu-edit',
  __v: 0
},{
  parentId: [ 6069beb8b306e7f18dd72efc, 6083d756c30e1188761493f2 ],
  createTime: 2021-05-16T09:34:46.325Z,
  updateTime: 2021-05-16T09:34:46.325Z,
  _id: 60a0e85c92ea01921486ecb2,
  menuType: 2,
  menuState: 1,
  menuName: '删除',
  menuCode: 'menu-delete',
  __v: 0
},{
  parentId: [ 6069beb8b306e7f18dd72efc, 6083d76bc30e1188761493f3 ],
  createTime: 2021-05-16T09:34:46.325Z,
  updateTime: 2021-05-16T09:34:46.325Z,
  _id: 60a0e87392ea01921486ecb3,
  menuType: 2,
  menuState: 1,
  menuName: '创建',
  menuCode: 'role-create',
  __v: 0
},{
  parentId: [ 6069beb8b306e7f18dd72efc, 6083d76bc30e1188761493f3 ],
  createTime: 2021-05-16T09:34:46.325Z,
  updateTime: 2021-05-16T09:34:46.325Z,
  _id: 60a0e87b92ea01921486ecb4,
  menuType: 2,
  menuState: 1,
  menuName: '编辑',
  menuCode: 'role-edit',
  __v: 0
},{
  parentId: [ 6069beb8b306e7f18dd72efc, 6083d76bc30e1188761493f3 ],
  createTime: 2021-05-16T09:34:46.325Z,
  updateTime: 2021-05-16T09:34:46.325Z,
  _id: 60a0e88792ea01921486ecb5,
  menuType: 2,
  menuState: 1,
  menuName: '设置权限',
  menuCode: 'role-setting',
  __v: 0
},{
  parentId: [ 6069beb8b306e7f18dd72efc, 6083d76bc30e1188761493f3 ],
  createTime: 2021-05-16T09:34:46.325Z,
  updateTime: 2021-05-16T09:34:46.325Z,
  _id: 60a0e89192ea01921486ecb6,
  menuType: 2,
  menuState: 1,
  menuName: '删除',
  menuCode: 'role-delete',
  __v: 0
},{
  parentId: [ 6069beb8b306e7f18dd72efc, 60979e4d3c0c8738d016ca60 ],
  createTime: 2021-05-09T07:17:23.890Z,
  updateTime: 2021-05-09T07:17:23.890Z,
  _id: 60a0e8b092ea01921486ecb7,
  menuType: 2,
  menuState: 1,
  menuName: '创建',
  menuCode: 'dept-create',
  __v: 0
},{
  parentId: [ 6069beb8b306e7f18dd72efc, 60979e4d3c0c8738d016ca60 ],
  createTime: 2021-05-09T07:17:23.890Z,
  updateTime: 2021-05-09T07:17:23.890Z,
  _id: 60a0e8b892ea01921486ecb8,
  menuType: 2,
  menuState: 1,
  menuName: '编辑',
  menuCode: 'dept-edit',
  __v: 0
},{
  parentId: [ 6069beb8b306e7f18dd72efc, 60979e4d3c0c8738d016ca60 ],
  createTime: 2021-05-09T07:17:23.890Z,
  updateTime: 2021-05-09T07:17:23.890Z,
  _id: 60a0e8c392ea01921486ecb9,
  menuType: 2,
  menuState: 1,
  menuName: '删除',
  menuCode: 'dept-delete',
  __v: 0
},{
  parentId: [ 6069bedfb306e7f18dd72efe ],
  createTime: 2021-05-23T08:38:08.857Z,
  updateTime: 2021-05-23T08:44:40.671Z,
  _id: 60aa14a5e6b0fa3dc8fb5024,
  menuType: 1,
  menuState: 1,
  menuName: '休假申请',
  path: '/audit/leave',
  __v: 0,
  component: 'Leave'
},{
  parentId: [ 6069bedfb306e7f18dd72efe ],
  createTime: 2021-05-23T08:38:08.857Z,
  updateTime: 2021-05-29T10:23:47.974Z,
  _id: 60aa14b6e6b0fa3dc8fb5025,
  menuType: 1,
  menuState: 1,
  menuName: '待审批',
  path: '/audit/approve',
  __v: 0,
  component: 'Approve'
},{
  parentId: [ 6069bedfb306e7f18dd72efe, 60aa14a5e6b0fa3dc8fb5024 ],
  createTime: 2021-05-23T08:44:03.968Z,
  updateTime: 2021-05-23T08:44:03.968Z,
  _id: 60aa1675a19f033ebc1c7f92,
  menuType: 2,
  menuState: 1,
  menuName: '查看',
  menuCode: 'leave-query',
  __v: 0
},{
  parentId: [ 6069bedfb306e7f18dd72efe, 60aa14b6e6b0fa3dc8fb5025 ],
  createTime: 2021-05-23T08:38:08.857Z,
  updateTime: 2021-05-29T10:10:52.079Z,
  _id: 60b2164931165fbf56a7d674,
  menuType: 2,
  menuState: 1,
  menuName: '查看',
  __v: 0,
  menuCode: 'approve-query'
},{
  parentId: [ 6069bedfb306e7f18dd72efe, 60aa14b6e6b0fa3dc8fb5025 ],
  createTime: 2021-05-23T08:38:08.857Z,
  updateTime: 2021-05-29T10:10:52.079Z,
  _id: 60b2165f31165fbf56a7d675,
  menuType: 2,
  menuState: 1,
  menuName: '审核',
  __v: 0,
  menuCode: 'approve-check'
},{
  parentId: [ null ],
  createTime: 2021-04-04T13:23:49.765Z,
  updateTime: 2021-04-04T13:23:49.765Z,
  _id: 6069beb8b306e7f18dd72efc,
  menuType: 1,
  menuState: 1,
  menuName: '系统管理',
  icon: 'Setting',
  path: '/system',
  __v: 0
},{
  parentId: [ null ],
  createTime: 2021-04-04T13:23:49.765Z,
  updateTime: 2021-05-23T08:09:22.386Z,
  _id: 6069bedfb306e7f18dd72efe,
  menuType: 1,
  menuState: 1,
  menuName: '审批管理',
  icon: 'Promotion',
  path: '/audit',
  __v: 0
},{
  parentId: [ 63f3125b5df9e02aedf2c137 ],
  createTime: 2022-10-20T05:28:45.581Z,
  updateTime: 2022-10-20T05:28:45.581Z,
  _id: 63f3126d5df9e02aedf2c13a,
  menuType: 1,
  menuState: 1,
  menuName: '点开就炒你鱿鱼',
  __v: 0
},{
  parentId: [ 63f3126d5df9e02aedf2c13a ],
  createTime: 2022-10-20T05:28:45.581Z,
  updateTime: 2022-10-20T05:28:45.581Z,
  _id: 63f3127f5df9e02aedf2c13d,
  menuType: 1,
  menuState: 1,
  menuName: '就炒你',
  __v: 0
},{
  parentId: [ 63f59891087fe67d6939ba33 ],
  createTime: 2023-02-20T14:12:21.347Z,
  updateTime: 2023-02-20T14:12:21.347Z,
  _id: 63f5cef8087fe67d6939e720,
  menuType: 1,
  menuState: 1,
  menuName: '菜单名称',
  menuCode: '',
  __v: 0
},{
  parentId: [ 63f71949087fe67d693a5226 ],
  createTime: 2023-02-20T14:12:21.347Z,
  updateTime: 2023-02-20T14:12:21.347Z,
  _id: 63f71998087fe67d693a5269,
  menuType: 2,
  menuState: 1,
  menuName: '测试按钮',
  icon: 'dffds',
  path: '/menu/add',
  menuCode: '2',
  __v: 0
},{
  parentId: [ 63f736bb087fe67d693a72c7 ],
  createTime: 2023-02-20T14:12:21.347Z,
  updateTime: 2023-02-23T09:55:28.999Z,
  _id: 63f736bb087fe67d693a72c7,
  menuType: 1,
  menuState: 1,
  menuName: '公关管理',
  icon: '',
  path: '/userfill/hao',
  __v: 0,
  component: 'Hao'
},{
  parentId: [ 63f736bb087fe67d693a72c7 ],
  createTime: 2023-02-20T14:12:21.347Z,
  updateTime: 2023-02-20T14:12:21.347Z,
  _id: 63f737d1087fe67d693a740b,
  menuType: 1,
  menuState: 1,
  menuName: '纳税管理',
  icon: '',
  path: '/userfill/ha',
  __v: 0
},{
  parentId: [ null ],
  createTime: 2023-02-20T14:12:21.347Z,
  updateTime: 2023-03-01T11:17:27.739Z,
  _id: 63fcc187087fe67d693b6d06,
  menuType: 1,
  menuState: 1,
  menuName: '测试farther',
  __v: 0,
  icon: '阿萨'
},{
  parentId: [ 63fcc187087fe67d693b6d06 ],
  createTime: 2023-02-20T14:12:21.347Z,
  updateTime: 2023-02-20T14:12:21.347Z,
  _id: 63fcc196087fe67d693b6d0e,
  menuType: 1,
  menuState: 1,
  menuName: '测试1',
  __v: 0
},{
  parentId: [ 63fcc187087fe67d693b6d06, 63fcc196087fe67d693b6d0e ],
  createTime: 2023-02-20T14:12:21.347Z,
  updateTime: 2023-02-20T14:12:21.347Z,
  _id: 63fdf2b3087fe67d693b7ad6,
  menuType: 1,
  menuState: 1,
  menuName: '地方士大夫',
  icon: '第三方士大夫',
  path: '士大夫是',
  __v: 0
},{
  parentId: [ 63fcc187087fe67d693b6d06 ],
  createTime: 2023-02-20T14:12:21.347Z,
  updateTime: 2023-02-20T14:12:21.347Z,
  _id: 63fdf2e0087fe67d693b7aec,
  menuType: 1,
  menuState: 1,
  menuName: '撒的',
  icon: '撒旦地方第三方',
  path: '阿松大阿萨的',
  __v: 0
},{
  parentId: [ 63fcc187087fe67d693b6d06, 63fdf2e0087fe67d693b7aec ],
  createTime: 2023-02-20T14:12:21.347Z,
  updateTime: 2023-02-20T14:12:21.347Z,
  _id: 63fdf353087fe67d693b7b00,
  menuType: 1,
  menuState: 1,
  menuName: '阿松大士大夫撒旦',
  icon: '撒旦地方第三方',
  path: '阿松大阿萨的',
  __v: 0
},{
  parentId: [
    63fcc187087fe67d693b6d06,
    63fdf2e0087fe67d693b7aec,
    63fdf353087fe67d693b7b00
  ],
  createTime: 2023-02-20T14:12:21.347Z,
  updateTime: 2023-02-20T14:12:21.347Z,
  _id: 63fdf441087fe67d693b7baf,
  menuType: 1,
  menuState: 1,
  menuName: 's爱的阿松大',
  icon: '撒旦阿萨d',
  path: '撒旦阿萨',
  __v: 0
},{
  parentId: [ 63fcc187087fe67d693b6d06, 63fdf2e0087fe67d693b7aec ],
  createTime: 2023-02-20T14:12:21.347Z,
  updateTime: 2023-02-20T14:12:21.347Z,
  _id: 63ff31b0087fe67d693b82d4,
  menuType: 1,
  menuState: 1,
  menuName: '阿松大',
  icon: '阿松大阿萨',
  path: '阿松大',
  __v: 0
},{
  parentId: [ 63fcc187087fe67d693b6d06 ],
  createTime: 2023-02-20T14:12:21.347Z,
  updateTime: 2023-02-20T14:12:21.347Z,
  _id: 63ff4492087fe67d693b8a51,
  menuType: 1,
  menuState: 0,
  menuName: 'ddd',
  icon: 'User',
  __v: 0
},{
  parentId: [ 63fcc187087fe67d693b6d06, 63ff4492087fe67d693b8a51 ],
  createTime: 2023-02-20T14:12:21.347Z,
  updateTime: 2023-02-20T14:12:21.347Z,
  _id: 63ff752e087fe67d693b8e37,
  menuType: 1,
  menuState: 1,
  menuName: '娃哈哈',
  icon: 'el-icon-setting',
  path: '/system/NewMenu',
  menuCode: '',
  __v: 0
},{
  parentId: [ 6069beb8b306e7f18dd72efc ],
  createTime: 2023-02-20T14:12:21.347Z,
  updateTime: 2023-02-20T14:12:21.347Z,
  _id: 6400c963087fe67d693b91c0,
  menuType: 1,
  menuState: 1,
  menuName: 'aaaaa',
  icon: 'assas',
  path: 'asas',
  __v: 0
},{
  parentId: [ 6069beb8b306e7f18dd72efc ],
  createTime: 2023-02-20T14:12:21.347Z,
  updateTime: 2023-02-20T14:12:21.347Z,
  _id: 6400c96e087fe67d693b91c2,
  menuType: 1,
  menuState: 1,
  menuName: 'aaaaa',
  icon: 'assas',
  path: 'asas',
  __v: 0
}
[2024-02-17T15:44:33.880] [INFO] info - get params:{"state":"1","pageNum":"1","pageSize":"10"}
[2024-02-17T15:44:33.881] [INFO] info - post params:{}
[2024-02-17T15:44:33.965] [INFO] info - get params:{}
[2024-02-17T15:44:33.965] [INFO] info - post params:{}
[2024-02-17T15:44:34.192] [INFO] info - get params:{}
[2024-02-17T15:44:34.192] [INFO] info - post params:{}
[2024-02-17T15:44:37.083] [INFO] info - get params:{"menuState":"1"}
[2024-02-17T15:44:37.083] [INFO] info - post params:{}
[2024-02-17T15:44:47.680] [INFO] info - get params:{"roleName":"","total":"0","pageNum":"1","pageSize":"10"}
[2024-02-17T15:44:47.680] [INFO] info - post params:{}
[2024-02-17T15:44:47.844] [INFO] info - get params:{}
[2024-02-17T15:44:47.844] [INFO] info - post params:{}
[2024-02-17T15:44:49.583] [INFO] info - get params:{}
[2024-02-17T15:44:49.583] [INFO] info - post params:{}
[2024-02-17T15:44:49.585] [INFO] info - get params:{"roleName":"","total":"0","pageNum":"1","pageSize":"10"}
[2024-02-17T15:44:49.586] [INFO] info - post params:{}
[2024-02-17T15:44:49.587] [INFO] info - get params:{}
[2024-02-17T15:44:49.587] [INFO] info - post params:{}
[2024-02-17T15:44:49.885] [INFO] info - get params:{}
[2024-02-17T15:44:49.885] [INFO] info - post params:{}
[2024-02-17T15:44:49.886] [INFO] info - getPermissionList:0
[2024-02-17T15:44:49.893] [INFO] info - getPermissionList:{
  parentId: [ 6069beb8b306e7f18dd72efc ],
  createTime: 2021-04-04T13:23:49.765Z,
  updateTime: 2021-05-16T13:33:43.236Z,
  _id: 6069bec6b306e7f18dd72efd,
  menuType: 1,
  menuState: 1,
  menuName: '用户管理',
  path: '/system/user',
  __v: 0,
  component: 'User'
},{
  parentId: [ 6069beb8b306e7f18dd72efc ],
  createTime: 2021-04-04T13:23:49.765Z,
  updateTime: 2021-05-16T13:33:54.312Z,
  _id: 6083d756c30e1188761493f2,
  menuType: 1,
  menuState: 1,
  menuName: '菜单管理',
  path: '/system/menu',
  __v: 0,
  component: 'Menu'
},{
  parentId: [ 6069beb8b306e7f18dd72efc ],
  createTime: 2021-04-24T05:00:05.659Z,
  updateTime: 2021-05-16T13:33:59.788Z,
  _id: 6083d76bc30e1188761493f3,
  menuType: 1,
  menuState: 1,
  menuName: '角色管理',
  path: '/system/role',
  __v: 0,
  component: 'Role'
},{
  parentId: [ 6069beb8b306e7f18dd72efc, 6083d756c30e1188761493f2 ],
  createTime: 2021-04-24T05:00:05.659Z,
  updateTime: 2021-04-24T05:00:05.659Z,
  _id: 6083f63bc30e1188761493f4,
  menuType: 2,
  menuState: 1,
  menuName: '查看',
  menuCode: 'menu_query',
  __v: 0
},{
  parentId: [ 6069beb8b306e7f18dd72efc, 6083d76bc30e1188761493f3 ],
  createTime: 2021-05-09T07:17:23.890Z,
  updateTime: 2021-05-16T09:40:51.253Z,
  _id: 60978d6a3c0c8738d016ca5f,
  menuType: 2,
  menuState: 1,
  menuName: '查看',
  menuCode: 'role-query',
  __v: 0
},{
  parentId: [ 6069beb8b306e7f18dd72efc ],
  createTime: 2021-05-09T07:17:23.890Z,
  updateTime: 2021-05-16T13:34:04.099Z,
  _id: 60979e4d3c0c8738d016ca60,
  menuType: 1,
  menuState: 1,
  menuName: '部门管理',
  path: '/system/dept',
  __v: 0,
  component: 'Dept'
},{
  parentId: [ 6069beb8b306e7f18dd72efc, 60979e4d3c0c8738d016ca60 ],
  createTime: 2021-05-09T07:17:23.890Z,
  updateTime: 2021-05-09T07:17:23.890Z,
  _id: 60979e5a3c0c8738d016ca61,
  menuType: 2,
  menuState: 1,
  menuName: '查看',
  menuCode: 'dept-query',
  __v: 0
},{
  parentId: [ 6069beb8b306e7f18dd72efc, 6069bec6b306e7f18dd72efd ],
  createTime: 2021-05-16T09:34:46.325Z,
  updateTime: 2021-05-16T09:34:46.325Z,
  _id: 60a0e80d92ea01921486ecac,
  menuType: 2,
  menuState: 1,
  menuName: '新增',
  menuCode: 'user-create',
  __v: 0
},{
  parentId: [ 6069beb8b306e7f18dd72efc, 6069bec6b306e7f18dd72efd ],
  createTime: 2021-05-16T09:34:46.325Z,
  updateTime: 2021-05-16T09:34:46.325Z,
  _id: 60a0e81c92ea01921486ecad,
  menuType: 2,
  menuState: 1,
  menuName: '编辑',
  menuCode: 'user-edit',
  __v: 0
},{
  parentId: [ 6069beb8b306e7f18dd72efc, 6069bec6b306e7f18dd72efd ],
  createTime: 2021-05-16T09:34:46.325Z,
  updateTime: 2021-05-16T09:34:46.325Z,
  _id: 60a0e82592ea01921486ecae,
  menuType: 2,
  menuState: 1,
  menuName: '删除',
  menuCode: 'user-delete',
  __v: 0
},{
  parentId: [ 6069beb8b306e7f18dd72efc, 6069bec6b306e7f18dd72efd ],
  createTime: 2021-05-16T09:34:46.325Z,
  updateTime: 2021-05-16T09:34:46.325Z,
  _id: 60a0e83392ea01921486ecaf,
  menuType: 2,
  menuState: 1,
  menuName: '批量删除',
  menuCode: 'user-patch-delete',
  __v: 0
},{
  parentId: [ 6069beb8b306e7f18dd72efc, 6083d756c30e1188761493f2 ],
  createTime: 2021-05-16T09:34:46.325Z,
  updateTime: 2021-05-16T09:34:46.325Z,
  _id: 60a0e84c92ea01921486ecb0,
  menuType: 2,
  menuState: 1,
  menuName: '新增',
  menuCode: 'menu-create',
  __v: 0
},{
  parentId: [ 6069beb8b306e7f18dd72efc, 6083d756c30e1188761493f2 ],
  createTime: 2021-05-16T09:34:46.325Z,
  updateTime: 2021-05-16T09:34:46.325Z,
  _id: 60a0e85392ea01921486ecb1,
  menuType: 2,
  menuState: 1,
  menuName: '编辑',
  menuCode: 'menu-edit',
  __v: 0
},{
  parentId: [ 6069beb8b306e7f18dd72efc, 6083d756c30e1188761493f2 ],
  createTime: 2021-05-16T09:34:46.325Z,
  updateTime: 2021-05-16T09:34:46.325Z,
  _id: 60a0e85c92ea01921486ecb2,
  menuType: 2,
  menuState: 1,
  menuName: '删除',
  menuCode: 'menu-delete',
  __v: 0
},{
  parentId: [ 6069beb8b306e7f18dd72efc, 6083d76bc30e1188761493f3 ],
  createTime: 2021-05-16T09:34:46.325Z,
  updateTime: 2021-05-16T09:34:46.325Z,
  _id: 60a0e87392ea01921486ecb3,
  menuType: 2,
  menuState: 1,
  menuName: '创建',
  menuCode: 'role-create',
  __v: 0
},{
  parentId: [ 6069beb8b306e7f18dd72efc, 6083d76bc30e1188761493f3 ],
  createTime: 2021-05-16T09:34:46.325Z,
  updateTime: 2021-05-16T09:34:46.325Z,
  _id: 60a0e87b92ea01921486ecb4,
  menuType: 2,
  menuState: 1,
  menuName: '编辑',
  menuCode: 'role-edit',
  __v: 0
},{
  parentId: [ 6069beb8b306e7f18dd72efc, 6083d76bc30e1188761493f3 ],
  createTime: 2021-05-16T09:34:46.325Z,
  updateTime: 2021-05-16T09:34:46.325Z,
  _id: 60a0e88792ea01921486ecb5,
  menuType: 2,
  menuState: 1,
  menuName: '设置权限',
  menuCode: 'role-setting',
  __v: 0
},{
  parentId: [ 6069beb8b306e7f18dd72efc, 6083d76bc30e1188761493f3 ],
  createTime: 2021-05-16T09:34:46.325Z,
  updateTime: 2021-05-16T09:34:46.325Z,
  _id: 60a0e89192ea01921486ecb6,
  menuType: 2,
  menuState: 1,
  menuName: '删除',
  menuCode: 'role-delete',
  __v: 0
},{
  parentId: [ 6069beb8b306e7f18dd72efc, 60979e4d3c0c8738d016ca60 ],
  createTime: 2021-05-09T07:17:23.890Z,
  updateTime: 2021-05-09T07:17:23.890Z,
  _id: 60a0e8b092ea01921486ecb7,
  menuType: 2,
  menuState: 1,
  menuName: '创建',
  menuCode: 'dept-create',
  __v: 0
},{
  parentId: [ 6069beb8b306e7f18dd72efc, 60979e4d3c0c8738d016ca60 ],
  createTime: 2021-05-09T07:17:23.890Z,
  updateTime: 2021-05-09T07:17:23.890Z,
  _id: 60a0e8b892ea01921486ecb8,
  menuType: 2,
  menuState: 1,
  menuName: '编辑',
  menuCode: 'dept-edit',
  __v: 0
},{
  parentId: [ 6069beb8b306e7f18dd72efc, 60979e4d3c0c8738d016ca60 ],
  createTime: 2021-05-09T07:17:23.890Z,
  updateTime: 2021-05-09T07:17:23.890Z,
  _id: 60a0e8c392ea01921486ecb9,
  menuType: 2,
  menuState: 1,
  menuName: '删除',
  menuCode: 'dept-delete',
  __v: 0
},{
  parentId: [ 6069bedfb306e7f18dd72efe ],
  createTime: 2021-05-23T08:38:08.857Z,
  updateTime: 2021-05-23T08:44:40.671Z,
  _id: 60aa14a5e6b0fa3dc8fb5024,
  menuType: 1,
  menuState: 1,
  menuName: '休假申请',
  path: '/audit/leave',
  __v: 0,
  component: 'Leave'
},{
  parentId: [ 6069bedfb306e7f18dd72efe ],
  createTime: 2021-05-23T08:38:08.857Z,
  updateTime: 2021-05-29T10:23:47.974Z,
  _id: 60aa14b6e6b0fa3dc8fb5025,
  menuType: 1,
  menuState: 1,
  menuName: '待审批',
  path: '/audit/approve',
  __v: 0,
  component: 'Approve'
},{
  parentId: [ 6069bedfb306e7f18dd72efe, 60aa14a5e6b0fa3dc8fb5024 ],
  createTime: 2021-05-23T08:44:03.968Z,
  updateTime: 2021-05-23T08:44:03.968Z,
  _id: 60aa1675a19f033ebc1c7f92,
  menuType: 2,
  menuState: 1,
  menuName: '查看',
  menuCode: 'leave-query',
  __v: 0
},{
  parentId: [ 6069bedfb306e7f18dd72efe, 60aa14b6e6b0fa3dc8fb5025 ],
  createTime: 2021-05-23T08:38:08.857Z,
  updateTime: 2021-05-29T10:10:52.079Z,
  _id: 60b2164931165fbf56a7d674,
  menuType: 2,
  menuState: 1,
  menuName: '查看',
  __v: 0,
  menuCode: 'approve-query'
},{
  parentId: [ 6069bedfb306e7f18dd72efe, 60aa14b6e6b0fa3dc8fb5025 ],
  createTime: 2021-05-23T08:38:08.857Z,
  updateTime: 2021-05-29T10:10:52.079Z,
  _id: 60b2165f31165fbf56a7d675,
  menuType: 2,
  menuState: 1,
  menuName: '审核',
  __v: 0,
  menuCode: 'approve-check'
},{
  parentId: [ null ],
  createTime: 2021-04-04T13:23:49.765Z,
  updateTime: 2021-04-04T13:23:49.765Z,
  _id: 6069beb8b306e7f18dd72efc,
  menuType: 1,
  menuState: 1,
  menuName: '系统管理',
  icon: 'Setting',
  path: '/system',
  __v: 0
},{
  parentId: [ null ],
  createTime: 2021-04-04T13:23:49.765Z,
  updateTime: 2021-05-23T08:09:22.386Z,
  _id: 6069bedfb306e7f18dd72efe,
  menuType: 1,
  menuState: 1,
  menuName: '审批管理',
  icon: 'Promotion',
  path: '/audit',
  __v: 0
},{
  parentId: [ 63f3125b5df9e02aedf2c137 ],
  createTime: 2022-10-20T05:28:45.581Z,
  updateTime: 2022-10-20T05:28:45.581Z,
  _id: 63f3126d5df9e02aedf2c13a,
  menuType: 1,
  menuState: 1,
  menuName: '点开就炒你鱿鱼',
  __v: 0
},{
  parentId: [ 63f3126d5df9e02aedf2c13a ],
  createTime: 2022-10-20T05:28:45.581Z,
  updateTime: 2022-10-20T05:28:45.581Z,
  _id: 63f3127f5df9e02aedf2c13d,
  menuType: 1,
  menuState: 1,
  menuName: '就炒你',
  __v: 0
},{
  parentId: [ 63f59891087fe67d6939ba33 ],
  createTime: 2023-02-20T14:12:21.347Z,
  updateTime: 2023-02-20T14:12:21.347Z,
  _id: 63f5cef8087fe67d6939e720,
  menuType: 1,
  menuState: 1,
  menuName: '菜单名称',
  menuCode: '',
  __v: 0
},{
  parentId: [ 63f71949087fe67d693a5226 ],
  createTime: 2023-02-20T14:12:21.347Z,
  updateTime: 2023-02-20T14:12:21.347Z,
  _id: 63f71998087fe67d693a5269,
  menuType: 2,
  menuState: 1,
  menuName: '测试按钮',
  icon: 'dffds',
  path: '/menu/add',
  menuCode: '2',
  __v: 0
},{
  parentId: [ 63f736bb087fe67d693a72c7 ],
  createTime: 2023-02-20T14:12:21.347Z,
  updateTime: 2023-02-23T09:55:28.999Z,
  _id: 63f736bb087fe67d693a72c7,
  menuType: 1,
  menuState: 1,
  menuName: '公关管理',
  icon: '',
  path: '/userfill/hao',
  __v: 0,
  component: 'Hao'
},{
  parentId: [ 63f736bb087fe67d693a72c7 ],
  createTime: 2023-02-20T14:12:21.347Z,
  updateTime: 2023-02-20T14:12:21.347Z,
  _id: 63f737d1087fe67d693a740b,
  menuType: 1,
  menuState: 1,
  menuName: '纳税管理',
  icon: '',
  path: '/userfill/ha',
  __v: 0
},{
  parentId: [ null ],
  createTime: 2023-02-20T14:12:21.347Z,
  updateTime: 2023-03-01T11:17:27.739Z,
  _id: 63fcc187087fe67d693b6d06,
  menuType: 1,
  menuState: 1,
  menuName: '测试farther',
  __v: 0,
  icon: '阿萨'
},{
  parentId: [ 63fcc187087fe67d693b6d06 ],
  createTime: 2023-02-20T14:12:21.347Z,
  updateTime: 2023-02-20T14:12:21.347Z,
  _id: 63fcc196087fe67d693b6d0e,
  menuType: 1,
  menuState: 1,
  menuName: '测试1',
  __v: 0
},{
  parentId: [ 63fcc187087fe67d693b6d06, 63fcc196087fe67d693b6d0e ],
  createTime: 2023-02-20T14:12:21.347Z,
  updateTime: 2023-02-20T14:12:21.347Z,
  _id: 63fdf2b3087fe67d693b7ad6,
  menuType: 1,
  menuState: 1,
  menuName: '地方士大夫',
  icon: '第三方士大夫',
  path: '士大夫是',
  __v: 0
},{
  parentId: [ 63fcc187087fe67d693b6d06 ],
  createTime: 2023-02-20T14:12:21.347Z,
  updateTime: 2023-02-20T14:12:21.347Z,
  _id: 63fdf2e0087fe67d693b7aec,
  menuType: 1,
  menuState: 1,
  menuName: '撒的',
  icon: '撒旦地方第三方',
  path: '阿松大阿萨的',
  __v: 0
},{
  parentId: [ 63fcc187087fe67d693b6d06, 63fdf2e0087fe67d693b7aec ],
  createTime: 2023-02-20T14:12:21.347Z,
  updateTime: 2023-02-20T14:12:21.347Z,
  _id: 63fdf353087fe67d693b7b00,
  menuType: 1,
  menuState: 1,
  menuName: '阿松大士大夫撒旦',
  icon: '撒旦地方第三方',
  path: '阿松大阿萨的',
  __v: 0
},{
  parentId: [
    63fcc187087fe67d693b6d06,
    63fdf2e0087fe67d693b7aec,
    63fdf353087fe67d693b7b00
  ],
  createTime: 2023-02-20T14:12:21.347Z,
  updateTime: 2023-02-20T14:12:21.347Z,
  _id: 63fdf441087fe67d693b7baf,
  menuType: 1,
  menuState: 1,
  menuName: 's爱的阿松大',
  icon: '撒旦阿萨d',
  path: '撒旦阿萨',
  __v: 0
},{
  parentId: [ 63fcc187087fe67d693b6d06, 63fdf2e0087fe67d693b7aec ],
  createTime: 2023-02-20T14:12:21.347Z,
  updateTime: 2023-02-20T14:12:21.347Z,
  _id: 63ff31b0087fe67d693b82d4,
  menuType: 1,
  menuState: 1,
  menuName: '阿松大',
  icon: '阿松大阿萨',
  path: '阿松大',
  __v: 0
},{
  parentId: [ 63fcc187087fe67d693b6d06 ],
  createTime: 2023-02-20T14:12:21.347Z,
  updateTime: 2023-02-20T14:12:21.347Z,
  _id: 63ff4492087fe67d693b8a51,
  menuType: 1,
  menuState: 0,
  menuName: 'ddd',
  icon: 'User',
  __v: 0
},{
  parentId: [ 63fcc187087fe67d693b6d06, 63ff4492087fe67d693b8a51 ],
  createTime: 2023-02-20T14:12:21.347Z,
  updateTime: 2023-02-20T14:12:21.347Z,
  _id: 63ff752e087fe67d693b8e37,
  menuType: 1,
  menuState: 1,
  menuName: '娃哈哈',
  icon: 'el-icon-setting',
  path: '/system/NewMenu',
  menuCode: '',
  __v: 0
},{
  parentId: [ 6069beb8b306e7f18dd72efc ],
  createTime: 2023-02-20T14:12:21.347Z,
  updateTime: 2023-02-20T14:12:21.347Z,
  _id: 6400c963087fe67d693b91c0,
  menuType: 1,
  menuState: 1,
  menuName: 'aaaaa',
  icon: 'assas',
  path: 'asas',
  __v: 0
},{
  parentId: [ 6069beb8b306e7f18dd72efc ],
  createTime: 2023-02-20T14:12:21.347Z,
  updateTime: 2023-02-20T14:12:21.347Z,
  _id: 6400c96e087fe67d693b91c2,
  menuType: 1,
  menuState: 1,
  menuName: 'aaaaa',
  icon: 'assas',
  path: 'asas',
  __v: 0
}
[2024-02-17T15:44:53.654] [INFO] info - get params:{"menuState":"1"}
[2024-02-17T15:44:53.655] [INFO] info - post params:{}
[2024-02-17T15:44:59.156] [INFO] info - get params:{}
[2024-02-17T15:44:59.156] [INFO] info - post params:{"_id":"6400c963087fe67d693b91c0","action":"delete"}
[2024-02-17T15:44:59.478] [INFO] info - get params:{"menuState":"1"}
[2024-02-17T15:44:59.478] [INFO] info - post params:{}
[2024-02-17T15:45:03.253] [INFO] info - get params:{}
[2024-02-17T15:45:03.253] [INFO] info - post params:{"_id":"6400c96e087fe67d693b91c2","action":"delete"}
[2024-02-17T15:45:03.564] [INFO] info - get params:{"menuState":"1"}
[2024-02-17T15:45:03.564] [INFO] info - post params:{}
[2024-02-17T15:45:04.764] [INFO] info - get params:{}
[2024-02-17T15:45:04.765] [INFO] info - post params:{}
[2024-02-17T15:45:04.765] [INFO] info - getPermissionList:0
[2024-02-17T15:45:04.773] [INFO] info - getPermissionList:{
  parentId: [ 6069beb8b306e7f18dd72efc ],
  createTime: 2021-04-04T13:23:49.765Z,
  updateTime: 2021-05-16T13:33:43.236Z,
  _id: 6069bec6b306e7f18dd72efd,
  menuType: 1,
  menuState: 1,
  menuName: '用户管理',
  path: '/system/user',
  __v: 0,
  component: 'User'
},{
  parentId: [ 6069beb8b306e7f18dd72efc ],
  createTime: 2021-04-04T13:23:49.765Z,
  updateTime: 2021-05-16T13:33:54.312Z,
  _id: 6083d756c30e1188761493f2,
  menuType: 1,
  menuState: 1,
  menuName: '菜单管理',
  path: '/system/menu',
  __v: 0,
  component: 'Menu'
},{
  parentId: [ 6069beb8b306e7f18dd72efc ],
  createTime: 2021-04-24T05:00:05.659Z,
  updateTime: 2021-05-16T13:33:59.788Z,
  _id: 6083d76bc30e1188761493f3,
  menuType: 1,
  menuState: 1,
  menuName: '角色管理',
  path: '/system/role',
  __v: 0,
  component: 'Role'
},{
  parentId: [ 6069beb8b306e7f18dd72efc, 6083d756c30e1188761493f2 ],
  createTime: 2021-04-24T05:00:05.659Z,
  updateTime: 2021-04-24T05:00:05.659Z,
  _id: 6083f63bc30e1188761493f4,
  menuType: 2,
  menuState: 1,
  menuName: '查看',
  menuCode: 'menu_query',
  __v: 0
},{
  parentId: [ 6069beb8b306e7f18dd72efc, 6083d76bc30e1188761493f3 ],
  createTime: 2021-05-09T07:17:23.890Z,
  updateTime: 2021-05-16T09:40:51.253Z,
  _id: 60978d6a3c0c8738d016ca5f,
  menuType: 2,
  menuState: 1,
  menuName: '查看',
  menuCode: 'role-query',
  __v: 0
},{
  parentId: [ 6069beb8b306e7f18dd72efc ],
  createTime: 2021-05-09T07:17:23.890Z,
  updateTime: 2021-05-16T13:34:04.099Z,
  _id: 60979e4d3c0c8738d016ca60,
  menuType: 1,
  menuState: 1,
  menuName: '部门管理',
  path: '/system/dept',
  __v: 0,
  component: 'Dept'
},{
  parentId: [ 6069beb8b306e7f18dd72efc, 60979e4d3c0c8738d016ca60 ],
  createTime: 2021-05-09T07:17:23.890Z,
  updateTime: 2021-05-09T07:17:23.890Z,
  _id: 60979e5a3c0c8738d016ca61,
  menuType: 2,
  menuState: 1,
  menuName: '查看',
  menuCode: 'dept-query',
  __v: 0
},{
  parentId: [ 6069beb8b306e7f18dd72efc, 6069bec6b306e7f18dd72efd ],
  createTime: 2021-05-16T09:34:46.325Z,
  updateTime: 2021-05-16T09:34:46.325Z,
  _id: 60a0e80d92ea01921486ecac,
  menuType: 2,
  menuState: 1,
  menuName: '新增',
  menuCode: 'user-create',
  __v: 0
},{
  parentId: [ 6069beb8b306e7f18dd72efc, 6069bec6b306e7f18dd72efd ],
  createTime: 2021-05-16T09:34:46.325Z,
  updateTime: 2021-05-16T09:34:46.325Z,
  _id: 60a0e81c92ea01921486ecad,
  menuType: 2,
  menuState: 1,
  menuName: '编辑',
  menuCode: 'user-edit',
  __v: 0
},{
  parentId: [ 6069beb8b306e7f18dd72efc, 6069bec6b306e7f18dd72efd ],
  createTime: 2021-05-16T09:34:46.325Z,
  updateTime: 2021-05-16T09:34:46.325Z,
  _id: 60a0e82592ea01921486ecae,
  menuType: 2,
  menuState: 1,
  menuName: '删除',
  menuCode: 'user-delete',
  __v: 0
},{
  parentId: [ 6069beb8b306e7f18dd72efc, 6069bec6b306e7f18dd72efd ],
  createTime: 2021-05-16T09:34:46.325Z,
  updateTime: 2021-05-16T09:34:46.325Z,
  _id: 60a0e83392ea01921486ecaf,
  menuType: 2,
  menuState: 1,
  menuName: '批量删除',
  menuCode: 'user-patch-delete',
  __v: 0
},{
  parentId: [ 6069beb8b306e7f18dd72efc, 6083d756c30e1188761493f2 ],
  createTime: 2021-05-16T09:34:46.325Z,
  updateTime: 2021-05-16T09:34:46.325Z,
  _id: 60a0e84c92ea01921486ecb0,
  menuType: 2,
  menuState: 1,
  menuName: '新增',
  menuCode: 'menu-create',
  __v: 0
},{
  parentId: [ 6069beb8b306e7f18dd72efc, 6083d756c30e1188761493f2 ],
  createTime: 2021-05-16T09:34:46.325Z,
  updateTime: 2021-05-16T09:34:46.325Z,
  _id: 60a0e85392ea01921486ecb1,
  menuType: 2,
  menuState: 1,
  menuName: '编辑',
  menuCode: 'menu-edit',
  __v: 0
},{
  parentId: [ 6069beb8b306e7f18dd72efc, 6083d756c30e1188761493f2 ],
  createTime: 2021-05-16T09:34:46.325Z,
  updateTime: 2021-05-16T09:34:46.325Z,
  _id: 60a0e85c92ea01921486ecb2,
  menuType: 2,
  menuState: 1,
  menuName: '删除',
  menuCode: 'menu-delete',
  __v: 0
},{
  parentId: [ 6069beb8b306e7f18dd72efc, 6083d76bc30e1188761493f3 ],
  createTime: 2021-05-16T09:34:46.325Z,
  updateTime: 2021-05-16T09:34:46.325Z,
  _id: 60a0e87392ea01921486ecb3,
  menuType: 2,
  menuState: 1,
  menuName: '创建',
  menuCode: 'role-create',
  __v: 0
},{
  parentId: [ 6069beb8b306e7f18dd72efc, 6083d76bc30e1188761493f3 ],
  createTime: 2021-05-16T09:34:46.325Z,
  updateTime: 2021-05-16T09:34:46.325Z,
  _id: 60a0e87b92ea01921486ecb4,
  menuType: 2,
  menuState: 1,
  menuName: '编辑',
  menuCode: 'role-edit',
  __v: 0
},{
  parentId: [ 6069beb8b306e7f18dd72efc, 6083d76bc30e1188761493f3 ],
  createTime: 2021-05-16T09:34:46.325Z,
  updateTime: 2021-05-16T09:34:46.325Z,
  _id: 60a0e88792ea01921486ecb5,
  menuType: 2,
  menuState: 1,
  menuName: '设置权限',
  menuCode: 'role-setting',
  __v: 0
},{
  parentId: [ 6069beb8b306e7f18dd72efc, 6083d76bc30e1188761493f3 ],
  createTime: 2021-05-16T09:34:46.325Z,
  updateTime: 2021-05-16T09:34:46.325Z,
  _id: 60a0e89192ea01921486ecb6,
  menuType: 2,
  menuState: 1,
  menuName: '删除',
  menuCode: 'role-delete',
  __v: 0
},{
  parentId: [ 6069beb8b306e7f18dd72efc, 60979e4d3c0c8738d016ca60 ],
  createTime: 2021-05-09T07:17:23.890Z,
  updateTime: 2021-05-09T07:17:23.890Z,
  _id: 60a0e8b092ea01921486ecb7,
  menuType: 2,
  menuState: 1,
  menuName: '创建',
  menuCode: 'dept-create',
  __v: 0
},{
  parentId: [ 6069beb8b306e7f18dd72efc, 60979e4d3c0c8738d016ca60 ],
  createTime: 2021-05-09T07:17:23.890Z,
  updateTime: 2021-05-09T07:17:23.890Z,
  _id: 60a0e8b892ea01921486ecb8,
  menuType: 2,
  menuState: 1,
  menuName: '编辑',
  menuCode: 'dept-edit',
  __v: 0
},{
  parentId: [ 6069beb8b306e7f18dd72efc, 60979e4d3c0c8738d016ca60 ],
  createTime: 2021-05-09T07:17:23.890Z,
  updateTime: 2021-05-09T07:17:23.890Z,
  _id: 60a0e8c392ea01921486ecb9,
  menuType: 2,
  menuState: 1,
  menuName: '删除',
  menuCode: 'dept-delete',
  __v: 0
},{
  parentId: [ 6069bedfb306e7f18dd72efe ],
  createTime: 2021-05-23T08:38:08.857Z,
  updateTime: 2021-05-23T08:44:40.671Z,
  _id: 60aa14a5e6b0fa3dc8fb5024,
  menuType: 1,
  menuState: 1,
  menuName: '休假申请',
  path: '/audit/leave',
  __v: 0,
  component: 'Leave'
},{
  parentId: [ 6069bedfb306e7f18dd72efe ],
  createTime: 2021-05-23T08:38:08.857Z,
  updateTime: 2021-05-29T10:23:47.974Z,
  _id: 60aa14b6e6b0fa3dc8fb5025,
  menuType: 1,
  menuState: 1,
  menuName: '待审批',
  path: '/audit/approve',
  __v: 0,
  component: 'Approve'
},{
  parentId: [ 6069bedfb306e7f18dd72efe, 60aa14a5e6b0fa3dc8fb5024 ],
  createTime: 2021-05-23T08:44:03.968Z,
  updateTime: 2021-05-23T08:44:03.968Z,
  _id: 60aa1675a19f033ebc1c7f92,
  menuType: 2,
  menuState: 1,
  menuName: '查看',
  menuCode: 'leave-query',
  __v: 0
},{
  parentId: [ 6069bedfb306e7f18dd72efe, 60aa14b6e6b0fa3dc8fb5025 ],
  createTime: 2021-05-23T08:38:08.857Z,
  updateTime: 2021-05-29T10:10:52.079Z,
  _id: 60b2164931165fbf56a7d674,
  menuType: 2,
  menuState: 1,
  menuName: '查看',
  __v: 0,
  menuCode: 'approve-query'
},{
  parentId: [ 6069bedfb306e7f18dd72efe, 60aa14b6e6b0fa3dc8fb5025 ],
  createTime: 2021-05-23T08:38:08.857Z,
  updateTime: 2021-05-29T10:10:52.079Z,
  _id: 60b2165f31165fbf56a7d675,
  menuType: 2,
  menuState: 1,
  menuName: '审核',
  __v: 0,
  menuCode: 'approve-check'
},{
  parentId: [ null ],
  createTime: 2021-04-04T13:23:49.765Z,
  updateTime: 2021-04-04T13:23:49.765Z,
  _id: 6069beb8b306e7f18dd72efc,
  menuType: 1,
  menuState: 1,
  menuName: '系统管理',
  icon: 'Setting',
  path: '/system',
  __v: 0
},{
  parentId: [ null ],
  createTime: 2021-04-04T13:23:49.765Z,
  updateTime: 2021-05-23T08:09:22.386Z,
  _id: 6069bedfb306e7f18dd72efe,
  menuType: 1,
  menuState: 1,
  menuName: '审批管理',
  icon: 'Promotion',
  path: '/audit',
  __v: 0
},{
  parentId: [ 63f3125b5df9e02aedf2c137 ],
  createTime: 2022-10-20T05:28:45.581Z,
  updateTime: 2022-10-20T05:28:45.581Z,
  _id: 63f3126d5df9e02aedf2c13a,
  menuType: 1,
  menuState: 1,
  menuName: '点开就炒你鱿鱼',
  __v: 0
},{
  parentId: [ 63f3126d5df9e02aedf2c13a ],
  createTime: 2022-10-20T05:28:45.581Z,
  updateTime: 2022-10-20T05:28:45.581Z,
  _id: 63f3127f5df9e02aedf2c13d,
  menuType: 1,
  menuState: 1,
  menuName: '就炒你',
  __v: 0
},{
  parentId: [ 63f59891087fe67d6939ba33 ],
  createTime: 2023-02-20T14:12:21.347Z,
  updateTime: 2023-02-20T14:12:21.347Z,
  _id: 63f5cef8087fe67d6939e720,
  menuType: 1,
  menuState: 1,
  menuName: '菜单名称',
  menuCode: '',
  __v: 0
},{
  parentId: [ 63f71949087fe67d693a5226 ],
  createTime: 2023-02-20T14:12:21.347Z,
  updateTime: 2023-02-20T14:12:21.347Z,
  _id: 63f71998087fe67d693a5269,
  menuType: 2,
  menuState: 1,
  menuName: '测试按钮',
  icon: 'dffds',
  path: '/menu/add',
  menuCode: '2',
  __v: 0
},{
  parentId: [ 63f736bb087fe67d693a72c7 ],
  createTime: 2023-02-20T14:12:21.347Z,
  updateTime: 2023-02-23T09:55:28.999Z,
  _id: 63f736bb087fe67d693a72c7,
  menuType: 1,
  menuState: 1,
  menuName: '公关管理',
  icon: '',
  path: '/userfill/hao',
  __v: 0,
  component: 'Hao'
},{
  parentId: [ 63f736bb087fe67d693a72c7 ],
  createTime: 2023-02-20T14:12:21.347Z,
  updateTime: 2023-02-20T14:12:21.347Z,
  _id: 63f737d1087fe67d693a740b,
  menuType: 1,
  menuState: 1,
  menuName: '纳税管理',
  icon: '',
  path: '/userfill/ha',
  __v: 0
},{
  parentId: [ null ],
  createTime: 2023-02-20T14:12:21.347Z,
  updateTime: 2023-03-01T11:17:27.739Z,
  _id: 63fcc187087fe67d693b6d06,
  menuType: 1,
  menuState: 1,
  menuName: '测试farther',
  __v: 0,
  icon: '阿萨'
},{
  parentId: [ 63fcc187087fe67d693b6d06 ],
  createTime: 2023-02-20T14:12:21.347Z,
  updateTime: 2023-02-20T14:12:21.347Z,
  _id: 63fcc196087fe67d693b6d0e,
  menuType: 1,
  menuState: 1,
  menuName: '测试1',
  __v: 0
},{
  parentId: [ 63fcc187087fe67d693b6d06, 63fcc196087fe67d693b6d0e ],
  createTime: 2023-02-20T14:12:21.347Z,
  updateTime: 2023-02-20T14:12:21.347Z,
  _id: 63fdf2b3087fe67d693b7ad6,
  menuType: 1,
  menuState: 1,
  menuName: '地方士大夫',
  icon: '第三方士大夫',
  path: '士大夫是',
  __v: 0
},{
  parentId: [ 63fcc187087fe67d693b6d06 ],
  createTime: 2023-02-20T14:12:21.347Z,
  updateTime: 2023-02-20T14:12:21.347Z,
  _id: 63fdf2e0087fe67d693b7aec,
  menuType: 1,
  menuState: 1,
  menuName: '撒的',
  icon: '撒旦地方第三方',
  path: '阿松大阿萨的',
  __v: 0
},{
  parentId: [ 63fcc187087fe67d693b6d06, 63fdf2e0087fe67d693b7aec ],
  createTime: 2023-02-20T14:12:21.347Z,
  updateTime: 2023-02-20T14:12:21.347Z,
  _id: 63fdf353087fe67d693b7b00,
  menuType: 1,
  menuState: 1,
  menuName: '阿松大士大夫撒旦',
  icon: '撒旦地方第三方',
  path: '阿松大阿萨的',
  __v: 0
},{
  parentId: [
    63fcc187087fe67d693b6d06,
    63fdf2e0087fe67d693b7aec,
    63fdf353087fe67d693b7b00
  ],
  createTime: 2023-02-20T14:12:21.347Z,
  updateTime: 2023-02-20T14:12:21.347Z,
  _id: 63fdf441087fe67d693b7baf,
  menuType: 1,
  menuState: 1,
  menuName: 's爱的阿松大',
  icon: '撒旦阿萨d',
  path: '撒旦阿萨',
  __v: 0
},{
  parentId: [ 63fcc187087fe67d693b6d06, 63fdf2e0087fe67d693b7aec ],
  createTime: 2023-02-20T14:12:21.347Z,
  updateTime: 2023-02-20T14:12:21.347Z,
  _id: 63ff31b0087fe67d693b82d4,
  menuType: 1,
  menuState: 1,
  menuName: '阿松大',
  icon: '阿松大阿萨',
  path: '阿松大',
  __v: 0
},{
  parentId: [ 63fcc187087fe67d693b6d06 ],
  createTime: 2023-02-20T14:12:21.347Z,
  updateTime: 2023-02-20T14:12:21.347Z,
  _id: 63ff4492087fe67d693b8a51,
  menuType: 1,
  menuState: 0,
  menuName: 'ddd',
  icon: 'User',
  __v: 0
},{
  parentId: [ 63fcc187087fe67d693b6d06, 63ff4492087fe67d693b8a51 ],
  createTime: 2023-02-20T14:12:21.347Z,
  updateTime: 2023-02-20T14:12:21.347Z,
  _id: 63ff752e087fe67d693b8e37,
  menuType: 1,
  menuState: 1,
  menuName: '娃哈哈',
  icon: 'el-icon-setting',
  path: '/system/NewMenu',
  menuCode: '',
  __v: 0
},{
  parentId: [ 6069beb8b306e7f18dd72efc ],
  createTime: 2023-02-20T14:12:21.347Z,
  updateTime: 2023-02-20T14:12:21.347Z,
  _id: 6400c963087fe67d693b91c0,
  menuType: 1,
  menuState: 1,
  menuName: 'aaaaa',
  icon: 'assas',
  path: 'asas',
  __v: 0
},{
  parentId: [ 6069beb8b306e7f18dd72efc ],
  createTime: 2023-02-20T14:12:21.347Z,
  updateTime: 2023-02-20T14:12:21.347Z,
  _id: 6400c96e087fe67d693b91c2,
  menuType: 1,
  menuState: 1,
  menuName: 'aaaaa',
  icon: 'assas',
  path: 'asas',
  __v: 0
}
[2024-02-17T15:45:05.006] [INFO] info - get params:{}
[2024-02-17T15:45:05.006] [INFO] info - post params:{}
[2024-02-17T15:45:05.008] [INFO] info - get params:{"menuState":"1"}
[2024-02-17T15:45:05.008] [INFO] info - post params:{}
[2024-02-17T15:45:05.009] [INFO] info - get params:{}
[2024-02-17T15:45:05.010] [INFO] info - post params:{}
[2024-02-17T15:45:05.010] [INFO] info - getPermissionList:0
[2024-02-17T15:45:05.030] [INFO] info - getPermissionList:{
  parentId: [ 6069beb8b306e7f18dd72efc ],
  createTime: 2021-04-04T13:23:49.765Z,
  updateTime: 2021-05-16T13:33:43.236Z,
  _id: 6069bec6b306e7f18dd72efd,
  menuType: 1,
  menuState: 1,
  menuName: '用户管理',
  path: '/system/user',
  __v: 0,
  component: 'User'
},{
  parentId: [ 6069beb8b306e7f18dd72efc ],
  createTime: 2021-04-04T13:23:49.765Z,
  updateTime: 2021-05-16T13:33:54.312Z,
  _id: 6083d756c30e1188761493f2,
  menuType: 1,
  menuState: 1,
  menuName: '菜单管理',
  path: '/system/menu',
  __v: 0,
  component: 'Menu'
},{
  parentId: [ 6069beb8b306e7f18dd72efc ],
  createTime: 2021-04-24T05:00:05.659Z,
  updateTime: 2021-05-16T13:33:59.788Z,
  _id: 6083d76bc30e1188761493f3,
  menuType: 1,
  menuState: 1,
  menuName: '角色管理',
  path: '/system/role',
  __v: 0,
  component: 'Role'
},{
  parentId: [ 6069beb8b306e7f18dd72efc, 6083d756c30e1188761493f2 ],
  createTime: 2021-04-24T05:00:05.659Z,
  updateTime: 2021-04-24T05:00:05.659Z,
  _id: 6083f63bc30e1188761493f4,
  menuType: 2,
  menuState: 1,
  menuName: '查看',
  menuCode: 'menu_query',
  __v: 0
},{
  parentId: [ 6069beb8b306e7f18dd72efc, 6083d76bc30e1188761493f3 ],
  createTime: 2021-05-09T07:17:23.890Z,
  updateTime: 2021-05-16T09:40:51.253Z,
  _id: 60978d6a3c0c8738d016ca5f,
  menuType: 2,
  menuState: 1,
  menuName: '查看',
  menuCode: 'role-query',
  __v: 0
},{
  parentId: [ 6069beb8b306e7f18dd72efc ],
  createTime: 2021-05-09T07:17:23.890Z,
  updateTime: 2021-05-16T13:34:04.099Z,
  _id: 60979e4d3c0c8738d016ca60,
  menuType: 1,
  menuState: 1,
  menuName: '部门管理',
  path: '/system/dept',
  __v: 0,
  component: 'Dept'
},{
  parentId: [ 6069beb8b306e7f18dd72efc, 60979e4d3c0c8738d016ca60 ],
  createTime: 2021-05-09T07:17:23.890Z,
  updateTime: 2021-05-09T07:17:23.890Z,
  _id: 60979e5a3c0c8738d016ca61,
  menuType: 2,
  menuState: 1,
  menuName: '查看',
  menuCode: 'dept-query',
  __v: 0
},{
  parentId: [ 6069beb8b306e7f18dd72efc, 6069bec6b306e7f18dd72efd ],
  createTime: 2021-05-16T09:34:46.325Z,
  updateTime: 2021-05-16T09:34:46.325Z,
  _id: 60a0e80d92ea01921486ecac,
  menuType: 2,
  menuState: 1,
  menuName: '新增',
  menuCode: 'user-create',
  __v: 0
},{
  parentId: [ 6069beb8b306e7f18dd72efc, 6069bec6b306e7f18dd72efd ],
  createTime: 2021-05-16T09:34:46.325Z,
  updateTime: 2021-05-16T09:34:46.325Z,
  _id: 60a0e81c92ea01921486ecad,
  menuType: 2,
  menuState: 1,
  menuName: '编辑',
  menuCode: 'user-edit',
  __v: 0
},{
  parentId: [ 6069beb8b306e7f18dd72efc, 6069bec6b306e7f18dd72efd ],
  createTime: 2021-05-16T09:34:46.325Z,
  updateTime: 2021-05-16T09:34:46.325Z,
  _id: 60a0e82592ea01921486ecae,
  menuType: 2,
  menuState: 1,
  menuName: '删除',
  menuCode: 'user-delete',
  __v: 0
},{
  parentId: [ 6069beb8b306e7f18dd72efc, 6069bec6b306e7f18dd72efd ],
  createTime: 2021-05-16T09:34:46.325Z,
  updateTime: 2021-05-16T09:34:46.325Z,
  _id: 60a0e83392ea01921486ecaf,
  menuType: 2,
  menuState: 1,
  menuName: '批量删除',
  menuCode: 'user-patch-delete',
  __v: 0
},{
  parentId: [ 6069beb8b306e7f18dd72efc, 6083d756c30e1188761493f2 ],
  createTime: 2021-05-16T09:34:46.325Z,
  updateTime: 2021-05-16T09:34:46.325Z,
  _id: 60a0e84c92ea01921486ecb0,
  menuType: 2,
  menuState: 1,
  menuName: '新增',
  menuCode: 'menu-create',
  __v: 0
},{
  parentId: [ 6069beb8b306e7f18dd72efc, 6083d756c30e1188761493f2 ],
  createTime: 2021-05-16T09:34:46.325Z,
  updateTime: 2021-05-16T09:34:46.325Z,
  _id: 60a0e85392ea01921486ecb1,
  menuType: 2,
  menuState: 1,
  menuName: '编辑',
  menuCode: 'menu-edit',
  __v: 0
},{
  parentId: [ 6069beb8b306e7f18dd72efc, 6083d756c30e1188761493f2 ],
  createTime: 2021-05-16T09:34:46.325Z,
  updateTime: 2021-05-16T09:34:46.325Z,
  _id: 60a0e85c92ea01921486ecb2,
  menuType: 2,
  menuState: 1,
  menuName: '删除',
  menuCode: 'menu-delete',
  __v: 0
},{
  parentId: [ 6069beb8b306e7f18dd72efc, 6083d76bc30e1188761493f3 ],
  createTime: 2021-05-16T09:34:46.325Z,
  updateTime: 2021-05-16T09:34:46.325Z,
  _id: 60a0e87392ea01921486ecb3,
  menuType: 2,
  menuState: 1,
  menuName: '创建',
  menuCode: 'role-create',
  __v: 0
},{
  parentId: [ 6069beb8b306e7f18dd72efc, 6083d76bc30e1188761493f3 ],
  createTime: 2021-05-16T09:34:46.325Z,
  updateTime: 2021-05-16T09:34:46.325Z,
  _id: 60a0e87b92ea01921486ecb4,
  menuType: 2,
  menuState: 1,
  menuName: '编辑',
  menuCode: 'role-edit',
  __v: 0
},{
  parentId: [ 6069beb8b306e7f18dd72efc, 6083d76bc30e1188761493f3 ],
  createTime: 2021-05-16T09:34:46.325Z,
  updateTime: 2021-05-16T09:34:46.325Z,
  _id: 60a0e88792ea01921486ecb5,
  menuType: 2,
  menuState: 1,
  menuName: '设置权限',
  menuCode: 'role-setting',
  __v: 0
},{
  parentId: [ 6069beb8b306e7f18dd72efc, 6083d76bc30e1188761493f3 ],
  createTime: 2021-05-16T09:34:46.325Z,
  updateTime: 2021-05-16T09:34:46.325Z,
  _id: 60a0e89192ea01921486ecb6,
  menuType: 2,
  menuState: 1,
  menuName: '删除',
  menuCode: 'role-delete',
  __v: 0
},{
  parentId: [ 6069beb8b306e7f18dd72efc, 60979e4d3c0c8738d016ca60 ],
  createTime: 2021-05-09T07:17:23.890Z,
  updateTime: 2021-05-09T07:17:23.890Z,
  _id: 60a0e8b092ea01921486ecb7,
  menuType: 2,
  menuState: 1,
  menuName: '创建',
  menuCode: 'dept-create',
  __v: 0
},{
  parentId: [ 6069beb8b306e7f18dd72efc, 60979e4d3c0c8738d016ca60 ],
  createTime: 2021-05-09T07:17:23.890Z,
  updateTime: 2021-05-09T07:17:23.890Z,
  _id: 60a0e8b892ea01921486ecb8,
  menuType: 2,
  menuState: 1,
  menuName: '编辑',
  menuCode: 'dept-edit',
  __v: 0
},{
  parentId: [ 6069beb8b306e7f18dd72efc, 60979e4d3c0c8738d016ca60 ],
  createTime: 2021-05-09T07:17:23.890Z,
  updateTime: 2021-05-09T07:17:23.890Z,
  _id: 60a0e8c392ea01921486ecb9,
  menuType: 2,
  menuState: 1,
  menuName: '删除',
  menuCode: 'dept-delete',
  __v: 0
},{
  parentId: [ 6069bedfb306e7f18dd72efe ],
  createTime: 2021-05-23T08:38:08.857Z,
  updateTime: 2021-05-23T08:44:40.671Z,
  _id: 60aa14a5e6b0fa3dc8fb5024,
  menuType: 1,
  menuState: 1,
  menuName: '休假申请',
  path: '/audit/leave',
  __v: 0,
  component: 'Leave'
},{
  parentId: [ 6069bedfb306e7f18dd72efe ],
  createTime: 2021-05-23T08:38:08.857Z,
  updateTime: 2021-05-29T10:23:47.974Z,
  _id: 60aa14b6e6b0fa3dc8fb5025,
  menuType: 1,
  menuState: 1,
  menuName: '待审批',
  path: '/audit/approve',
  __v: 0,
  component: 'Approve'
},{
  parentId: [ 6069bedfb306e7f18dd72efe, 60aa14a5e6b0fa3dc8fb5024 ],
  createTime: 2021-05-23T08:44:03.968Z,
  updateTime: 2021-05-23T08:44:03.968Z,
  _id: 60aa1675a19f033ebc1c7f92,
  menuType: 2,
  menuState: 1,
  menuName: '查看',
  menuCode: 'leave-query',
  __v: 0
},{
  parentId: [ 6069bedfb306e7f18dd72efe, 60aa14b6e6b0fa3dc8fb5025 ],
  createTime: 2021-05-23T08:38:08.857Z,
  updateTime: 2021-05-29T10:10:52.079Z,
  _id: 60b2164931165fbf56a7d674,
  menuType: 2,
  menuState: 1,
  menuName: '查看',
  __v: 0,
  menuCode: 'approve-query'
},{
  parentId: [ 6069bedfb306e7f18dd72efe, 60aa14b6e6b0fa3dc8fb5025 ],
  createTime: 2021-05-23T08:38:08.857Z,
  updateTime: 2021-05-29T10:10:52.079Z,
  _id: 60b2165f31165fbf56a7d675,
  menuType: 2,
  menuState: 1,
  menuName: '审核',
  __v: 0,
  menuCode: 'approve-check'
},{
  parentId: [ null ],
  createTime: 2021-04-04T13:23:49.765Z,
  updateTime: 2021-04-04T13:23:49.765Z,
  _id: 6069beb8b306e7f18dd72efc,
  menuType: 1,
  menuState: 1,
  menuName: '系统管理',
  icon: 'Setting',
  path: '/system',
  __v: 0
},{
  parentId: [ null ],
  createTime: 2021-04-04T13:23:49.765Z,
  updateTime: 2021-05-23T08:09:22.386Z,
  _id: 6069bedfb306e7f18dd72efe,
  menuType: 1,
  menuState: 1,
  menuName: '审批管理',
  icon: 'Promotion',
  path: '/audit',
  __v: 0
},{
  parentId: [ 63f3125b5df9e02aedf2c137 ],
  createTime: 2022-10-20T05:28:45.581Z,
  updateTime: 2022-10-20T05:28:45.581Z,
  _id: 63f3126d5df9e02aedf2c13a,
  menuType: 1,
  menuState: 1,
  menuName: '点开就炒你鱿鱼',
  __v: 0
},{
  parentId: [ 63f3126d5df9e02aedf2c13a ],
  createTime: 2022-10-20T05:28:45.581Z,
  updateTime: 2022-10-20T05:28:45.581Z,
  _id: 63f3127f5df9e02aedf2c13d,
  menuType: 1,
  menuState: 1,
  menuName: '就炒你',
  __v: 0
},{
  parentId: [ 63f59891087fe67d6939ba33 ],
  createTime: 2023-02-20T14:12:21.347Z,
  updateTime: 2023-02-20T14:12:21.347Z,
  _id: 63f5cef8087fe67d6939e720,
  menuType: 1,
  menuState: 1,
  menuName: '菜单名称',
  menuCode: '',
  __v: 0
},{
  parentId: [ 63f71949087fe67d693a5226 ],
  createTime: 2023-02-20T14:12:21.347Z,
  updateTime: 2023-02-20T14:12:21.347Z,
  _id: 63f71998087fe67d693a5269,
  menuType: 2,
  menuState: 1,
  menuName: '测试按钮',
  icon: 'dffds',
  path: '/menu/add',
  menuCode: '2',
  __v: 0
},{
  parentId: [ 63f736bb087fe67d693a72c7 ],
  createTime: 2023-02-20T14:12:21.347Z,
  updateTime: 2023-02-23T09:55:28.999Z,
  _id: 63f736bb087fe67d693a72c7,
  menuType: 1,
  menuState: 1,
  menuName: '公关管理',
  icon: '',
  path: '/userfill/hao',
  __v: 0,
  component: 'Hao'
},{
  parentId: [ 63f736bb087fe67d693a72c7 ],
  createTime: 2023-02-20T14:12:21.347Z,
  updateTime: 2023-02-20T14:12:21.347Z,
  _id: 63f737d1087fe67d693a740b,
  menuType: 1,
  menuState: 1,
  menuName: '纳税管理',
  icon: '',
  path: '/userfill/ha',
  __v: 0
},{
  parentId: [ null ],
  createTime: 2023-02-20T14:12:21.347Z,
  updateTime: 2023-03-01T11:17:27.739Z,
  _id: 63fcc187087fe67d693b6d06,
  menuType: 1,
  menuState: 1,
  menuName: '测试farther',
  __v: 0,
  icon: '阿萨'
},{
  parentId: [ 63fcc187087fe67d693b6d06 ],
  createTime: 2023-02-20T14:12:21.347Z,
  updateTime: 2023-02-20T14:12:21.347Z,
  _id: 63fcc196087fe67d693b6d0e,
  menuType: 1,
  menuState: 1,
  menuName: '测试1',
  __v: 0
},{
  parentId: [ 63fcc187087fe67d693b6d06, 63fcc196087fe67d693b6d0e ],
  createTime: 2023-02-20T14:12:21.347Z,
  updateTime: 2023-02-20T14:12:21.347Z,
  _id: 63fdf2b3087fe67d693b7ad6,
  menuType: 1,
  menuState: 1,
  menuName: '地方士大夫',
  icon: '第三方士大夫',
  path: '士大夫是',
  __v: 0
},{
  parentId: [ 63fcc187087fe67d693b6d06 ],
  createTime: 2023-02-20T14:12:21.347Z,
  updateTime: 2023-02-20T14:12:21.347Z,
  _id: 63fdf2e0087fe67d693b7aec,
  menuType: 1,
  menuState: 1,
  menuName: '撒的',
  icon: '撒旦地方第三方',
  path: '阿松大阿萨的',
  __v: 0
},{
  parentId: [ 63fcc187087fe67d693b6d06, 63fdf2e0087fe67d693b7aec ],
  createTime: 2023-02-20T14:12:21.347Z,
  updateTime: 2023-02-20T14:12:21.347Z,
  _id: 63fdf353087fe67d693b7b00,
  menuType: 1,
  menuState: 1,
  menuName: '阿松大士大夫撒旦',
  icon: '撒旦地方第三方',
  path: '阿松大阿萨的',
  __v: 0
},{
  parentId: [
    63fcc187087fe67d693b6d06,
    63fdf2e0087fe67d693b7aec,
    63fdf353087fe67d693b7b00
  ],
  createTime: 2023-02-20T14:12:21.347Z,
  updateTime: 2023-02-20T14:12:21.347Z,
  _id: 63fdf441087fe67d693b7baf,
  menuType: 1,
  menuState: 1,
  menuName: 's爱的阿松大',
  icon: '撒旦阿萨d',
  path: '撒旦阿萨',
  __v: 0
},{
  parentId: [ 63fcc187087fe67d693b6d06, 63fdf2e0087fe67d693b7aec ],
  createTime: 2023-02-20T14:12:21.347Z,
  updateTime: 2023-02-20T14:12:21.347Z,
  _id: 63ff31b0087fe67d693b82d4,
  menuType: 1,
  menuState: 1,
  menuName: '阿松大',
  icon: '阿松大阿萨',
  path: '阿松大',
  __v: 0
},{
  parentId: [ 63fcc187087fe67d693b6d06 ],
  createTime: 2023-02-20T14:12:21.347Z,
  updateTime: 2023-02-20T14:12:21.347Z,
  _id: 63ff4492087fe67d693b8a51,
  menuType: 1,
  menuState: 0,
  menuName: 'ddd',
  icon: 'User',
  __v: 0
},{
  parentId: [ 63fcc187087fe67d693b6d06, 63ff4492087fe67d693b8a51 ],
  createTime: 2023-02-20T14:12:21.347Z,
  updateTime: 2023-02-20T14:12:21.347Z,
  _id: 63ff752e087fe67d693b8e37,
  menuType: 1,
  menuState: 1,
  menuName: '娃哈哈',
  icon: 'el-icon-setting',
  path: '/system/NewMenu',
  menuCode: '',
  __v: 0
},{
  parentId: [ 6069beb8b306e7f18dd72efc ],
  createTime: 2023-02-20T14:12:21.347Z,
  updateTime: 2023-02-20T14:12:21.347Z,
  _id: 6400c963087fe67d693b91c0,
  menuType: 1,
  menuState: 1,
  menuName: 'aaaaa',
  icon: 'assas',
  path: 'asas',
  __v: 0
},{
  parentId: [ 6069beb8b306e7f18dd72efc ],
  createTime: 2023-02-20T14:12:21.347Z,
  updateTime: 2023-02-20T14:12:21.347Z,
  _id: 6400c96e087fe67d693b91c2,
  menuType: 1,
  menuState: 1,
  menuName: 'aaaaa',
  icon: 'assas',
  path: 'asas',
  __v: 0
}
[2024-02-17T15:47:29.928] [INFO] info - get params:{"menuState":"1"}
[2024-02-17T15:47:29.928] [INFO] info - post params:{}
[2024-02-17T15:47:29.929] [INFO] info - get params:{}
[2024-02-17T15:47:29.930] [INFO] info - post params:{}
[2024-02-17T15:47:30.242] [INFO] info - get params:{}
[2024-02-17T15:47:30.242] [INFO] info - post params:{}
[2024-02-17T15:47:30.242] [INFO] info - getPermissionList:0
[2024-02-17T15:47:30.248] [INFO] info - getPermissionList:{
  parentId: [ 6069beb8b306e7f18dd72efc ],
  createTime: 2021-04-04T13:23:49.765Z,
  updateTime: 2021-05-16T13:33:43.236Z,
  _id: 6069bec6b306e7f18dd72efd,
  menuType: 1,
  menuState: 1,
  menuName: '用户管理',
  path: '/system/user',
  __v: 0,
  component: 'User'
},{
  parentId: [ 6069beb8b306e7f18dd72efc ],
  createTime: 2021-04-04T13:23:49.765Z,
  updateTime: 2021-05-16T13:33:54.312Z,
  _id: 6083d756c30e1188761493f2,
  menuType: 1,
  menuState: 1,
  menuName: '菜单管理',
  path: '/system/menu',
  __v: 0,
  component: 'Menu'
},{
  parentId: [ 6069beb8b306e7f18dd72efc ],
  createTime: 2021-04-24T05:00:05.659Z,
  updateTime: 2021-05-16T13:33:59.788Z,
  _id: 6083d76bc30e1188761493f3,
  menuType: 1,
  menuState: 1,
  menuName: '角色管理',
  path: '/system/role',
  __v: 0,
  component: 'Role'
},{
  parentId: [ 6069beb8b306e7f18dd72efc, 6083d756c30e1188761493f2 ],
  createTime: 2021-04-24T05:00:05.659Z,
  updateTime: 2021-04-24T05:00:05.659Z,
  _id: 6083f63bc30e1188761493f4,
  menuType: 2,
  menuState: 1,
  menuName: '查看',
  menuCode: 'menu_query',
  __v: 0
},{
  parentId: [ 6069beb8b306e7f18dd72efc, 6083d76bc30e1188761493f3 ],
  createTime: 2021-05-09T07:17:23.890Z,
  updateTime: 2021-05-16T09:40:51.253Z,
  _id: 60978d6a3c0c8738d016ca5f,
  menuType: 2,
  menuState: 1,
  menuName: '查看',
  menuCode: 'role-query',
  __v: 0
},{
  parentId: [ 6069beb8b306e7f18dd72efc ],
  createTime: 2021-05-09T07:17:23.890Z,
  updateTime: 2021-05-16T13:34:04.099Z,
  _id: 60979e4d3c0c8738d016ca60,
  menuType: 1,
  menuState: 1,
  menuName: '部门管理',
  path: '/system/dept',
  __v: 0,
  component: 'Dept'
},{
  parentId: [ 6069beb8b306e7f18dd72efc, 60979e4d3c0c8738d016ca60 ],
  createTime: 2021-05-09T07:17:23.890Z,
  updateTime: 2021-05-09T07:17:23.890Z,
  _id: 60979e5a3c0c8738d016ca61,
  menuType: 2,
  menuState: 1,
  menuName: '查看',
  menuCode: 'dept-query',
  __v: 0
},{
  parentId: [ 6069beb8b306e7f18dd72efc, 6069bec6b306e7f18dd72efd ],
  createTime: 2021-05-16T09:34:46.325Z,
  updateTime: 2021-05-16T09:34:46.325Z,
  _id: 60a0e80d92ea01921486ecac,
  menuType: 2,
  menuState: 1,
  menuName: '新增',
  menuCode: 'user-create',
  __v: 0
},{
  parentId: [ 6069beb8b306e7f18dd72efc, 6069bec6b306e7f18dd72efd ],
  createTime: 2021-05-16T09:34:46.325Z,
  updateTime: 2021-05-16T09:34:46.325Z,
  _id: 60a0e81c92ea01921486ecad,
  menuType: 2,
  menuState: 1,
  menuName: '编辑',
  menuCode: 'user-edit',
  __v: 0
},{
  parentId: [ 6069beb8b306e7f18dd72efc, 6069bec6b306e7f18dd72efd ],
  createTime: 2021-05-16T09:34:46.325Z,
  updateTime: 2021-05-16T09:34:46.325Z,
  _id: 60a0e82592ea01921486ecae,
  menuType: 2,
  menuState: 1,
  menuName: '删除',
  menuCode: 'user-delete',
  __v: 0
},{
  parentId: [ 6069beb8b306e7f18dd72efc, 6069bec6b306e7f18dd72efd ],
  createTime: 2021-05-16T09:34:46.325Z,
  updateTime: 2021-05-16T09:34:46.325Z,
  _id: 60a0e83392ea01921486ecaf,
  menuType: 2,
  menuState: 1,
  menuName: '批量删除',
  menuCode: 'user-patch-delete',
  __v: 0
},{
  parentId: [ 6069beb8b306e7f18dd72efc, 6083d756c30e1188761493f2 ],
  createTime: 2021-05-16T09:34:46.325Z,
  updateTime: 2021-05-16T09:34:46.325Z,
  _id: 60a0e84c92ea01921486ecb0,
  menuType: 2,
  menuState: 1,
  menuName: '新增',
  menuCode: 'menu-create',
  __v: 0
},{
  parentId: [ 6069beb8b306e7f18dd72efc, 6083d756c30e1188761493f2 ],
  createTime: 2021-05-16T09:34:46.325Z,
  updateTime: 2021-05-16T09:34:46.325Z,
  _id: 60a0e85392ea01921486ecb1,
  menuType: 2,
  menuState: 1,
  menuName: '编辑',
  menuCode: 'menu-edit',
  __v: 0
},{
  parentId: [ 6069beb8b306e7f18dd72efc, 6083d756c30e1188761493f2 ],
  createTime: 2021-05-16T09:34:46.325Z,
  updateTime: 2021-05-16T09:34:46.325Z,
  _id: 60a0e85c92ea01921486ecb2,
  menuType: 2,
  menuState: 1,
  menuName: '删除',
  menuCode: 'menu-delete',
  __v: 0
},{
  parentId: [ 6069beb8b306e7f18dd72efc, 6083d76bc30e1188761493f3 ],
  createTime: 2021-05-16T09:34:46.325Z,
  updateTime: 2021-05-16T09:34:46.325Z,
  _id: 60a0e87392ea01921486ecb3,
  menuType: 2,
  menuState: 1,
  menuName: '创建',
  menuCode: 'role-create',
  __v: 0
},{
  parentId: [ 6069beb8b306e7f18dd72efc, 6083d76bc30e1188761493f3 ],
  createTime: 2021-05-16T09:34:46.325Z,
  updateTime: 2021-05-16T09:34:46.325Z,
  _id: 60a0e87b92ea01921486ecb4,
  menuType: 2,
  menuState: 1,
  menuName: '编辑',
  menuCode: 'role-edit',
  __v: 0
},{
  parentId: [ 6069beb8b306e7f18dd72efc, 6083d76bc30e1188761493f3 ],
  createTime: 2021-05-16T09:34:46.325Z,
  updateTime: 2021-05-16T09:34:46.325Z,
  _id: 60a0e88792ea01921486ecb5,
  menuType: 2,
  menuState: 1,
  menuName: '设置权限',
  menuCode: 'role-setting',
  __v: 0
},{
  parentId: [ 6069beb8b306e7f18dd72efc, 6083d76bc30e1188761493f3 ],
  createTime: 2021-05-16T09:34:46.325Z,
  updateTime: 2021-05-16T09:34:46.325Z,
  _id: 60a0e89192ea01921486ecb6,
  menuType: 2,
  menuState: 1,
  menuName: '删除',
  menuCode: 'role-delete',
  __v: 0
},{
  parentId: [ 6069beb8b306e7f18dd72efc, 60979e4d3c0c8738d016ca60 ],
  createTime: 2021-05-09T07:17:23.890Z,
  updateTime: 2021-05-09T07:17:23.890Z,
  _id: 60a0e8b092ea01921486ecb7,
  menuType: 2,
  menuState: 1,
  menuName: '创建',
  menuCode: 'dept-create',
  __v: 0
},{
  parentId: [ 6069beb8b306e7f18dd72efc, 60979e4d3c0c8738d016ca60 ],
  createTime: 2021-05-09T07:17:23.890Z,
  updateTime: 2021-05-09T07:17:23.890Z,
  _id: 60a0e8b892ea01921486ecb8,
  menuType: 2,
  menuState: 1,
  menuName: '编辑',
  menuCode: 'dept-edit',
  __v: 0
},{
  parentId: [ 6069beb8b306e7f18dd72efc, 60979e4d3c0c8738d016ca60 ],
  createTime: 2021-05-09T07:17:23.890Z,
  updateTime: 2021-05-09T07:17:23.890Z,
  _id: 60a0e8c392ea01921486ecb9,
  menuType: 2,
  menuState: 1,
  menuName: '删除',
  menuCode: 'dept-delete',
  __v: 0
},{
  parentId: [ 6069bedfb306e7f18dd72efe ],
  createTime: 2021-05-23T08:38:08.857Z,
  updateTime: 2021-05-23T08:44:40.671Z,
  _id: 60aa14a5e6b0fa3dc8fb5024,
  menuType: 1,
  menuState: 1,
  menuName: '休假申请',
  path: '/audit/leave',
  __v: 0,
  component: 'Leave'
},{
  parentId: [ 6069bedfb306e7f18dd72efe ],
  createTime: 2021-05-23T08:38:08.857Z,
  updateTime: 2021-05-29T10:23:47.974Z,
  _id: 60aa14b6e6b0fa3dc8fb5025,
  menuType: 1,
  menuState: 1,
  menuName: '待审批',
  path: '/audit/approve',
  __v: 0,
  component: 'Approve'
},{
  parentId: [ 6069bedfb306e7f18dd72efe, 60aa14a5e6b0fa3dc8fb5024 ],
  createTime: 2021-05-23T08:44:03.968Z,
  updateTime: 2021-05-23T08:44:03.968Z,
  _id: 60aa1675a19f033ebc1c7f92,
  menuType: 2,
  menuState: 1,
  menuName: '查看',
  menuCode: 'leave-query',
  __v: 0
},{
  parentId: [ 6069bedfb306e7f18dd72efe, 60aa14b6e6b0fa3dc8fb5025 ],
  createTime: 2021-05-23T08:38:08.857Z,
  updateTime: 2021-05-29T10:10:52.079Z,
  _id: 60b2164931165fbf56a7d674,
  menuType: 2,
  menuState: 1,
  menuName: '查看',
  __v: 0,
  menuCode: 'approve-query'
},{
  parentId: [ 6069bedfb306e7f18dd72efe, 60aa14b6e6b0fa3dc8fb5025 ],
  createTime: 2021-05-23T08:38:08.857Z,
  updateTime: 2021-05-29T10:10:52.079Z,
  _id: 60b2165f31165fbf56a7d675,
  menuType: 2,
  menuState: 1,
  menuName: '审核',
  __v: 0,
  menuCode: 'approve-check'
},{
  parentId: [ null ],
  createTime: 2021-04-04T13:23:49.765Z,
  updateTime: 2021-04-04T13:23:49.765Z,
  _id: 6069beb8b306e7f18dd72efc,
  menuType: 1,
  menuState: 1,
  menuName: '系统管理',
  icon: 'Setting',
  path: '/system',
  __v: 0
},{
  parentId: [ null ],
  createTime: 2021-04-04T13:23:49.765Z,
  updateTime: 2021-05-23T08:09:22.386Z,
  _id: 6069bedfb306e7f18dd72efe,
  menuType: 1,
  menuState: 1,
  menuName: '审批管理',
  icon: 'Promotion',
  path: '/audit',
  __v: 0
},{
  parentId: [ 63f3125b5df9e02aedf2c137 ],
  createTime: 2022-10-20T05:28:45.581Z,
  updateTime: 2022-10-20T05:28:45.581Z,
  _id: 63f3126d5df9e02aedf2c13a,
  menuType: 1,
  menuState: 1,
  menuName: '点开就炒你鱿鱼',
  __v: 0
},{
  parentId: [ 63f3126d5df9e02aedf2c13a ],
  createTime: 2022-10-20T05:28:45.581Z,
  updateTime: 2022-10-20T05:28:45.581Z,
  _id: 63f3127f5df9e02aedf2c13d,
  menuType: 1,
  menuState: 1,
  menuName: '就炒你',
  __v: 0
},{
  parentId: [ 63f59891087fe67d6939ba33 ],
  createTime: 2023-02-20T14:12:21.347Z,
  updateTime: 2023-02-20T14:12:21.347Z,
  _id: 63f5cef8087fe67d6939e720,
  menuType: 1,
  menuState: 1,
  menuName: '菜单名称',
  menuCode: '',
  __v: 0
},{
  parentId: [ 63f71949087fe67d693a5226 ],
  createTime: 2023-02-20T14:12:21.347Z,
  updateTime: 2023-02-20T14:12:21.347Z,
  _id: 63f71998087fe67d693a5269,
  menuType: 2,
  menuState: 1,
  menuName: '测试按钮',
  icon: 'dffds',
  path: '/menu/add',
  menuCode: '2',
  __v: 0
},{
  parentId: [ 63f736bb087fe67d693a72c7 ],
  createTime: 2023-02-20T14:12:21.347Z,
  updateTime: 2023-02-23T09:55:28.999Z,
  _id: 63f736bb087fe67d693a72c7,
  menuType: 1,
  menuState: 1,
  menuName: '公关管理',
  icon: '',
  path: '/userfill/hao',
  __v: 0,
  component: 'Hao'
},{
  parentId: [ 63f736bb087fe67d693a72c7 ],
  createTime: 2023-02-20T14:12:21.347Z,
  updateTime: 2023-02-20T14:12:21.347Z,
  _id: 63f737d1087fe67d693a740b,
  menuType: 1,
  menuState: 1,
  menuName: '纳税管理',
  icon: '',
  path: '/userfill/ha',
  __v: 0
},{
  parentId: [ null ],
  createTime: 2023-02-20T14:12:21.347Z,
  updateTime: 2023-03-01T11:17:27.739Z,
  _id: 63fcc187087fe67d693b6d06,
  menuType: 1,
  menuState: 1,
  menuName: '测试farther',
  __v: 0,
  icon: '阿萨'
},{
  parentId: [ 63fcc187087fe67d693b6d06 ],
  createTime: 2023-02-20T14:12:21.347Z,
  updateTime: 2023-02-20T14:12:21.347Z,
  _id: 63fcc196087fe67d693b6d0e,
  menuType: 1,
  menuState: 1,
  menuName: '测试1',
  __v: 0
},{
  parentId: [ 63fcc187087fe67d693b6d06, 63fcc196087fe67d693b6d0e ],
  createTime: 2023-02-20T14:12:21.347Z,
  updateTime: 2023-02-20T14:12:21.347Z,
  _id: 63fdf2b3087fe67d693b7ad6,
  menuType: 1,
  menuState: 1,
  menuName: '地方士大夫',
  icon: '第三方士大夫',
  path: '士大夫是',
  __v: 0
},{
  parentId: [ 63fcc187087fe67d693b6d06 ],
  createTime: 2023-02-20T14:12:21.347Z,
  updateTime: 2023-02-20T14:12:21.347Z,
  _id: 63fdf2e0087fe67d693b7aec,
  menuType: 1,
  menuState: 1,
  menuName: '撒的',
  icon: '撒旦地方第三方',
  path: '阿松大阿萨的',
  __v: 0
},{
  parentId: [ 63fcc187087fe67d693b6d06, 63fdf2e0087fe67d693b7aec ],
  createTime: 2023-02-20T14:12:21.347Z,
  updateTime: 2023-02-20T14:12:21.347Z,
  _id: 63fdf353087fe67d693b7b00,
  menuType: 1,
  menuState: 1,
  menuName: '阿松大士大夫撒旦',
  icon: '撒旦地方第三方',
  path: '阿松大阿萨的',
  __v: 0
},{
  parentId: [
    63fcc187087fe67d693b6d06,
    63fdf2e0087fe67d693b7aec,
    63fdf353087fe67d693b7b00
  ],
  createTime: 2023-02-20T14:12:21.347Z,
  updateTime: 2023-02-20T14:12:21.347Z,
  _id: 63fdf441087fe67d693b7baf,
  menuType: 1,
  menuState: 1,
  menuName: 's爱的阿松大',
  icon: '撒旦阿萨d',
  path: '撒旦阿萨',
  __v: 0
},{
  parentId: [ 63fcc187087fe67d693b6d06, 63fdf2e0087fe67d693b7aec ],
  createTime: 2023-02-20T14:12:21.347Z,
  updateTime: 2023-02-20T14:12:21.347Z,
  _id: 63ff31b0087fe67d693b82d4,
  menuType: 1,
  menuState: 1,
  menuName: '阿松大',
  icon: '阿松大阿萨',
  path: '阿松大',
  __v: 0
},{
  parentId: [ 63fcc187087fe67d693b6d06 ],
  createTime: 2023-02-20T14:12:21.347Z,
  updateTime: 2023-02-20T14:12:21.347Z,
  _id: 63ff4492087fe67d693b8a51,
  menuType: 1,
  menuState: 0,
  menuName: 'ddd',
  icon: 'User',
  __v: 0
},{
  parentId: [ 63fcc187087fe67d693b6d06, 63ff4492087fe67d693b8a51 ],
  createTime: 2023-02-20T14:12:21.347Z,
  updateTime: 2023-02-20T14:12:21.347Z,
  _id: 63ff752e087fe67d693b8e37,
  menuType: 1,
  menuState: 1,
  menuName: '娃哈哈',
  icon: 'el-icon-setting',
  path: '/system/NewMenu',
  menuCode: '',
  __v: 0
},{
  parentId: [ 6069beb8b306e7f18dd72efc ],
  createTime: 2023-02-20T14:12:21.347Z,
  updateTime: 2023-02-20T14:12:21.347Z,
  _id: 6400c963087fe67d693b91c0,
  menuType: 1,
  menuState: 1,
  menuName: 'aaaaa',
  icon: 'assas',
  path: 'asas',
  __v: 0
},{
  parentId: [ 6069beb8b306e7f18dd72efc ],
  createTime: 2023-02-20T14:12:21.347Z,
  updateTime: 2023-02-20T14:12:21.347Z,
  _id: 6400c96e087fe67d693b91c2,
  menuType: 1,
  menuState: 1,
  menuName: 'aaaaa',
  icon: 'assas',
  path: 'asas',
  __v: 0
}
[2024-02-17T15:47:36.301] [INFO] info - get params:{}
[2024-02-17T15:47:36.301] [INFO] info - post params:{"_id":"6400c963087fe67d693b91c0","action":"delete"}
[2024-02-17T15:47:36.565] [INFO] info - get params:{"menuState":"1"}
[2024-02-17T15:47:36.566] [INFO] info - post params:{}
[2024-02-17T15:52:46.008] [INFO] info - get params:{"state":"1","pageNum":"1","pageSize":"10"}
[2024-02-17T15:52:46.008] [INFO] info - post params:{}
[2024-02-17T15:52:46.232] [INFO] info - get params:{}
[2024-02-17T15:52:46.232] [INFO] info - post params:{}
[2024-02-17T15:52:46.324] [INFO] info - get params:{}
[2024-02-17T15:52:46.324] [INFO] info - post params:{}
[2024-02-17T15:52:47.037] [INFO] info - get params:{"menuState":"1"}
[2024-02-17T15:52:47.038] [INFO] info - post params:{}
[2024-02-17T15:54:29.655] [INFO] info - get params:{}
[2024-02-17T15:54:29.655] [INFO] info - post params:{"_id":"6400c96e087fe67d693b91c2","action":"delete"}
[2024-02-17T15:54:29.901] [INFO] info - get params:{"menuState":"1"}
[2024-02-17T15:54:29.901] [INFO] info - post params:{}
[2024-02-17T15:56:20.431] [INFO] info - get params:{"deptName":""}
[2024-02-17T15:56:20.431] [INFO] info - post params:{}
[2024-02-17T15:56:20.629] [INFO] info - get params:{}
[2024-02-17T15:56:20.629] [INFO] info - post params:{}
[2024-02-17T15:56:22.092] [INFO] info - get params:{"menuState":"1"}
[2024-02-17T15:56:22.092] [INFO] info - post params:{}
[2024-02-17T15:58:09.186] [INFO] info - **数据库连接成功**
[2024-02-17T15:58:13.177] [INFO] info - get params:{}
[2024-02-17T15:58:13.177] [INFO] info - post params:{}
[2024-02-17T15:58:13.323] [INFO] info - get params:{"menuState":"1"}
[2024-02-17T15:58:13.324] [INFO] info - post params:{}
[2024-02-17T15:58:13.328] [INFO] info - get params:{}
[2024-02-17T15:58:13.328] [INFO] info - post params:{}
[2024-02-17T15:58:13.354] [INFO] info - get params:{}
[2024-02-17T15:58:13.355] [INFO] info - post params:{}
[2024-02-17T15:58:22.060] [INFO] info - get params:{}
[2024-02-17T15:58:22.061] [INFO] info - post params:{"_id":"6400c963087fe67d693b91c0","action":"delete"}
[2024-02-17T15:58:22.062] [INFO] info - getPermissionList:6400c963087fe67d693b91c0
[2024-02-17T15:58:22.298] [INFO] info - get params:{"menuState":"1"}
[2024-02-17T15:58:22.298] [INFO] info - post params:{}
[2024-02-17T15:58:40.771] [INFO] info - get params:{}
[2024-02-17T15:58:40.771] [INFO] info - post params:{"_id":"6400c963087fe67d693b91c0","action":"delete"}
[2024-02-17T15:58:40.772] [INFO] info - getPermissionList:6400c963087fe67d693b91c0
[2024-02-17T15:58:41.098] [INFO] info - get params:{"menuState":"1"}
[2024-02-17T15:58:41.098] [INFO] info - post params:{}
[2024-02-17T15:59:10.394] [INFO] info - **数据库连接成功**
[2024-02-17T15:59:14.467] [INFO] info - get params:{}
[2024-02-17T15:59:14.467] [INFO] info - post params:{}
[2024-02-17T15:59:14.690] [INFO] info - get params:{}
[2024-02-17T15:59:14.690] [INFO] info - post params:{}
[2024-02-17T15:59:14.693] [INFO] info - get params:{"menuState":"1"}
[2024-02-17T15:59:14.693] [INFO] info - post params:{}
[2024-02-17T15:59:14.696] [INFO] info - get params:{}
[2024-02-17T15:59:14.696] [INFO] info - post params:{}
[2024-02-17T15:59:29.762] [INFO] info - get params:{}
[2024-02-17T15:59:29.762] [INFO] info - post params:{"_id":"6400c96e087fe67d693b91c2","action":"delete"}
[2024-02-17T15:59:29.763] [INFO] info - delete——id:6400c96e087fe67d693b91c2
[2024-02-17T15:59:30.019] [INFO] info - get params:{"menuState":"1"}
[2024-02-17T15:59:30.019] [INFO] info - post params:{}
[2024-02-17T16:03:49.379] [INFO] info - get params:{"menuState":"1"}
[2024-02-17T16:03:49.379] [INFO] info - post params:{}
[2024-02-17T16:04:21.961] [INFO] info - get params:{}
[2024-02-17T16:04:21.961] [INFO] info - post params:{"parentId":[null],"menuType":1,"menuState":1,"menuName":"测试1","action":"add"}
[2024-02-17T16:04:21.962] [INFO] info - delete——id:undefined
[2024-02-17T16:04:22.305] [INFO] info - get params:{"menuState":"1"}
[2024-02-17T16:04:22.305] [INFO] info - post params:{}
[2024-02-17T16:04:31.057] [INFO] info - get params:{}
[2024-02-17T16:04:31.057] [INFO] info - post params:{"_id":"65d06885b189833dfceeb031","action":"delete"}
[2024-02-17T16:04:31.058] [INFO] info - delete——id:65d06885b189833dfceeb031
[2024-02-17T16:04:31.375] [INFO] info - get params:{"menuState":"1"}
[2024-02-17T16:04:31.375] [INFO] info - post params:{}
[2024-02-17T16:04:40.512] [INFO] info - get params:{}
[2024-02-17T16:04:40.512] [INFO] info - post params:{"_id":"6400c963087fe67d693b91c0","action":"delete"}
[2024-02-17T16:04:40.513] [INFO] info - delete——id:6400c963087fe67d693b91c0
[2024-02-17T16:04:40.836] [INFO] info - get params:{"menuState":"1"}
[2024-02-17T16:04:40.836] [INFO] info - post params:{}
[2024-02-17T16:07:16.851] [INFO] info - get params:{}
[2024-02-17T16:07:16.851] [INFO] info - post params:{"parentId":["6069beb8b306e7f18dd72efc"],"menuType":1,"menuState":1,"menuName":"测试1","action":"add"}
[2024-02-17T16:07:16.852] [INFO] info - delete——id:undefined
[2024-02-17T16:07:17.121] [INFO] info - get params:{"menuState":"1"}
[2024-02-17T16:07:17.121] [INFO] info - post params:{}
[2024-02-17T16:07:19.727] [INFO] info - get params:{}
[2024-02-17T16:07:19.727] [INFO] info - post params:{"_id":"65d06934b189833dfceeb03a","action":"delete"}
[2024-02-17T16:07:19.727] [INFO] info - delete——id:65d06934b189833dfceeb03a
[2024-02-17T16:07:20.047] [INFO] info - get params:{"menuState":"1"}
[2024-02-17T16:07:20.047] [INFO] info - post params:{}
[2024-02-17T16:07:22.515] [INFO] info - get params:{}
[2024-02-17T16:07:22.515] [INFO] info - post params:{"_id":"6400c96e087fe67d693b91c2","action":"delete"}
[2024-02-17T16:07:22.515] [INFO] info - delete——id:6400c96e087fe67d693b91c2
[2024-02-17T16:07:22.833] [INFO] info - get params:{"menuState":"1"}
[2024-02-17T16:07:22.833] [INFO] info - post params:{}
[2024-02-17T16:07:46.282] [INFO] info - get params:{}
[2024-02-17T16:07:46.282] [INFO] info - post params:{}
[2024-02-17T16:07:46.500] [INFO] info - get params:{"menuState":"1"}
[2024-02-17T16:07:46.500] [INFO] info - post params:{}
[2024-02-17T16:07:46.501] [INFO] info - get params:{}
[2024-02-17T16:07:46.502] [INFO] info - post params:{}
[2024-02-17T16:07:46.503] [INFO] info - get params:{}
[2024-02-17T16:07:46.503] [INFO] info - post params:{}
[2024-02-17T16:08:01.369] [INFO] info - get params:{}
[2024-02-17T16:08:01.369] [INFO] info - post params:{"_id":"63fdf2e0087fe67d693b7aec","action":"delete"}
[2024-02-17T16:08:01.370] [INFO] info - delete——id:63fdf2e0087fe67d693b7aec
[2024-02-17T16:08:01.635] [INFO] info - get params:{"menuState":"1"}
[2024-02-17T16:08:01.636] [INFO] info - post params:{}
[2024-02-17T16:08:08.338] [INFO] info - get params:{}
[2024-02-17T16:08:08.338] [INFO] info - post params:{"_id":"63fdf2e0087fe67d693b7aec","action":"delete"}
[2024-02-17T16:08:08.339] [INFO] info - delete——id:63fdf2e0087fe67d693b7aec
[2024-02-17T16:08:08.661] [INFO] info - get params:{"menuState":"1"}
[2024-02-17T16:08:08.661] [INFO] info - post params:{}
[2024-02-17T16:08:30.771] [INFO] info - get params:{}
[2024-02-17T16:08:30.771] [INFO] info - post params:{"_id":"63fdf2b3087fe67d693b7ad6","action":"delete"}
[2024-02-17T16:08:30.772] [INFO] info - delete——id:63fdf2b3087fe67d693b7ad6
[2024-02-17T16:08:31.094] [INFO] info - get params:{"menuState":"1"}
[2024-02-17T16:08:31.094] [INFO] info - post params:{}
[2024-02-17T16:09:59.823] [INFO] info - **数据库连接成功**
[2024-02-17T16:10:02.769] [INFO] info - get params:{}
[2024-02-17T16:10:02.770] [INFO] info - post params:{}
[2024-02-17T16:10:02.916] [INFO] info - get params:{"menuState":"1"}
[2024-02-17T16:10:02.917] [INFO] info - post params:{}
[2024-02-17T16:10:02.920] [INFO] info - get params:{}
[2024-02-17T16:10:02.921] [INFO] info - post params:{}
[2024-02-17T16:10:02.924] [INFO] info - get params:{}
[2024-02-17T16:10:02.924] [INFO] info - post params:{}
[2024-02-17T16:10:17.492] [INFO] info - get params:{}
[2024-02-17T16:10:17.492] [INFO] info - post params:{"_id":"63fdf2b3087fe67d693b7ad6","action":"delete"}
[2024-02-17T16:10:17.493] [INFO] info - delete——id:63fdf2b3087fe67d693b7ad6
[2024-02-17T16:10:17.813] [INFO] info - get params:{"menuState":"1"}
[2024-02-17T16:10:17.813] [INFO] info - post params:{}
[2024-02-17T16:12:27.819] [INFO] info - **数据库连接成功**
[2024-02-17T16:12:29.750] [INFO] info - get params:{}
[2024-02-17T16:12:29.750] [INFO] info - post params:{}
[2024-02-17T16:12:29.907] [INFO] info - get params:{"menuState":"1"}
[2024-02-17T16:12:29.908] [INFO] info - post params:{}
[2024-02-17T16:12:29.911] [INFO] info - get params:{}
[2024-02-17T16:12:29.912] [INFO] info - post params:{}
[2024-02-17T16:12:29.914] [INFO] info - get params:{}
[2024-02-17T16:12:29.915] [INFO] info - post params:{}
[2024-02-17T16:12:36.425] [INFO] info - get params:{}
[2024-02-17T16:12:36.425] [INFO] info - post params:{"_id":"63ff31b0087fe67d693b82d4","action":"delete"}
[2024-02-17T16:12:36.426] [INFO] info - delete——id:63ff31b0087fe67d693b82d4
[2024-02-17T16:12:54.843] [INFO] info - get params:{}
[2024-02-17T16:12:54.844] [INFO] info - post params:{"_id":"63fdf2b3087fe67d693b7ad6","action":"delete"}
[2024-02-17T16:12:54.844] [INFO] info - delete——id:63fdf2b3087fe67d693b7ad6
[2024-02-17T16:13:14.490] [INFO] info - get params:{}
[2024-02-17T16:13:14.490] [INFO] info - post params:{"_id":"63fdf2b3087fe67d693b7ad6","action":"delete"}
[2024-02-17T16:13:14.490] [INFO] info - delete——id:63fdf2b3087fe67d693b7ad6
[2024-02-17T16:15:25.097] [INFO] info - **数据库连接成功**
[2024-02-17T16:15:29.375] [INFO] info - get params:{}
[2024-02-17T16:15:29.375] [INFO] info - post params:{}
[2024-02-17T16:15:29.503] [INFO] info - get params:{"menuState":"1"}
[2024-02-17T16:15:29.503] [INFO] info - post params:{}
[2024-02-17T16:15:29.507] [INFO] info - get params:{}
[2024-02-17T16:15:29.507] [INFO] info - post params:{}
[2024-02-17T16:15:29.562] [INFO] info - get params:{}
[2024-02-17T16:15:29.563] [INFO] info - post params:{}
[2024-02-17T16:15:38.653] [INFO] info - get params:{}
[2024-02-17T16:15:38.653] [INFO] info - post params:{"_id":"63fdf2b3087fe67d693b7ad6","action":"delete"}
[2024-02-17T16:15:38.654] [INFO] info - delete——id:63fdf2b3087fe67d693b7ad6
[2024-02-17T16:15:38.908] [INFO] info - get params:{"menuState":"1"}
[2024-02-17T16:15:38.909] [INFO] info - post params:{}
[2024-02-17T16:15:55.727] [INFO] info - **数据库连接成功**
[2024-02-17T16:15:57.951] [INFO] info - get params:{}
[2024-02-17T16:15:57.951] [INFO] info - post params:{}
[2024-02-17T16:15:58.215] [INFO] info - get params:{}
[2024-02-17T16:15:58.215] [INFO] info - post params:{}
[2024-02-17T16:15:58.219] [INFO] info - get params:{"menuState":"1"}
[2024-02-17T16:15:58.219] [INFO] info - post params:{}
[2024-02-17T16:15:58.222] [INFO] info - get params:{}
[2024-02-17T16:15:58.222] [INFO] info - post params:{}
[2024-02-17T16:16:03.082] [INFO] info - get params:{}
[2024-02-17T16:16:03.082] [INFO] info - post params:{"_id":"63ff31b0087fe67d693b82d4","action":"delete"}
[2024-02-17T16:16:03.083] [INFO] info - delete——id:63ff31b0087fe67d693b82d4
[2024-02-17T16:16:03.097] [INFO] info - get params:{"menuState":"1"}
[2024-02-17T16:16:03.097] [INFO] info - post params:{}
[2024-02-17T16:17:16.054] [INFO] info - get params:{}
[2024-02-17T16:17:16.054] [INFO] info - post params:{"_id":"63ff31b0087fe67d693b82d4","action":"delete"}
[2024-02-17T16:17:16.055] [INFO] info - delete——id:63ff31b0087fe67d693b82d4
[2024-02-17T16:17:16.066] [INFO] info - get params:{"menuState":"1"}
[2024-02-17T16:17:16.066] [INFO] info - post params:{}
[2024-02-17T16:17:46.386] [INFO] info - get params:{}
[2024-02-17T16:17:46.387] [INFO] info - post params:{"parentId":["63fcc187087fe67d693b6d06","63fdf2e0087fe67d693b7aec"],"menuType":1,"menuState":1,"menuName":"测试2","action":"add"}
[2024-02-17T16:17:46.387] [INFO] info - delete——id:undefined
[2024-02-17T16:17:46.735] [INFO] info - get params:{"menuState":"1"}
[2024-02-17T16:17:46.735] [INFO] info - post params:{}
[2024-02-17T16:27:01.633] [INFO] info - get params:{}
[2024-02-17T16:27:01.633] [INFO] info - post params:{}
[2024-02-17T16:27:01.736] [INFO] info - get params:{}
[2024-02-17T16:27:01.736] [INFO] info - post params:{}
[2024-02-17T16:27:01.738] [INFO] info - get params:{}
[2024-02-17T16:27:01.739] [INFO] info - post params:{}
[2024-02-17T16:27:01.740] [INFO] info - get params:{"menuState":"1"}
[2024-02-17T16:27:01.741] [INFO] info - post params:{}
[2024-02-17T16:27:06.985] [INFO] info - get params:{"state":"1","pageNum":"1","pageSize":"10"}
[2024-02-17T16:27:06.985] [INFO] info - post params:{}
[2024-02-17T16:27:06.987] [INFO] info - get params:{}
[2024-02-17T16:27:06.987] [INFO] info - post params:{}
[2024-02-17T16:27:06.989] [INFO] info - get params:{}
[2024-02-17T16:27:06.989] [INFO] info - post params:{}
[2024-02-17T16:27:08.714] [INFO] info - get params:{"menuState":"1"}
[2024-02-17T16:27:08.715] [INFO] info - post params:{}
[2024-02-17T16:27:29.800] [INFO] info - get params:{"state":"1","pageNum":"1","pageSize":"10"}
[2024-02-17T16:27:29.800] [INFO] info - post params:{}
[2024-02-17T16:27:30.117] [INFO] info - get params:{}
[2024-02-17T16:27:30.117] [INFO] info - post params:{}
[2024-02-17T16:27:30.118] [INFO] info - get params:{}
[2024-02-17T16:27:30.118] [INFO] info - post params:{}
[2024-02-17T16:27:32.366] [INFO] info - get params:{"deptName":""}
[2024-02-17T16:27:32.366] [INFO] info - post params:{}
[2024-02-17T16:27:32.602] [INFO] info - get params:{}
[2024-02-17T16:27:32.602] [INFO] info - post params:{}
[2024-02-17T16:27:33.725] [INFO] info - get params:{"roleName":"","total":"0","pageNum":"1","pageSize":"10"}
[2024-02-17T16:27:33.725] [INFO] info - post params:{}
[2024-02-17T16:27:34.038] [INFO] info - get params:{}
[2024-02-17T16:27:34.039] [INFO] info - post params:{}
[2024-02-17T16:27:37.157] [INFO] info - get params:{"deptName":""}
[2024-02-17T16:27:37.157] [INFO] info - post params:{}
[2024-02-17T16:27:37.158] [INFO] info - get params:{}
[2024-02-17T16:27:37.158] [INFO] info - post params:{}
[2024-02-17T16:27:39.569] [INFO] info - get params:{"roleName":"","total":"0","pageNum":"1","pageSize":"10"}
[2024-02-17T16:27:39.569] [INFO] info - post params:{}
[2024-02-17T16:27:39.878] [INFO] info - get params:{}
[2024-02-17T16:27:39.878] [INFO] info - post params:{}
[2024-02-17T16:27:43.999] [INFO] info - get params:{"deptName":""}
[2024-02-17T16:27:43.999] [INFO] info - post params:{}
[2024-02-17T16:27:44.000] [INFO] info - get params:{}
[2024-02-17T16:27:44.000] [INFO] info - post params:{}
[2024-02-17T16:29:36.462] [INFO] info - get params:{}
[2024-02-17T16:29:36.462] [INFO] info - post params:{}
[2024-02-17T16:29:36.550] [INFO] info - get params:{"deptName":""}
[2024-02-17T16:29:36.550] [INFO] info - post params:{}
[2024-02-17T16:29:36.552] [INFO] info - get params:{}
[2024-02-17T16:29:36.552] [INFO] info - post params:{}
[2024-02-17T16:29:36.555] [INFO] info - get params:{}
[2024-02-17T16:29:36.555] [INFO] info - post params:{}
[2024-02-17T16:29:36.560] [INFO] info - get params:{}
[2024-02-17T16:29:36.560] [INFO] info - post params:{}
[2024-02-17T16:29:47.459] [INFO] info - get params:{}
[2024-02-17T16:29:47.459] [INFO] info - post params:{"_id":"6499286b85514262b61ee254","action":"delete"}
[2024-02-17T16:29:47.778] [INFO] info - get params:{"deptName":""}
[2024-02-17T16:29:47.778] [INFO] info - post params:{}
[2024-02-17T16:30:05.372] [INFO] info - get params:{}
[2024-02-17T16:30:05.372] [INFO] info - post params:{"parentId":[null],"deptName":"1","userId":"1000002","userName":"admin","userEmail":"admin@imooc.com","action":"create"}
[2024-02-17T16:30:05.697] [INFO] info - get params:{"deptName":""}
[2024-02-17T16:30:05.697] [INFO] info - post params:{}
[2024-02-17T16:46:10.224] [INFO] info - get params:{}
[2024-02-17T16:46:10.224] [INFO] info - post params:{}
[2024-02-17T16:46:13.130] [INFO] info - get params:{}
[2024-02-17T16:46:13.130] [INFO] info - post params:{"userName":"admin","userPwd":"admin"}
[2024-02-17T16:46:13.134] [INFO] info - User.findOne:{
  deptId: [ '6499285c85514262b61ee251' ],
  state: 1,
  role: 0,
  roleList: [ '609781b45ccd183084f8ea3d' ],
  _id: 624a933005dd5a2e953c612b,
  userId: 1000002,
  userName: 'admin',
  userEmail: 'admin@imooc.com'
}
[2024-02-17T16:46:13.140] [INFO] info - get params:{}
[2024-02-17T16:46:13.141] [INFO] info - post params:{}
[2024-02-17T16:46:13.181] [INFO] info - get params:{}
[2024-02-17T16:46:13.181] [INFO] info - post params:{}
[2024-02-17T16:46:13.183] [INFO] info - get params:{}
[2024-02-17T16:46:13.183] [INFO] info - post params:{}
[2024-02-17T16:46:16.017] [INFO] info - get params:{}
[2024-02-17T16:46:16.017] [INFO] info - post params:{}
[2024-02-17T16:46:16.328] [INFO] info - get params:{}
[2024-02-17T16:46:16.328] [INFO] info - post params:{}
[2024-02-17T16:46:18.501] [INFO] info - get params:{}
[2024-02-17T16:46:18.502] [INFO] info - post params:{}
[2024-02-17T16:46:18.503] [INFO] info - get params:{}
[2024-02-17T16:46:18.503] [INFO] info - post params:{}
[2024-02-17T16:46:23.095] [INFO] info - get params:{}
[2024-02-17T16:46:23.095] [INFO] info - post params:{}
[2024-02-17T16:46:23.096] [INFO] info - get params:{}
[2024-02-17T16:46:23.096] [INFO] info - post params:{}
[2024-02-17T21:52:35.393] [INFO] info - get params:{}
[2024-02-17T21:52:35.394] [INFO] info - post params:{}
[2024-02-17T21:52:35.554] [INFO] info - get params:{}
[2024-02-17T21:52:35.554] [INFO] info - post params:{}
[2024-02-17T21:52:35.557] [INFO] info - get params:{}
[2024-02-17T21:52:35.558] [INFO] info - post params:{}
[2024-02-17T21:53:42.539] [INFO] info - get params:{}
[2024-02-17T21:53:42.539] [INFO] info - post params:{}
[2024-02-17T21:53:43.881] [INFO] info - get params:{}
[2024-02-17T21:53:43.881] [INFO] info - post params:{"userName":"admin","userPwd":"admin"}
[2024-02-17T21:53:43.883] [INFO] info - User.findOne:{
  deptId: [ '6499285c85514262b61ee251' ],
  state: 1,
  role: 0,
  roleList: [ '609781b45ccd183084f8ea3d' ],
  _id: 624a933005dd5a2e953c612b,
  userId: 1000002,
  userName: 'admin',
  userEmail: 'admin@imooc.com'
}
[2024-02-17T21:53:43.890] [INFO] info - get params:{}
[2024-02-17T21:53:43.890] [INFO] info - post params:{}
[2024-02-17T21:53:43.944] [INFO] info - get params:{}
[2024-02-17T21:53:43.944] [INFO] info - post params:{}
[2024-02-17T21:53:43.946] [INFO] info - get params:{}
[2024-02-17T21:53:43.946] [INFO] info - post params:{}
[2024-02-17T21:53:45.662] [INFO] info - get params:{}
[2024-02-17T21:53:45.662] [INFO] info - post params:{"userName":"admin","userPwd":"admin"}
[2024-02-17T21:53:45.665] [INFO] info - User.findOne:{
  deptId: [ '6499285c85514262b61ee251' ],
  state: 1,
  role: 0,
  roleList: [ '609781b45ccd183084f8ea3d' ],
  _id: 624a933005dd5a2e953c612b,
  userId: 1000002,
  userName: 'admin',
  userEmail: 'admin@imooc.com'
}
[2024-02-17T21:53:45.671] [INFO] info - get params:{}
[2024-02-17T21:53:45.671] [INFO] info - post params:{}
[2024-02-17T21:53:46.001] [INFO] info - get params:{}
[2024-02-17T21:53:46.002] [INFO] info - post params:{}
[2024-02-17T21:53:46.003] [INFO] info - get params:{}
[2024-02-17T21:53:46.003] [INFO] info - post params:{}
[2024-02-17T21:54:16.606] [INFO] info - get params:{}
[2024-02-17T21:54:16.606] [INFO] info - post params:{}
[2024-02-17T21:54:16.608] [INFO] info - get params:{}
[2024-02-17T21:54:16.608] [INFO] info - post params:{}
[2024-02-17T21:59:40.174] [INFO] info - get params:{}
[2024-02-17T21:59:40.174] [INFO] info - post params:{}
[2024-02-17T21:59:40.251] [INFO] info - get params:{}
[2024-02-17T21:59:40.251] [INFO] info - post params:{}
[2024-02-17T21:59:40.253] [INFO] info - get params:{}
[2024-02-17T21:59:40.254] [INFO] info - post params:{}
[2024-02-17T22:01:04.675] [INFO] info - get params:{}
[2024-02-17T22:01:04.675] [INFO] info - post params:{}
[2024-02-17T22:01:04.781] [INFO] info - get params:{}
[2024-02-17T22:01:04.781] [INFO] info - post params:{}
[2024-02-17T22:01:04.783] [INFO] info - get params:{}
[2024-02-17T22:01:04.783] [INFO] info - post params:{}
[2024-02-17T22:01:19.019] [INFO] info - get params:{}
[2024-02-17T22:01:19.020] [INFO] info - post params:{}
[2024-02-17T22:01:19.130] [INFO] info - get params:{}
[2024-02-17T22:01:19.131] [INFO] info - post params:{}
[2024-02-17T22:01:19.132] [INFO] info - get params:{}
[2024-02-17T22:01:19.132] [INFO] info - post params:{}
[2024-02-17T22:02:20.478] [INFO] info - get params:{}
[2024-02-17T22:02:20.478] [INFO] info - post params:{}
[2024-02-17T22:02:32.350] [INFO] info - get params:{}
[2024-02-17T22:02:32.350] [INFO] info - post params:{}
[2024-02-17T22:02:32.444] [INFO] info - get params:{"state":"1","pageNum":"1","pageSize":"10"}
[2024-02-17T22:02:32.444] [INFO] info - post params:{}
[2024-02-17T22:02:32.445] [INFO] info - get params:{}
[2024-02-17T22:02:32.445] [INFO] info - post params:{}
[2024-02-17T22:02:32.544] [INFO] info - get params:{}
[2024-02-17T22:02:32.544] [INFO] info - post params:{}
[2024-02-17T22:02:32.545] [INFO] info - get params:{}
[2024-02-17T22:02:32.545] [INFO] info - post params:{}
[2024-02-17T22:02:32.546] [INFO] info - get params:{}
[2024-02-17T22:02:32.546] [INFO] info - post params:{}
[2024-02-17T22:03:46.844] [INFO] info - get params:{}
[2024-02-17T22:03:46.844] [INFO] info - post params:{}
[2024-02-17T22:03:46.945] [INFO] info - get params:{"state":"1","pageNum":"1","pageSize":"10"}
[2024-02-17T22:03:46.945] [INFO] info - post params:{}
[2024-02-17T22:03:46.989] [INFO] info - get params:{}
[2024-02-17T22:03:46.989] [INFO] info - post params:{}
[2024-02-17T22:03:47.033] [INFO] info - get params:{}
[2024-02-17T22:03:47.033] [INFO] info - post params:{}
[2024-02-17T22:03:47.034] [INFO] info - get params:{}
[2024-02-17T22:03:47.035] [INFO] info - post params:{}
[2024-02-17T22:03:47.037] [INFO] info - get params:{}
[2024-02-17T22:03:47.038] [INFO] info - post params:{}
[2024-02-17T22:05:03.230] [INFO] info - get params:{}
[2024-02-17T22:05:03.230] [INFO] info - post params:{}
[2024-02-17T22:05:03.325] [INFO] info - get params:{"state":"1","pageNum":"1","pageSize":"10"}
[2024-02-17T22:05:03.326] [INFO] info - post params:{}
[2024-02-17T22:05:03.363] [INFO] info - get params:{}
[2024-02-17T22:05:03.363] [INFO] info - post params:{}
[2024-02-17T22:05:03.416] [INFO] info - get params:{}
[2024-02-17T22:05:03.416] [INFO] info - post params:{}
[2024-02-17T22:05:03.417] [INFO] info - get params:{}
[2024-02-17T22:05:03.417] [INFO] info - post params:{}
[2024-02-17T22:05:03.455] [INFO] info - get params:{}
[2024-02-17T22:05:03.455] [INFO] info - post params:{}
[2024-02-17T22:05:12.249] [INFO] info - get params:{"state":"1","pageNum":"1","pageSize":"10"}
[2024-02-17T22:05:12.250] [INFO] info - post params:{}
[2024-02-17T22:05:12.251] [INFO] info - get params:{}
[2024-02-17T22:05:12.251] [INFO] info - post params:{}
[2024-02-17T22:05:12.565] [INFO] info - get params:{}
[2024-02-17T22:05:12.566] [INFO] info - post params:{}
[2024-02-17T22:05:12.567] [INFO] info - get params:{}
[2024-02-17T22:05:12.567] [INFO] info - post params:{}
[2024-02-17T22:05:12.567] [INFO] info - get params:{}
[2024-02-17T22:05:12.568] [INFO] info - post params:{}
[2024-02-17T22:05:59.474] [INFO] info - get params:{}
[2024-02-17T22:05:59.474] [INFO] info - post params:{}
[2024-02-17T22:05:59.671] [INFO] info - get params:{}
[2024-02-17T22:05:59.672] [INFO] info - post params:{}
[2024-02-17T22:05:59.673] [INFO] info - get params:{}
[2024-02-17T22:05:59.673] [INFO] info - post params:{}
[2024-02-17T22:06:07.664] [INFO] info - get params:{}
[2024-02-17T22:06:07.664] [INFO] info - post params:{"userName":"admin","userPwd":"admin"}
[2024-02-17T22:06:07.666] [INFO] info - User.findOne:{
  deptId: [ '6499285c85514262b61ee251' ],
  state: 1,
  role: 0,
  roleList: [ '609781b45ccd183084f8ea3d' ],
  _id: 624a933005dd5a2e953c612b,
  userId: 1000002,
  userName: 'admin',
  userEmail: 'admin@imooc.com'
}
[2024-02-17T22:06:07.980] [INFO] info - get params:{}
[2024-02-17T22:06:07.980] [INFO] info - post params:{}
[2024-02-17T22:06:08.305] [INFO] info - get params:{}
[2024-02-17T22:06:08.305] [INFO] info - post params:{}
[2024-02-17T22:06:08.306] [INFO] info - get params:{}
[2024-02-17T22:06:08.307] [INFO] info - post params:{}
[2024-02-17T22:06:35.455] [INFO] info - get params:{"state":"1","pageNum":"1","pageSize":"10"}
[2024-02-17T22:06:35.455] [INFO] info - post params:{}
[2024-02-17T22:06:35.599] [INFO] info - get params:{}
[2024-02-17T22:06:35.600] [INFO] info - post params:{}
[2024-02-17T22:06:35.771] [INFO] info - get params:{}
[2024-02-17T22:06:35.771] [INFO] info - post params:{}
[2024-02-17T22:07:51.779] [INFO] info - **数据库连接成功**
[2024-02-17T22:12:57.724] [INFO] info - get params:{}
[2024-02-17T22:12:57.724] [INFO] info - post params:{}
[2024-02-17T22:12:57.730] [INFO] info - get params:{}
[2024-02-17T22:12:57.730] [INFO] info - post params:{}
[2024-02-17T22:13:00.836] [INFO] info - get params:{}
[2024-02-17T22:13:00.836] [INFO] info - post params:{"userName":"admin","userPwd":"admin"}
[2024-02-17T22:13:00.851] [INFO] info - User.findOne:{
  deptId: [ '6499285c85514262b61ee251' ],
  state: 1,
  role: 0,
  roleList: [ '609781b45ccd183084f8ea3d' ],
  _id: 624a933005dd5a2e953c612b,
  userId: 1000002,
  userName: 'admin',
  userEmail: 'admin@imooc.com'
}
[2024-02-17T22:13:00.861] [INFO] info - get params:{}
[2024-02-17T22:13:00.861] [INFO] info - post params:{}
[2024-02-17T22:13:00.907] [INFO] info - get params:{}
[2024-02-17T22:13:00.908] [INFO] info - post params:{}
[2024-02-17T22:13:00.910] [INFO] info - get params:{}
[2024-02-17T22:13:00.911] [INFO] info - post params:{}
[2024-02-17T22:13:09.129] [INFO] info - get params:{}
[2024-02-17T22:13:09.129] [INFO] info - post params:{}
[2024-02-17T22:13:09.130] [INFO] info - get params:{}
[2024-02-17T22:13:09.130] [INFO] info - post params:{}
[2024-02-17T22:13:11.801] [INFO] info - get params:{}
[2024-02-17T22:13:11.801] [INFO] info - post params:{}
[2024-02-17T22:13:12.111] [INFO] info - get params:{}
[2024-02-17T22:13:12.111] [INFO] info - post params:{}
[2024-02-17T22:24:02.363] [INFO] info - get params:{}
[2024-02-17T22:24:02.363] [INFO] info - post params:{}
[2024-02-17T22:24:02.365] [INFO] info - get params:{}
[2024-02-17T22:24:02.365] [INFO] info - post params:{}
[2024-02-17T22:24:57.801] [INFO] info - get params:{}
[2024-02-17T22:24:57.801] [INFO] info - post params:{}
[2024-02-17T22:24:57.803] [INFO] info - get params:{}
[2024-02-17T22:24:57.803] [INFO] info - post params:{}
[2024-02-17T22:25:26.915] [INFO] info - get params:{}
[2024-02-17T22:25:26.915] [INFO] info - post params:{}
[2024-02-17T22:25:27.005] [INFO] info - get params:{}
[2024-02-17T22:25:27.005] [INFO] info - post params:{}
[2024-02-17T22:25:27.007] [INFO] info - get params:{}
[2024-02-17T22:25:27.007] [INFO] info - post params:{}
[2024-02-17T22:26:37.072] [INFO] info - get params:{}
[2024-02-17T22:26:37.072] [INFO] info - post params:{}
[2024-02-17T22:26:37.167] [INFO] info - get params:{}
[2024-02-17T22:26:37.168] [INFO] info - post params:{}
[2024-02-17T22:26:37.169] [INFO] info - get params:{}
[2024-02-17T22:26:37.169] [INFO] info - post params:{}
[2024-02-17T22:26:56.943] [INFO] info - get params:{}
[2024-02-17T22:26:56.943] [INFO] info - post params:{}
[2024-02-17T22:26:57.045] [INFO] info - get params:{}
[2024-02-17T22:26:57.045] [INFO] info - post params:{}
[2024-02-17T22:26:57.047] [INFO] info - get params:{}
[2024-02-17T22:26:57.047] [INFO] info - post params:{}
[2024-02-17T22:27:00.360] [INFO] info - get params:{}
[2024-02-17T22:27:00.360] [INFO] info - post params:{}
[2024-02-17T22:27:00.433] [INFO] info - get params:{}
[2024-02-17T22:27:00.433] [INFO] info - post params:{}
[2024-02-17T22:27:00.438] [INFO] info - get params:{}
[2024-02-17T22:27:00.438] [INFO] info - post params:{}
[2024-02-17T22:27:38.478] [INFO] info - get params:{}
[2024-02-17T22:27:38.478] [INFO] info - post params:{}
[2024-02-17T22:27:38.635] [INFO] info - get params:{}
[2024-02-17T22:27:38.635] [INFO] info - post params:{}
[2024-02-17T22:27:38.638] [INFO] info - get params:{}
[2024-02-17T22:27:38.639] [INFO] info - post params:{}
[2024-02-17T22:27:42.795] [INFO] info - get params:{}
[2024-02-17T22:27:42.795] [INFO] info - post params:{}
[2024-02-17T22:27:42.893] [INFO] info - get params:{}
[2024-02-17T22:27:42.893] [INFO] info - post params:{}
[2024-02-17T22:27:42.895] [INFO] info - get params:{}
[2024-02-17T22:27:42.895] [INFO] info - post params:{}
[2024-02-17T22:29:54.757] [INFO] info - get params:{}
[2024-02-17T22:29:54.757] [INFO] info - post params:{}
[2024-02-17T22:29:54.946] [INFO] info - get params:{"menuState":"1"}
[2024-02-17T22:29:54.946] [INFO] info - post params:{}
[2024-02-17T22:29:54.948] [INFO] info - get params:{}
[2024-02-17T22:29:54.949] [INFO] info - post params:{}
[2024-02-17T22:29:54.951] [INFO] info - get params:{}
[2024-02-17T22:29:54.952] [INFO] info - post params:{}
[2024-02-17T22:43:51.683] [INFO] info - get params:{}
[2024-02-17T22:43:51.683] [INFO] info - post params:{}
[2024-02-17T22:43:53.969] [INFO] info - get params:{}
[2024-02-17T22:43:53.969] [INFO] info - post params:{}
[2024-02-17T22:43:53.970] [INFO] info - get params:{}
[2024-02-17T22:43:53.970] [INFO] info - post params:{}
[2024-02-17T22:43:58.373] [INFO] info - get params:{"state":"1","pageNum":"1","pageSize":"10"}
[2024-02-17T22:43:58.373] [INFO] info - post params:{}
[2024-02-17T22:43:58.375] [INFO] info - get params:{}
[2024-02-17T22:43:58.375] [INFO] info - post params:{}
[2024-02-17T22:43:58.377] [INFO] info - get params:{}
[2024-02-17T22:43:58.377] [INFO] info - post params:{}
[2024-02-17T22:45:53.553] [INFO] info - get params:{"applyState":"1","pageNum":"1","pageSize":"10","total":"0"}
[2024-02-17T22:45:53.553] [INFO] info - post params:{}
[2024-02-17T22:45:55.241] [INFO] info - get params:{"applyState":"1","pageNum":"1","pageSize":"10","total":"0"}
[2024-02-17T22:45:55.241] [INFO] info - post params:{}
[2024-02-17T22:45:59.210] [INFO] info - get params:{}
[2024-02-17T22:45:59.210] [INFO] info - post params:{}
[2024-02-17T22:45:59.328] [INFO] info - get params:{"applyState":"1","pageNum":"1","pageSize":"10","total":"0"}
[2024-02-17T22:45:59.328] [INFO] info - post params:{}
[2024-02-17T22:45:59.331] [INFO] info - get params:{}
[2024-02-17T22:45:59.332] [INFO] info - post params:{}
[2024-02-17T22:45:59.334] [INFO] info - get params:{}
[2024-02-17T22:45:59.334] [INFO] info - post params:{}
[2024-02-17T22:46:07.118] [INFO] info - get params:{"applyState":"1","pageNum":"1","pageSize":"10","total":"0"}
[2024-02-17T22:46:07.118] [INFO] info - post params:{}
[2024-02-17T22:46:15.191] [INFO] info - get params:{"applyState":"","pageNum":"1","pageSize":"10","total":"0"}
[2024-02-17T22:46:15.191] [INFO] info - post params:{}
[2024-02-17T22:46:37.706] [INFO] info - get params:{"applyState":"1","pageNum":"1","pageSize":"10","total":"0","type":"approve"}
[2024-02-17T22:46:37.706] [INFO] info - post params:{}
[2024-02-17T22:46:39.559] [INFO] info - get params:{"applyState":"1","pageNum":"1","pageSize":"10","total":"0","type":"approve"}
[2024-02-17T22:46:39.559] [INFO] info - post params:{}
[2024-02-17T22:46:42.070] [INFO] info - get params:{"menuState":"1"}
[2024-02-17T22:46:42.070] [INFO] info - post params:{}
[2024-02-17T22:46:43.082] [INFO] info - get params:{"roleName":"","total":"0","pageNum":"1","pageSize":"10"}
[2024-02-17T22:46:43.083] [INFO] info - post params:{}
[2024-02-17T22:46:43.242] [INFO] info - get params:{}
[2024-02-17T22:46:43.242] [INFO] info - post params:{}
[2024-02-17T22:46:45.588] [INFO] info - get params:{"menuState":"1"}
[2024-02-17T22:46:45.588] [INFO] info - post params:{}
[2024-02-17T22:46:53.627] [INFO] info - get params:{"roleName":"","total":"0","pageNum":"1","pageSize":"10"}
[2024-02-17T22:46:53.627] [INFO] info - post params:{}
[2024-02-17T22:46:53.628] [INFO] info - get params:{}
[2024-02-17T22:46:53.628] [INFO] info - post params:{}
[2024-02-17T22:46:55.298] [INFO] info - get params:{"deptName":""}
[2024-02-17T22:46:55.298] [INFO] info - post params:{}
[2024-02-17T22:46:55.600] [INFO] info - get params:{}
[2024-02-17T22:46:55.600] [INFO] info - post params:{}
[2024-02-17T22:46:59.173] [INFO] info - get params:{"applyState":"1","pageNum":"1","pageSize":"10","total":"0"}
[2024-02-17T22:46:59.173] [INFO] info - post params:{}
[2024-02-17T22:47:42.755] [INFO] info - get params:{"applyState":"","pageNum":"1","pageSize":"10","total":"0"}
[2024-02-17T22:47:42.755] [INFO] info - post params:{}
[2024-02-17T22:49:03.616] [INFO] info - get params:{"deptName":""}
[2024-02-17T22:49:03.616] [INFO] info - post params:{}
[2024-02-17T22:49:03.617] [INFO] info - get params:{}
[2024-02-17T22:49:03.617] [INFO] info - post params:{}
[2024-02-17T22:49:23.922] [INFO] info - get params:{}
[2024-02-17T22:49:23.922] [INFO] info - post params:{"parentId":[null],"deptName":"管理员","userId":"1000002","userName":"admin","userEmail":"admin@imooc.com","action":"create"}
[2024-02-17T22:49:24.262] [INFO] info - get params:{"deptName":""}
[2024-02-17T22:49:24.262] [INFO] info - post params:{}
[2024-02-17T22:49:48.573] [INFO] info - get params:{}
[2024-02-17T22:49:48.573] [INFO] info - post params:{}
[2024-02-17T22:49:48.784] [INFO] info - get params:{}
[2024-02-17T22:49:48.784] [INFO] info - post params:{}
[2024-02-17T22:49:48.786] [INFO] info - get params:{}
[2024-02-17T22:49:48.787] [INFO] info - post params:{}
[2024-02-17T22:49:48.788] [INFO] info - get params:{}
[2024-02-17T22:49:48.788] [INFO] info - post params:{}
[2024-02-17T22:49:48.789] [INFO] info - get params:{"deptName":""}
[2024-02-17T22:49:48.789] [INFO] info - post params:{}
[2024-02-17T22:49:52.189] [INFO] info - get params:{"roleName":"","total":"0","pageNum":"1","pageSize":"10"}
[2024-02-17T22:49:52.190] [INFO] info - post params:{}
[2024-02-17T22:49:52.192] [INFO] info - get params:{}
[2024-02-17T22:49:52.192] [INFO] info - post params:{}
[2024-02-17T22:49:55.929] [INFO] info - get params:{"deptName":""}
[2024-02-17T22:49:55.929] [INFO] info - post params:{}
[2024-02-17T22:49:56.235] [INFO] info - get params:{}
[2024-02-17T22:49:56.235] [INFO] info - post params:{}
[2024-02-17T22:49:56.783] [INFO] info - get params:{"roleName":"","total":"0","pageNum":"1","pageSize":"10"}
[2024-02-17T22:49:56.783] [INFO] info - post params:{}
[2024-02-17T22:49:56.784] [INFO] info - get params:{}
[2024-02-17T22:49:56.784] [INFO] info - post params:{}
[2024-02-17T22:49:57.398] [INFO] info - get params:{"deptName":""}
[2024-02-17T22:49:57.398] [INFO] info - post params:{}
[2024-02-17T22:49:57.706] [INFO] info - get params:{}
[2024-02-17T22:49:57.706] [INFO] info - post params:{}
[2024-02-17T22:50:06.752] [INFO] info - get params:{}
[2024-02-17T22:50:06.752] [INFO] info - post params:{"parentId":[null],"updateTime":"2024-02-17T14:07:51.697Z","createTime":"2024-02-17T14:07:51.697Z","_id":"65d0c7731388403ba81aa23d","deptName":"行政部门","userId":"1000002","userName":"admin","userEmail":"admin@imooc.com","__v":0,"action":"edit"}
[2024-02-17T22:50:07.017] [INFO] info - get params:{"deptName":""}
[2024-02-17T22:50:07.017] [INFO] info - post params:{}
[2024-02-17T22:50:16.904] [INFO] info - get params:{}
[2024-02-17T22:50:16.905] [INFO] info - post params:{"parentId":[null],"updateTime":"2024-02-17T14:50:06.753Z","createTime":"2024-02-17T14:07:51.697Z","_id":"65d0c7731388403ba81aa23d","deptName":"人事部门","userId":"1000002","userName":"admin","userEmail":"admin@imooc.com","__v":0,"action":"edit"}
[2024-02-17T22:50:17.231] [INFO] info - get params:{"deptName":""}
[2024-02-17T22:50:17.231] [INFO] info - post params:{}
[2024-02-17T22:50:18.659] [INFO] info - get params:{"roleName":"","total":"0","pageNum":"1","pageSize":"10"}
[2024-02-17T22:50:18.659] [INFO] info - post params:{}
[2024-02-17T22:50:18.964] [INFO] info - get params:{}
[2024-02-17T22:50:18.964] [INFO] info - post params:{}
[2024-02-17T22:50:20.653] [INFO] info - get params:{"menuState":"1"}
[2024-02-17T22:50:20.654] [INFO] info - post params:{}
[2024-02-17T22:50:24.644] [INFO] info - get params:{"state":"1","pageNum":"1","pageSize":"10"}
[2024-02-17T22:50:24.644] [INFO] info - post params:{}
[2024-02-17T22:50:24.950] [INFO] info - get params:{}
[2024-02-17T22:50:24.950] [INFO] info - post params:{}
[2024-02-17T22:50:24.951] [INFO] info - get params:{}
[2024-02-17T22:50:24.951] [INFO] info - post params:{}
[2024-02-17T22:50:28.648] [INFO] info - get params:{"menuState":"1"}
[2024-02-17T22:50:28.648] [INFO] info - post params:{}
[2024-02-17T22:50:33.179] [INFO] info - get params:{"applyState":"1","pageNum":"1","pageSize":"10","total":"0"}
[2024-02-17T22:50:33.179] [INFO] info - post params:{}
[2024-02-17T22:50:53.185] [INFO] info - get params:{}
[2024-02-17T22:50:53.185] [INFO] info - post params:{"applyType":1,"startTime":"2024-02-11T16:00:00.000Z","endTime":"2024-02-19T16:00:00.000Z","leaveTime":"9天","reasons":"休息","action":"create"}
[2024-02-17T22:50:54.455] [INFO] info - get params:{}
[2024-02-17T22:50:54.455] [INFO] info - post params:{"applyType":1,"startTime":"2024-02-11T16:00:00.000Z","endTime":"2024-02-19T16:00:00.000Z","leaveTime":"9天","reasons":"休息","action":"create"}
[2024-02-17T22:51:16.382] [INFO] info - get params:{"state":"1","pageNum":"1","pageSize":"10"}
[2024-02-17T22:51:16.382] [INFO] info - post params:{}
[2024-02-17T22:51:16.384] [INFO] info - get params:{}
[2024-02-17T22:51:16.384] [INFO] info - post params:{}
[2024-02-17T22:51:16.385] [INFO] info - get params:{}
[2024-02-17T22:51:16.385] [INFO] info - post params:{}
[2024-02-17T22:51:51.721] [INFO] info - get params:{}
[2024-02-17T22:51:51.722] [INFO] info - post params:{"state":1,"roleList":[],"userName":"员工1","userEmail":"asdo-asdk@imooc.com","mobile":"162392879208","job":"文员","deptId":["65d0c7731388403ba81aa23d"],"action":"add"}
[2024-02-17T22:52:10.470] [INFO] info - get params:{"deptName":""}
[2024-02-17T22:52:10.470] [INFO] info - post params:{}
[2024-02-17T22:52:10.471] [INFO] info - get params:{}
[2024-02-17T22:52:10.471] [INFO] info - post params:{}
[2024-02-17T22:52:33.231] [INFO] info - get params:{}
[2024-02-17T22:52:33.231] [INFO] info - post params:{"parentId":[null],"deptName":"前端研发部","userId":"1000002","userName":"admin","userEmail":"admin@imooc.com","action":"create"}
[2024-02-17T22:52:33.557] [INFO] info - get params:{"deptName":""}
[2024-02-17T22:52:33.558] [INFO] info - post params:{}
[2024-02-17T22:52:43.731] [INFO] info - get params:{"state":"1","pageNum":"1","pageSize":"10"}
[2024-02-17T22:52:43.732] [INFO] info - post params:{}
[2024-02-17T22:52:44.041] [INFO] info - get params:{}
[2024-02-17T22:52:44.041] [INFO] info - post params:{}
[2024-02-17T22:52:44.042] [INFO] info - get params:{}
[2024-02-17T22:52:44.042] [INFO] info - post params:{}
[2024-02-17T22:53:22.370] [INFO] info - get params:{}
[2024-02-17T22:53:22.370] [INFO] info - post params:{"state":1,"roleList":[],"userName":"员工1","userEmail":"791919140@imooc.com","mobile":"13623456545","job":"前端开发","deptId":["65d0c8311388403ba81aa26c"],"action":"add"}
[2024-02-17T22:53:32.939] [INFO] info - get params:{"roleName":"","total":"0","pageNum":"1","pageSize":"10"}
[2024-02-17T22:53:32.939] [INFO] info - post params:{}
[2024-02-17T22:53:33.248] [INFO] info - get params:{}
[2024-02-17T22:53:33.248] [INFO] info - post params:{}
[2024-02-17T22:53:39.284] [INFO] info - get params:{}
[2024-02-17T22:53:39.284] [INFO] info - post params:{"_id":"609781b45ccd183084f8ea3d","permissionList":{"checkedKeys":["60a0e80d92ea01921486ecac","60a0e81c92ea01921486ecad","60a0e82592ea01921486ecae","60a0e83392ea01921486ecaf","6083f63bc30e1188761493f4","60a0e84c92ea01921486ecb0","60a0e85392ea01921486ecb1","60a0e85c92ea01921486ecb2","60978d6a3c0c8738d016ca5f","60a0e87392ea01921486ecb3","60a0e87b92ea01921486ecb4","60a0e88792ea01921486ecb5","60a0e89192ea01921486ecb6","60979e5a3c0c8738d016ca61","60a0e8b092ea01921486ecb7","60a0e8b892ea01921486ecb8","60a0e8c392ea01921486ecb9","60aa1675a19f033ebc1c7f92","60b2164931165fbf56a7d674","60b2165f31165fbf56a7d675","64f04caf85514262b61f2b8e"],"halfCheckedKeys":["6069beb8b306e7f18dd72efc","6069bec6b306e7f18dd72efd","6083d756c30e1188761493f2","6083d76bc30e1188761493f3","60979e4d3c0c8738d016ca60","6069bedfb306e7f18dd72efe","60aa14a5e6b0fa3dc8fb5024","60aa14b6e6b0fa3dc8fb5025","64f04c1a85514262b61f2b7b"]}}
[2024-02-17T22:53:39.551] [INFO] info - get params:{"roleName":"","total":"1","pageNum":"1","pageSize":"10"}
[2024-02-17T22:53:39.551] [INFO] info - post params:{}
[2024-02-17T22:53:53.730] [INFO] info - get params:{}
[2024-02-17T22:53:53.731] [INFO] info - post params:{"_id":"609781b45ccd183084f8ea3d","action":"delete"}
[2024-02-17T22:53:54.045] [INFO] info - get params:{"roleName":"","total":"1","pageNum":"1","pageSize":"10"}
[2024-02-17T22:53:54.045] [INFO] info - post params:{}
[2024-02-17T22:54:09.978] [INFO] info - get params:{}
[2024-02-17T22:54:09.978] [INFO] info - post params:{}
[2024-02-17T22:54:10.204] [INFO] info - get params:{"roleName":"","total":"0","pageNum":"1","pageSize":"10"}
[2024-02-17T22:54:10.204] [INFO] info - post params:{}
[2024-02-17T22:54:10.206] [INFO] info - get params:{}
[2024-02-17T22:54:10.206] [INFO] info - post params:{}
[2024-02-17T22:54:10.208] [INFO] info - get params:{}
[2024-02-17T22:54:10.208] [INFO] info - post params:{}
[2024-02-17T22:54:10.210] [INFO] info - get params:{}
[2024-02-17T22:54:10.211] [INFO] info - post params:{}
[2024-02-17T22:54:18.094] [INFO] info - get params:{}
[2024-02-17T22:54:18.095] [INFO] info - post params:{"roleName":"管理员","action":"create"}
[2024-02-17T22:54:18.418] [INFO] info - get params:{"roleName":"","total":"0","pageNum":"1","pageSize":"10"}
[2024-02-17T22:54:18.418] [INFO] info - post params:{}
[2024-02-17T22:54:28.165] [INFO] info - get params:{}
[2024-02-17T22:54:28.165] [INFO] info - post params:{"_id":"65d0c89a1388403ba81aa284","permissionList":{"checkedKeys":["60a0e80d92ea01921486ecac","60a0e81c92ea01921486ecad","60a0e82592ea01921486ecae","60a0e83392ea01921486ecaf","6083f63bc30e1188761493f4","60a0e84c92ea01921486ecb0","60a0e85392ea01921486ecb1","60a0e85c92ea01921486ecb2","60978d6a3c0c8738d016ca5f","60a0e87392ea01921486ecb3","60a0e87b92ea01921486ecb4","60a0e88792ea01921486ecb5","60a0e89192ea01921486ecb6","60979e5a3c0c8738d016ca61","60a0e8b092ea01921486ecb7","60a0e8b892ea01921486ecb8","60a0e8c392ea01921486ecb9","60aa1675a19f033ebc1c7f92","60b2164931165fbf56a7d674","60b2165f31165fbf56a7d675","64f04caf85514262b61f2b8e"],"halfCheckedKeys":["6069beb8b306e7f18dd72efc","6069bec6b306e7f18dd72efd","6083d756c30e1188761493f2","6083d76bc30e1188761493f3","60979e4d3c0c8738d016ca60","6069bedfb306e7f18dd72efe","60aa14a5e6b0fa3dc8fb5024","60aa14b6e6b0fa3dc8fb5025","64f04c1a85514262b61f2b7b"]}}
[2024-02-17T22:54:28.488] [INFO] info - get params:{"roleName":"","total":"1","pageNum":"1","pageSize":"10"}
[2024-02-17T22:54:28.488] [INFO] info - post params:{}
[2024-02-17T22:54:33.767] [INFO] info - get params:{}
[2024-02-17T22:54:33.767] [INFO] info - post params:{"_id":"65d0c89a1388403ba81aa284","action":"delete"}
[2024-02-17T22:54:34.076] [INFO] info - get params:{"roleName":"","total":"1","pageNum":"1","pageSize":"10"}
[2024-02-17T22:54:34.076] [INFO] info - post params:{}
[2024-02-17T22:54:45.545] [INFO] info - get params:{}
[2024-02-17T22:54:45.545] [INFO] info - post params:{"roleName":"管理员","remark":"所有权限","action":"create"}
[2024-02-17T22:54:45.864] [INFO] info - get params:{"roleName":"","total":"0","pageNum":"1","pageSize":"10"}
[2024-02-17T22:54:45.864] [INFO] info - post params:{}
[2024-02-17T22:54:53.582] [INFO] info - get params:{}
[2024-02-17T22:54:53.582] [INFO] info - post params:{"_id":"65d0c8b51388403ba81aa28e","permissionList":{"checkedKeys":["60a0e80d92ea01921486ecac","60a0e81c92ea01921486ecad","60a0e82592ea01921486ecae","60a0e83392ea01921486ecaf","6083f63bc30e1188761493f4","60a0e84c92ea01921486ecb0","60a0e85392ea01921486ecb1","60a0e85c92ea01921486ecb2","60978d6a3c0c8738d016ca5f","60a0e87392ea01921486ecb3","60a0e87b92ea01921486ecb4","60a0e88792ea01921486ecb5","60a0e89192ea01921486ecb6","60979e5a3c0c8738d016ca61","60a0e8b092ea01921486ecb7","60a0e8b892ea01921486ecb8","60a0e8c392ea01921486ecb9","60aa1675a19f033ebc1c7f92","60b2164931165fbf56a7d674","60b2165f31165fbf56a7d675","64f04caf85514262b61f2b8e"],"halfCheckedKeys":["6069beb8b306e7f18dd72efc","6069bec6b306e7f18dd72efd","6083d756c30e1188761493f2","6083d76bc30e1188761493f3","60979e4d3c0c8738d016ca60","6069bedfb306e7f18dd72efe","60aa14a5e6b0fa3dc8fb5024","60aa14b6e6b0fa3dc8fb5025","64f04c1a85514262b61f2b7b"]}}
[2024-02-17T22:54:53.901] [INFO] info - get params:{"roleName":"","total":"1","pageNum":"1","pageSize":"10"}
[2024-02-17T22:54:53.902] [INFO] info - post params:{}
[2024-02-17T22:55:19.770] [INFO] info - get params:{}
[2024-02-17T22:55:19.771] [INFO] info - post params:{"roleName":"员工","action":"create"}
[2024-02-17T22:55:20.096] [INFO] info - get params:{"roleName":"","total":"1","pageNum":"1","pageSize":"10"}
[2024-02-17T22:55:20.097] [INFO] info - post params:{}
[2024-02-17T22:55:29.650] [INFO] info - get params:{}
[2024-02-17T22:55:29.650] [INFO] info - post params:{"_id":"65d0c8d71388403ba81aa295","permissionList":{"checkedKeys":["60aa1675a19f033ebc1c7f92","60b2164931165fbf56a7d674","60b2165f31165fbf56a7d675"],"halfCheckedKeys":["6069bedfb306e7f18dd72efe","60aa14a5e6b0fa3dc8fb5024","60aa14b6e6b0fa3dc8fb5025"]}}
[2024-02-17T22:55:29.974] [INFO] info - get params:{"roleName":"","total":"2","pageNum":"1","pageSize":"10"}
[2024-02-17T22:55:29.974] [INFO] info - post params:{}
[2024-02-17T22:55:37.445] [INFO] info - get params:{}
[2024-02-17T22:55:37.445] [INFO] info - post params:{"_id":"65d0c8d71388403ba81aa295","permissionList":{"checkedKeys":["60aa1675a19f033ebc1c7f92"],"halfCheckedKeys":["60aa14a5e6b0fa3dc8fb5024","6069bedfb306e7f18dd72efe"]}}
[2024-02-17T22:55:37.774] [INFO] info - get params:{"roleName":"","total":"2","pageNum":"1","pageSize":"10"}
[2024-02-17T22:55:37.774] [INFO] info - post params:{}
[2024-02-17T22:55:42.659] [INFO] info - get params:{"state":"1","pageNum":"1","pageSize":"10"}
[2024-02-17T22:55:42.659] [INFO] info - post params:{}
[2024-02-17T22:55:42.970] [INFO] info - get params:{}
[2024-02-17T22:55:42.970] [INFO] info - post params:{}
[2024-02-17T22:55:42.971] [INFO] info - get params:{}
[2024-02-17T22:55:42.971] [INFO] info - post params:{}
[2024-02-17T22:56:28.741] [INFO] info - get params:{}
[2024-02-17T22:56:28.741] [INFO] info - post params:{"state":1,"roleList":["65d0c8d71388403ba81aa295"],"userName":"员工1","userEmail":"791919140@imooc.com","mobile":"13645676564","job":"前端开发","deptId":["65d0c8311388403ba81aa26c"],"action":"add"}
[2024-02-17T23:00:29.799] [INFO] info - **数据库连接成功**
[2024-02-17T23:00:33.724] [INFO] info - get params:{}
[2024-02-17T23:00:33.724] [INFO] info - post params:{}
[2024-02-17T23:00:33.853] [INFO] info - get params:{"state":"1","pageNum":"1","pageSize":"10"}
[2024-02-17T23:00:33.853] [INFO] info - post params:{}
[2024-02-17T23:00:33.857] [INFO] info - get params:{}
[2024-02-17T23:00:33.858] [INFO] info - post params:{}
[2024-02-17T23:00:33.913] [INFO] info - get params:{}
[2024-02-17T23:00:33.913] [INFO] info - post params:{}
[2024-02-17T23:00:33.916] [INFO] info - get params:{}
[2024-02-17T23:00:33.916] [INFO] info - post params:{}
[2024-02-17T23:00:33.919] [INFO] info - get params:{}
[2024-02-17T23:00:33.919] [INFO] info - post params:{}
[2024-02-17T23:01:02.611] [INFO] info - get params:{}
[2024-02-17T23:01:02.611] [INFO] info - post params:{"state":1,"roleList":["65d0c8d71388403ba81aa295"],"userName":"员工1","userEmail":"791919140@imooc.com","mobile":"13563456545","job":"前端开发","deptId":["65d0c8311388403ba81aa26c"],"action":"add"}
[2024-02-17T23:01:10.690] [INFO] info - get params:{}
[2024-02-17T23:01:10.690] [INFO] info - post params:{"state":1,"roleList":["65d0c8d71388403ba81aa295"],"userName":"员工1","userEmail":"791919140@imooc.com@imooc.com","mobile":"13563456545","job":"前端开发","deptId":["65d0c8311388403ba81aa26c"],"action":"add"}
[2024-02-17T23:02:13.003] [INFO] info - **数据库连接成功**
[2024-02-17T23:02:14.793] [INFO] info - get params:{}
[2024-02-17T23:02:14.794] [INFO] info - post params:{"state":1,"roleList":["65d0c8d71388403ba81aa295"],"userName":"员工1","userEmail":"791919140@imooc.com@imooc.com@imooc.com","mobile":"13563456545","job":"前端开发","deptId":["65d0c8311388403ba81aa26c"],"action":"add"}
[2024-02-17T23:02:14.811] [INFO] info - User.sequence_value:null
[2024-02-17T23:07:41.247] [INFO] info - **数据库连接成功**
[2024-02-17T23:07:44.998] [INFO] info - get params:{"roleName":"","total":"0","pageNum":"1","pageSize":"10"}
[2024-02-17T23:07:44.998] [INFO] info - post params:{}
[2024-02-17T23:07:45.203] [INFO] info - get params:{}
[2024-02-17T23:07:45.204] [INFO] info - post params:{}
[2024-02-17T23:07:47.622] [INFO] info - get params:{"state":"1","pageNum":"1","pageSize":"10"}
[2024-02-17T23:07:47.622] [INFO] info - post params:{}
[2024-02-17T23:07:47.936] [INFO] info - get params:{}
[2024-02-17T23:07:47.936] [INFO] info - post params:{}
[2024-02-17T23:07:47.938] [INFO] info - get params:{}
[2024-02-17T23:07:47.938] [INFO] info - post params:{}
[2024-02-17T23:07:51.044] [INFO] info - get params:{}
[2024-02-17T23:07:51.044] [INFO] info - post params:{}
[2024-02-17T23:07:51.148] [INFO] info - get params:{"state":"1","pageNum":"1","pageSize":"10"}
[2024-02-17T23:07:51.148] [INFO] info - post params:{}
[2024-02-17T23:07:51.150] [INFO] info - get params:{}
[2024-02-17T23:07:51.150] [INFO] info - post params:{}
[2024-02-17T23:07:51.235] [INFO] info - get params:{}
[2024-02-17T23:07:51.235] [INFO] info - post params:{}
[2024-02-17T23:07:51.239] [INFO] info - get params:{}
[2024-02-17T23:07:51.239] [INFO] info - post params:{}
[2024-02-17T23:07:51.411] [INFO] info - get params:{}
[2024-02-17T23:07:51.411] [INFO] info - post params:{}
[2024-02-17T23:07:51.566] [INFO] info - get params:{"state":"1","pageNum":"1","pageSize":"10"}
[2024-02-17T23:07:51.566] [INFO] info - post params:{}
[2024-02-17T23:07:51.570] [INFO] info - get params:{}
[2024-02-17T23:07:51.570] [INFO] info - post params:{}
[2024-02-17T23:07:51.573] [INFO] info - get params:{}
[2024-02-17T23:07:51.574] [INFO] info - post params:{}
[2024-02-17T23:07:51.577] [INFO] info - get params:{}
[2024-02-17T23:07:51.577] [INFO] info - post params:{}
[2024-02-17T23:07:51.588] [INFO] info - get params:{}
[2024-02-17T23:07:51.588] [INFO] info - post params:{}
[2024-02-17T23:08:14.370] [INFO] info - get params:{}
[2024-02-17T23:08:14.370] [INFO] info - post params:{"state":3,"roleList":["65d0c8d71388403ba81aa295"],"userName":"1","userEmail":"9191919199@imooc.com","mobile":"13523456435","job":"前端开发","deptId":["65d0c8311388403ba81aa26c"],"action":"add"}
[2024-02-17T23:08:14.377] [INFO] info - User.sequence_value:{ _id: 'userId', sequence_value: 10319 }
[2024-02-17T23:08:14.404] [INFO] info - get params:{"state":"1","pageNum":"1","pageSize":"10","total":"1"}
[2024-02-17T23:08:14.404] [INFO] info - post params:{}
[2024-02-17T23:08:22.635] [INFO] info - get params:{"state":"1","pageNum":"1","pageSize":"10","total":"1"}
[2024-02-17T23:08:22.635] [INFO] info - post params:{}
[2024-02-17T23:08:43.973] [INFO] info - get params:{}
[2024-02-17T23:08:43.973] [INFO] info - post params:{"state":3,"roleList":[],"userName":"1","userEmail":"1@imooc.com","deptId":["65d0c8311388403ba81aa26c"],"action":"add"}
[2024-02-17T23:08:54.778] [INFO] info - get params:{}
[2024-02-17T23:08:54.779] [INFO] info - post params:{"state":3,"roleList":[],"userName":"1","userEmail":"791919130@imooc.com@imooc.com","deptId":["65d0c8311388403ba81aa26c"],"action":"add"}
[2024-02-17T23:09:09.027] [INFO] info - get params:{}
[2024-02-17T23:09:09.027] [INFO] info - post params:{"state":3,"roleList":[],"userName":"1","userEmail":"7919191303@imooc.com","deptId":["65d0c8311388403ba81aa26c"],"action":"add"}
[2024-02-17T23:09:50.248] [INFO] info - get params:{}
[2024-02-17T23:09:50.248] [INFO] info - post params:{}
[2024-02-17T23:09:50.502] [INFO] info - get params:{"state":"1","pageNum":"1","pageSize":"10"}
[2024-02-17T23:09:50.503] [INFO] info - post params:{}
[2024-02-17T23:09:50.505] [INFO] info - get params:{}
[2024-02-17T23:09:50.505] [INFO] info - post params:{}
[2024-02-17T23:09:50.507] [INFO] info - get params:{}
[2024-02-17T23:09:50.507] [INFO] info - post params:{}
[2024-02-17T23:09:50.509] [INFO] info - get params:{}
[2024-02-17T23:09:50.509] [INFO] info - post params:{}
[2024-02-17T23:09:50.513] [INFO] info - get params:{}
[2024-02-17T23:09:50.513] [INFO] info - post params:{}
[2024-02-17T23:10:01.789] [INFO] info - get params:{"state":"0","pageNum":"1","pageSize":"10","total":"1"}
[2024-02-17T23:10:01.789] [INFO] info - post params:{}
[2024-02-17T23:10:07.883] [INFO] info - get params:{}
[2024-02-17T23:10:07.884] [INFO] info - post params:{"state":1,"roleList":["65d0c8d71388403ba81aa295"],"deptId":["65d0c8311388403ba81aa26c"],"role":1,"createTime":"2024-02-17T15:07:41.178Z","lastLoginTime":"2024-02-17T15:07:41.178Z","userId":10319,"userName":"1","userEmail":"9191919199@imooc.com@imooc.com","job":"前端开发","mobile":"13523456435","__v":0,"action":"edit"}
[2024-02-17T23:10:08.226] [INFO] info - get params:{"state":"0","pageNum":"1","pageSize":"10","total":"2"}
[2024-02-17T23:10:08.226] [INFO] info - post params:{}
[2024-02-17T23:10:20.889] [INFO] info - get params:{}
[2024-02-17T23:10:20.890] [INFO] info - post params:{"userIds":[10319]}
[2024-02-17T23:10:21.206] [INFO] info - get params:{"state":"0","pageNum":"1","pageSize":"10","total":"2"}
[2024-02-17T23:10:21.206] [INFO] info - post params:{}
[2024-02-17T23:10:23.160] [INFO] info - get params:{"state":"0","pageNum":"1","pageSize":"10","total":"2"}
[2024-02-17T23:10:23.160] [INFO] info - post params:{}
[2024-02-17T23:10:24.249] [INFO] info - get params:{"state":"0","pageNum":"1","pageSize":"10","total":"2"}
[2024-02-17T23:10:24.249] [INFO] info - post params:{}
[2024-02-17T23:10:24.502] [INFO] info - get params:{"state":"0","pageNum":"1","pageSize":"10","total":"2"}
[2024-02-17T23:10:24.503] [INFO] info - post params:{}
[2024-02-17T23:10:35.028] [INFO] info - get params:{}
[2024-02-17T23:10:35.028] [INFO] info - post params:{}
[2024-02-17T23:10:35.249] [INFO] info - get params:{"state":"1","pageNum":"1","pageSize":"10"}
[2024-02-17T23:10:35.249] [INFO] info - post params:{}
[2024-02-17T23:10:35.251] [INFO] info - get params:{}
[2024-02-17T23:10:35.251] [INFO] info - post params:{}
[2024-02-17T23:10:35.252] [INFO] info - get params:{}
[2024-02-17T23:10:35.252] [INFO] info - post params:{}
[2024-02-17T23:10:35.254] [INFO] info - get params:{}
[2024-02-17T23:10:35.254] [INFO] info - post params:{}
[2024-02-17T23:10:35.256] [INFO] info - get params:{}
[2024-02-17T23:10:35.256] [INFO] info - post params:{}
[2024-02-17T23:10:36.415] [INFO] info - get params:{"deptName":""}
[2024-02-17T23:10:36.415] [INFO] info - post params:{}
[2024-02-17T23:10:36.459] [INFO] info - get params:{}
[2024-02-17T23:10:36.460] [INFO] info - post params:{}
[2024-02-17T23:10:37.956] [INFO] info - get params:{"state":"1","pageNum":"1","pageSize":"10"}
[2024-02-17T23:10:37.956] [INFO] info - post params:{}
[2024-02-17T23:10:37.957] [INFO] info - get params:{}
[2024-02-17T23:10:37.958] [INFO] info - post params:{}
[2024-02-17T23:10:38.266] [INFO] info - get params:{}
[2024-02-17T23:10:38.266] [INFO] info - post params:{}
[2024-02-17T23:11:23.397] [INFO] info - get params:{}
[2024-02-17T23:11:23.397] [INFO] info - post params:{"state":1,"roleList":["65d0c8d71388403ba81aa295"],"userName":"员工1","userEmail":"791919140@imooc.com","mobile":"13625463452","job":"前端开发","deptId":["65d0c8311388403ba81aa26c"],"action":"add"}
[2024-02-17T23:11:23.401] [INFO] info - User.sequence_value:{ _id: 'userId', sequence_value: 10320 }
[2024-02-17T23:11:23.650] [INFO] info - get params:{"state":"1","pageNum":"1","pageSize":"10","total":"1"}
[2024-02-17T23:11:23.650] [INFO] info - post params:{}
[2024-02-17T23:11:32.258] [INFO] info - get params:{"menuState":"1"}
[2024-02-17T23:11:32.258] [INFO] info - post params:{}
[2024-02-17T23:11:33.852] [INFO] info - get params:{"state":"1","pageNum":"1","pageSize":"10"}
[2024-02-17T23:11:33.852] [INFO] info - post params:{}
[2024-02-17T23:11:33.853] [INFO] info - get params:{}
[2024-02-17T23:11:33.853] [INFO] info - post params:{}
[2024-02-17T23:11:33.854] [INFO] info - get params:{}
[2024-02-17T23:11:33.854] [INFO] info - post params:{}
[2024-02-17T23:11:35.856] [INFO] info - get params:{"deptName":""}
[2024-02-17T23:11:35.857] [INFO] info - post params:{}
[2024-02-17T23:11:36.172] [INFO] info - get params:{}
[2024-02-17T23:11:36.172] [INFO] info - post params:{}
[2024-02-17T23:11:37.020] [INFO] info - get params:{"roleName":"","total":"0","pageNum":"1","pageSize":"10"}
[2024-02-17T23:11:37.020] [INFO] info - post params:{}
[2024-02-17T23:11:37.264] [INFO] info - get params:{}
[2024-02-17T23:11:37.264] [INFO] info - post params:{}
[2024-02-17T23:11:44.660] [INFO] info - get params:{"state":"1","pageNum":"1","pageSize":"10"}
[2024-02-17T23:11:44.660] [INFO] info - post params:{}
[2024-02-17T23:11:44.966] [INFO] info - get params:{}
[2024-02-17T23:11:44.966] [INFO] info - post params:{}
[2024-02-17T23:11:44.967] [INFO] info - get params:{}
[2024-02-17T23:11:44.967] [INFO] info - post params:{}
[2024-02-17T23:11:59.136] [INFO] info - get params:{}
[2024-02-17T23:11:59.136] [INFO] info - post params:{"userName":"员工1","userPwd":"123456"}
[2024-02-17T23:11:59.139] [INFO] info - User.findOne:{
  deptId: [ '65d0c8311388403ba81aa26c' ],
  state: 1,
  role: 1,
  roleList: [ '65d0c8d71388403ba81aa295' ],
  _id: 65d0cc9b848da6578c813a3d,
  userId: 10320,
  userName: '员工1',
  userEmail: '791919140@imooc.com'
}
[2024-02-17T23:11:59.463] [INFO] info - get params:{}
[2024-02-17T23:11:59.463] [INFO] info - post params:{}
[2024-02-17T23:11:59.731] [INFO] info - get params:{}
[2024-02-17T23:11:59.731] [INFO] info - post params:{}
[2024-02-17T23:11:59.776] [INFO] info - get params:{}
[2024-02-17T23:11:59.777] [INFO] info - post params:{}
[2024-02-17T23:12:12.258] [INFO] info - get params:{}
[2024-02-17T23:12:12.258] [INFO] info - post params:{}
[2024-02-17T23:12:12.459] [INFO] info - get params:{}
[2024-02-17T23:12:12.459] [INFO] info - post params:{}
[2024-02-17T23:12:12.460] [INFO] info - get params:{}
[2024-02-17T23:12:12.461] [INFO] info - post params:{}
[2024-02-17T23:15:52.716] [INFO] info - get params:{}
[2024-02-17T23:15:52.716] [INFO] info - post params:{"userName":"admin","userPwd":"admin"}
[2024-02-17T23:15:52.719] [INFO] info - User.findOne:{
  deptId: [ '6499285c85514262b61ee251' ],
  state: 1,
  role: 0,
  roleList: [ '609781b45ccd183084f8ea3d' ],
  _id: 624a933005dd5a2e953c612b,
  userId: 1000002,
  userName: 'admin',
  userEmail: 'admin@imooc.com'
}
[2024-02-17T23:15:52.725] [INFO] info - get params:{}
[2024-02-17T23:15:52.725] [INFO] info - post params:{}
[2024-02-17T23:15:53.066] [INFO] info - get params:{}
[2024-02-17T23:15:53.066] [INFO] info - post params:{}
[2024-02-17T23:15:53.067] [INFO] info - get params:{}
[2024-02-17T23:15:53.067] [INFO] info - post params:{}
[2024-02-17T23:15:56.768] [INFO] info - get params:{}
[2024-02-17T23:15:56.768] [INFO] info - post params:{}
[2024-02-17T23:15:56.769] [INFO] info - get params:{}
[2024-02-17T23:15:56.769] [INFO] info - post params:{}
[2024-02-17T23:15:58.152] [INFO] info - get params:{}
[2024-02-17T23:15:58.153] [INFO] info - post params:{}
[2024-02-17T23:15:58.225] [INFO] info - get params:{}
[2024-02-17T23:15:58.226] [INFO] info - post params:{}
[2024-02-17T23:15:58.273] [INFO] info - get params:{}
[2024-02-17T23:15:58.273] [INFO] info - post params:{}
[2024-02-17T23:16:03.189] [INFO] info - get params:{"state":"1","pageNum":"1","pageSize":"10"}
[2024-02-17T23:16:03.189] [INFO] info - post params:{}
[2024-02-17T23:16:03.191] [INFO] info - get params:{}
[2024-02-17T23:16:03.191] [INFO] info - post params:{}
[2024-02-17T23:16:03.192] [INFO] info - get params:{}
[2024-02-17T23:16:03.193] [INFO] info - post params:{}
[2024-02-17T23:16:19.271] [INFO] info - get params:{}
[2024-02-17T23:16:19.271] [INFO] info - post params:{"state":1,"roleList":["65d0c8d71388403ba81aa295"],"deptId":["65d0c8311388403ba81aa26c"],"role":1,"createTime":"2024-02-17T15:07:41.178Z","lastLoginTime":"2024-02-17T15:07:41.178Z","userId":10320,"userName":"员工1","userEmail":"791919140@imooc.com@imooc.com","job":"前端开发","mobile":"13625463452","__v":0,"action":"edit"}
[2024-02-17T23:16:19.607] [INFO] info - get params:{"state":"1","pageNum":"1","pageSize":"10","total":"2"}
[2024-02-17T23:16:19.607] [INFO] info - post params:{}
[2024-02-17T23:16:23.535] [INFO] info - get params:{"roleName":"","total":"0","pageNum":"1","pageSize":"10"}
[2024-02-17T23:16:23.535] [INFO] info - post params:{}
[2024-02-17T23:16:23.847] [INFO] info - get params:{}
[2024-02-17T23:16:23.847] [INFO] info - post params:{}
[2024-02-17T23:17:03.402] [INFO] info - get params:{"menuState":"1"}
[2024-02-17T23:17:03.403] [INFO] info - post params:{}
[2024-02-17T23:17:30.007] [INFO] info - get params:{"deptName":""}
[2024-02-17T23:17:30.008] [INFO] info - post params:{}
[2024-02-17T23:17:30.314] [INFO] info - get params:{}
[2024-02-17T23:17:30.315] [INFO] info - post params:{}
[2024-02-17T23:17:58.725] [INFO] info - get params:{"state":"1","pageNum":"1","pageSize":"10"}
[2024-02-17T23:17:58.725] [INFO] info - post params:{}
[2024-02-17T23:17:58.726] [INFO] info - get params:{}
[2024-02-17T23:17:58.726] [INFO] info - post params:{}
[2024-02-17T23:17:58.727] [INFO] info - get params:{}
[2024-02-17T23:17:58.728] [INFO] info - post params:{}
[2024-02-17T23:18:02.191] [INFO] info - get params:{"menuState":"1"}
[2024-02-17T23:18:02.191] [INFO] info - post params:{}
[2024-02-17T23:18:28.696] [INFO] info - get params:{}
[2024-02-17T23:18:28.696] [INFO] info - post params:{"parentId":[null],"menuType":1,"menuState":1,"createTime":"2021-04-04T13:23:49.765Z","updateTime":"2023-05-17T16:10:33.549Z","_id":"6069beb8b306e7f18dd72efc","menuName":"系统管理","icon":"Setting","path":"/system","__v":0,"children":[{"parentId":["6069beb8b306e7f18dd72efc"],"createTime":"2021-04-04T13:23:49.765Z","updateTime":"2023-05-17T16:11:36.256Z","_id":"6069bec6b306e7f18dd72efd","menuType":1,"menuState":1,"menuName":"用户管理","path":"/system/user","__v":0,"component":"User","icon":"User","children":[{"parentId":["6069beb8b306e7f18dd72efc","6069bec6b306e7f18dd72efd"],"createTime":"2021-05-16T09:34:46.325Z","updateTime":"2021-05-16T09:34:46.325Z","_id":"60a0e80d92ea01921486ecac","menuType":2,"menuState":1,"menuName":"新增","menuCode":"user-create","__v":0},{"parentId":["6069beb8b306e7f18dd72efc","6069bec6b306e7f18dd72efd"],"createTime":"2021-05-16T09:34:46.325Z","updateTime":"2021-05-16T09:34:46.325Z","_id":"60a0e81c92ea01921486ecad","menuType":2,"menuState":1,"menuName":"编辑","menuCode":"user-edit","__v":0},{"parentId":["6069beb8b306e7f18dd72efc","6069bec6b306e7f18dd72efd"],"createTime":"2021-05-16T09:34:46.325Z","updateTime":"2021-05-16T09:34:46.325Z","_id":"60a0e82592ea01921486ecae","menuType":2,"menuState":1,"menuName":"删除","menuCode":"user-delete","__v":0},{"parentId":["6069beb8b306e7f18dd72efc","6069bec6b306e7f18dd72efd"],"createTime":"2021-05-16T09:34:46.325Z","updateTime":"2021-05-16T09:34:46.325Z","_id":"60a0e83392ea01921486ecaf","menuType":2,"menuState":1,"menuName":"批量删除","menuCode":"user-patch-delete","__v":0}],"action":[{"parentId":["6069beb8b306e7f18dd72efc","6069bec6b306e7f18dd72efd"],"createTime":"2021-05-16T09:34:46.325Z","updateTime":"2021-05-16T09:34:46.325Z","_id":"60a0e80d92ea01921486ecac","menuType":2,"menuState":1,"menuName":"新增","menuCode":"user-create","__v":0},{"parentId":["6069beb8b306e7f18dd72efc","6069bec6b306e7f18dd72efd"],"createTime":"2021-05-16T09:34:46.325Z","updateTime":"2021-05-16T09:34:46.325Z","_id":"60a0e81c92ea01921486ecad","menuType":2,"menuState":1,"menuName":"编辑","menuCode":"user-edit","__v":0},{"parentId":["6069beb8b306e7f18dd72efc","6069bec6b306e7f18dd72efd"],"createTime":"2021-05-16T09:34:46.325Z","updateTime":"2021-05-16T09:34:46.325Z","_id":"60a0e82592ea01921486ecae","menuType":2,"menuState":1,"menuName":"删除","menuCode":"user-delete","__v":0},{"parentId":["6069beb8b306e7f18dd72efc","6069bec6b306e7f18dd72efd"],"createTime":"2021-05-16T09:34:46.325Z","updateTime":"2021-05-16T09:34:46.325Z","_id":"60a0e83392ea01921486ecaf","menuType":2,"menuState":1,"menuName":"批量删除","menuCode":"user-patch-delete","__v":0}]},{"parentId":["6069beb8b306e7f18dd72efc"],"createTime":"2021-04-04T13:23:49.765Z","updateTime":"2023-05-17T16:11:57.210Z","_id":"6083d756c30e1188761493f2","menuType":1,"menuState":1,"menuName":"菜单管理","path":"/system/menu","__v":0,"component":"Menu","icon":"Menu","children":[{"parentId":["6069beb8b306e7f18dd72efc","6083d756c30e1188761493f2"],"createTime":"2021-04-24T05:00:05.659Z","updateTime":"2021-04-24T05:00:05.659Z","_id":"6083f63bc30e1188761493f4","menuType":2,"menuState":1,"menuName":"查看","menuCode":"menu_query","__v":0},{"parentId":["6069beb8b306e7f18dd72efc","6083d756c30e1188761493f2"],"createTime":"2021-05-16T09:34:46.325Z","updateTime":"2021-05-16T09:34:46.325Z","_id":"60a0e84c92ea01921486ecb0","menuType":2,"menuState":1,"menuName":"新增","menuCode":"menu-create","__v":0},{"parentId":["6069beb8b306e7f18dd72efc","6083d756c30e1188761493f2"],"createTime":"2021-05-16T09:34:46.325Z","updateTime":"2021-05-16T09:34:46.325Z","_id":"60a0e85392ea01921486ecb1","menuType":2,"menuState":1,"menuName":"编辑","menuCode":"menu-edit","__v":0},{"parentId":["6069beb8b306e7f18dd72efc","6083d756c30e1188761493f2"],"createTime":"2021-05-16T09:34:46.325Z","updateTime":"2021-05-16T09:34:46.325Z","_id":"60a0e85c92ea01921486ecb2","menuType":2,"menuState":1,"menuName":"删除","menuCode":"menu-delete","__v":0}],"action":[{"parentId":["6069beb8b306e7f18dd72efc","6083d756c30e1188761493f2"],"createTime":"2021-04-24T05:00:05.659Z","updateTime":"2021-04-24T05:00:05.659Z","_id":"6083f63bc30e1188761493f4","menuType":2,"menuState":1,"menuName":"查看","menuCode":"menu_query","__v":0},{"parentId":["6069beb8b306e7f18dd72efc","6083d756c30e1188761493f2"],"createTime":"2021-05-16T09:34:46.325Z","updateTime":"2021-05-16T09:34:46.325Z","_id":"60a0e84c92ea01921486ecb0","menuType":2,"menuState":1,"menuName":"新增","menuCode":"menu-create","__v":0},{"parentId":["6069beb8b306e7f18dd72efc","6083d756c30e1188761493f2"],"createTime":"2021-05-16T09:34:46.325Z","updateTime":"2021-05-16T09:34:46.325Z","_id":"60a0e85392ea01921486ecb1","menuType":2,"menuState":1,"menuName":"编辑","menuCode":"menu-edit","__v":0},{"parentId":["6069beb8b306e7f18dd72efc","6083d756c30e1188761493f2"],"createTime":"2021-05-16T09:34:46.325Z","updateTime":"2021-05-16T09:34:46.325Z","_id":"60a0e85c92ea01921486ecb2","menuType":2,"menuState":1,"menuName":"删除","menuCode":"menu-delete","__v":0}]},{"parentId":["6069beb8b306e7f18dd72efc"],"createTime":"2021-04-24T05:00:05.659Z","updateTime":"2023-05-17T16:12:29.690Z","_id":"6083d76bc30e1188761493f3","menuType":1,"menuState":1,"menuName":"角色管理","path":"/system/role","__v":0,"component":"Role","icon":"Connection","children":[{"parentId":["6069beb8b306e7f18dd72efc","6083d76bc30e1188761493f3"],"createTime":"2021-05-09T07:17:23.890Z","updateTime":"2021-05-16T09:40:51.253Z","_id":"60978d6a3c0c8738d016ca5f","menuType":2,"menuState":1,"menuName":"查看","menuCode":"role-query","__v":0},{"parentId":["6069beb8b306e7f18dd72efc","6083d76bc30e1188761493f3"],"createTime":"2021-05-16T09:34:46.325Z","updateTime":"2021-05-16T09:34:46.325Z","_id":"60a0e87392ea01921486ecb3","menuType":2,"menuState":1,"menuName":"创建","menuCode":"role-create","__v":0},{"parentId":["6069beb8b306e7f18dd72efc","6083d76bc30e1188761493f3"],"createTime":"2021-05-16T09:34:46.325Z","updateTime":"2021-05-16T09:34:46.325Z","_id":"60a0e87b92ea01921486ecb4","menuType":2,"menuState":1,"menuName":"编辑","menuCode":"role-edit","__v":0},{"parentId":["6069beb8b306e7f18dd72efc","6083d76bc30e1188761493f3"],"createTime":"2021-05-16T09:34:46.325Z","updateTime":"2021-05-16T09:34:46.325Z","_id":"60a0e88792ea01921486ecb5","menuType":2,"menuState":1,"menuName":"设置权限","menuCode":"role-setting","__v":0},{"parentId":["6069beb8b306e7f18dd72efc","6083d76bc30e1188761493f3"],"createTime":"2021-05-16T09:34:46.325Z","updateTime":"2021-05-16T09:34:46.325Z","_id":"60a0e89192ea01921486ecb6","menuType":2,"menuState":1,"menuName":"删除","menuCode":"role-delete","__v":0}],"action":[{"parentId":["6069beb8b306e7f18dd72efc","6083d76bc30e1188761493f3"],"createTime":"2021-05-09T07:17:23.890Z","updateTime":"2021-05-16T09:40:51.253Z","_id":"60978d6a3c0c8738d016ca5f","menuType":2,"menuState":1,"menuName":"查看","menuCode":"role-query","__v":0},{"parentId":["6069beb8b306e7f18dd72efc","6083d76bc30e1188761493f3"],"createTime":"2021-05-16T09:34:46.325Z","updateTime":"2021-05-16T09:34:46.325Z","_id":"60a0e87392ea01921486ecb3","menuType":2,"menuState":1,"menuName":"创建","menuCode":"role-create","__v":0},{"parentId":["6069beb8b306e7f18dd72efc","6083d76bc30e1188761493f3"],"createTime":"2021-05-16T09:34:46.325Z","updateTime":"2021-05-16T09:34:46.325Z","_id":"60a0e87b92ea01921486ecb4","menuType":2,"menuState":1,"menuName":"编辑","menuCode":"role-edit","__v":0},{"parentId":["6069beb8b306e7f18dd72efc","6083d76bc30e1188761493f3"],"createTime":"2021-05-16T09:34:46.325Z","updateTime":"2021-05-16T09:34:46.325Z","_id":"60a0e88792ea01921486ecb5","menuType":2,"menuState":1,"menuName":"设置权限","menuCode":"role-setting","__v":0},{"parentId":["6069beb8b306e7f18dd72efc","6083d76bc30e1188761493f3"],"createTime":"2021-05-16T09:34:46.325Z","updateTime":"2021-05-16T09:34:46.325Z","_id":"60a0e89192ea01921486ecb6","menuType":2,"menuState":1,"menuName":"删除","menuCode":"role-delete","__v":0}]},{"parentId":["6069beb8b306e7f18dd72efc"],"createTime":"2021-05-09T07:17:23.890Z","updateTime":"2023-05-17T16:12:42.794Z","_id":"60979e4d3c0c8738d016ca60","menuType":1,"menuState":1,"menuName":"部门管理","path":"/system/dept","__v":0,"component":"Dept","icon":"Service","children":[{"parentId":["6069beb8b306e7f18dd72efc","60979e4d3c0c8738d016ca60"],"createTime":"2021-05-09T07:17:23.890Z","updateTime":"2021-05-09T07:17:23.890Z","_id":"60979e5a3c0c8738d016ca61","menuType":2,"menuState":1,"menuName":"查看","menuCode":"dept-query","__v":0},{"parentId":["6069beb8b306e7f18dd72efc","60979e4d3c0c8738d016ca60"],"createTime":"2021-05-09T07:17:23.890Z","updateTime":"2021-05-09T07:17:23.890Z","_id":"60a0e8b092ea01921486ecb7","menuType":2,"menuState":1,"menuName":"创建","menuCode":"dept-create","__v":0},{"parentId":["6069beb8b306e7f18dd72efc","60979e4d3c0c8738d016ca60"],"createTime":"2021-05-09T07:17:23.890Z","updateTime":"2021-05-09T07:17:23.890Z","_id":"60a0e8b892ea01921486ecb8","menuType":2,"menuState":1,"menuName":"编辑","menuCode":"dept-edit","__v":0},{"parentId":["6069beb8b306e7f18dd72efc","60979e4d3c0c8738d016ca60"],"createTime":"2021-05-09T07:17:23.890Z","updateTime":"2021-05-09T07:17:23.890Z","_id":"60a0e8c392ea01921486ecb9","menuType":2,"menuState":1,"menuName":"删除","menuCode":"dept-delete","__v":0}],"action":[{"parentId":["6069beb8b306e7f18dd72efc","60979e4d3c0c8738d016ca60"],"createTime":"2021-05-09T07:17:23.890Z","updateTime":"2021-05-09T07:17:23.890Z","_id":"60979e5a3c0c8738d016ca61","menuType":2,"menuState":1,"menuName":"查看","menuCode":"dept-query","__v":0},{"parentId":["6069beb8b306e7f18dd72efc","60979e4d3c0c8738d016ca60"],"createTime":"2021-05-09T07:17:23.890Z","updateTime":"2021-05-09T07:17:23.890Z","_id":"60a0e8b092ea01921486ecb7","menuType":2,"menuState":1,"menuName":"创建","menuCode":"dept-create","__v":0},{"parentId":["6069beb8b306e7f18dd72efc","60979e4d3c0c8738d016ca60"],"createTime":"2021-05-09T07:17:23.890Z","updateTime":"2021-05-09T07:17:23.890Z","_id":"60a0e8b892ea01921486ecb8","menuType":2,"menuState":1,"menuName":"编辑","menuCode":"dept-edit","__v":0},{"parentId":["6069beb8b306e7f18dd72efc","60979e4d3c0c8738d016ca60"],"createTime":"2021-05-09T07:17:23.890Z","updateTime":"2021-05-09T07:17:23.890Z","_id":"60a0e8c392ea01921486ecb9","menuType":2,"menuState":1,"menuName":"删除","menuCode":"dept-delete","__v":0}]}],"action":"edit"}
[2024-02-17T23:18:28.957] [INFO] info - get params:{"menuState":"1"}
[2024-02-17T23:18:28.957] [INFO] info - post params:{}
[2024-02-17T23:18:57.520] [INFO] info - get params:{}
[2024-02-17T23:18:57.520] [INFO] info - post params:{"parentId":[null],"menuType":1,"menuState":1,"createTime":"2021-04-04T13:23:49.765Z","updateTime":"2023-05-17T16:10:33.549Z","_id":"6069beb8b306e7f18dd72efc","menuName":"系统管理","icon":"Setting","path":"/system1","__v":0,"children":[{"parentId":["6069beb8b306e7f18dd72efc"],"createTime":"2021-04-04T13:23:49.765Z","updateTime":"2023-05-17T16:11:36.256Z","_id":"6069bec6b306e7f18dd72efd","menuType":1,"menuState":1,"menuName":"用户管理","path":"/system/user","__v":0,"component":"User","icon":"User","children":[{"parentId":["6069beb8b306e7f18dd72efc","6069bec6b306e7f18dd72efd"],"createTime":"2021-05-16T09:34:46.325Z","updateTime":"2021-05-16T09:34:46.325Z","_id":"60a0e80d92ea01921486ecac","menuType":2,"menuState":1,"menuName":"新增","menuCode":"user-create","__v":0},{"parentId":["6069beb8b306e7f18dd72efc","6069bec6b306e7f18dd72efd"],"createTime":"2021-05-16T09:34:46.325Z","updateTime":"2021-05-16T09:34:46.325Z","_id":"60a0e81c92ea01921486ecad","menuType":2,"menuState":1,"menuName":"编辑","menuCode":"user-edit","__v":0},{"parentId":["6069beb8b306e7f18dd72efc","6069bec6b306e7f18dd72efd"],"createTime":"2021-05-16T09:34:46.325Z","updateTime":"2021-05-16T09:34:46.325Z","_id":"60a0e82592ea01921486ecae","menuType":2,"menuState":1,"menuName":"删除","menuCode":"user-delete","__v":0},{"parentId":["6069beb8b306e7f18dd72efc","6069bec6b306e7f18dd72efd"],"createTime":"2021-05-16T09:34:46.325Z","updateTime":"2021-05-16T09:34:46.325Z","_id":"60a0e83392ea01921486ecaf","menuType":2,"menuState":1,"menuName":"批量删除","menuCode":"user-patch-delete","__v":0}],"action":[{"parentId":["6069beb8b306e7f18dd72efc","6069bec6b306e7f18dd72efd"],"createTime":"2021-05-16T09:34:46.325Z","updateTime":"2021-05-16T09:34:46.325Z","_id":"60a0e80d92ea01921486ecac","menuType":2,"menuState":1,"menuName":"新增","menuCode":"user-create","__v":0},{"parentId":["6069beb8b306e7f18dd72efc","6069bec6b306e7f18dd72efd"],"createTime":"2021-05-16T09:34:46.325Z","updateTime":"2021-05-16T09:34:46.325Z","_id":"60a0e81c92ea01921486ecad","menuType":2,"menuState":1,"menuName":"编辑","menuCode":"user-edit","__v":0},{"parentId":["6069beb8b306e7f18dd72efc","6069bec6b306e7f18dd72efd"],"createTime":"2021-05-16T09:34:46.325Z","updateTime":"2021-05-16T09:34:46.325Z","_id":"60a0e82592ea01921486ecae","menuType":2,"menuState":1,"menuName":"删除","menuCode":"user-delete","__v":0},{"parentId":["6069beb8b306e7f18dd72efc","6069bec6b306e7f18dd72efd"],"createTime":"2021-05-16T09:34:46.325Z","updateTime":"2021-05-16T09:34:46.325Z","_id":"60a0e83392ea01921486ecaf","menuType":2,"menuState":1,"menuName":"批量删除","menuCode":"user-patch-delete","__v":0}]},{"parentId":["6069beb8b306e7f18dd72efc"],"createTime":"2021-04-04T13:23:49.765Z","updateTime":"2023-05-17T16:11:57.210Z","_id":"6083d756c30e1188761493f2","menuType":1,"menuState":1,"menuName":"菜单管理","path":"/system/menu","__v":0,"component":"Menu","icon":"Menu","children":[{"parentId":["6069beb8b306e7f18dd72efc","6083d756c30e1188761493f2"],"createTime":"2021-04-24T05:00:05.659Z","updateTime":"2021-04-24T05:00:05.659Z","_id":"6083f63bc30e1188761493f4","menuType":2,"menuState":1,"menuName":"查看","menuCode":"menu_query","__v":0},{"parentId":["6069beb8b306e7f18dd72efc","6083d756c30e1188761493f2"],"createTime":"2021-05-16T09:34:46.325Z","updateTime":"2021-05-16T09:34:46.325Z","_id":"60a0e84c92ea01921486ecb0","menuType":2,"menuState":1,"menuName":"新增","menuCode":"menu-create","__v":0},{"parentId":["6069beb8b306e7f18dd72efc","6083d756c30e1188761493f2"],"createTime":"2021-05-16T09:34:46.325Z","updateTime":"2021-05-16T09:34:46.325Z","_id":"60a0e85392ea01921486ecb1","menuType":2,"menuState":1,"menuName":"编辑","menuCode":"menu-edit","__v":0},{"parentId":["6069beb8b306e7f18dd72efc","6083d756c30e1188761493f2"],"createTime":"2021-05-16T09:34:46.325Z","updateTime":"2021-05-16T09:34:46.325Z","_id":"60a0e85c92ea01921486ecb2","menuType":2,"menuState":1,"menuName":"删除","menuCode":"menu-delete","__v":0}],"action":[{"parentId":["6069beb8b306e7f18dd72efc","6083d756c30e1188761493f2"],"createTime":"2021-04-24T05:00:05.659Z","updateTime":"2021-04-24T05:00:05.659Z","_id":"6083f63bc30e1188761493f4","menuType":2,"menuState":1,"menuName":"查看","menuCode":"menu_query","__v":0},{"parentId":["6069beb8b306e7f18dd72efc","6083d756c30e1188761493f2"],"createTime":"2021-05-16T09:34:46.325Z","updateTime":"2021-05-16T09:34:46.325Z","_id":"60a0e84c92ea01921486ecb0","menuType":2,"menuState":1,"menuName":"新增","menuCode":"menu-create","__v":0},{"parentId":["6069beb8b306e7f18dd72efc","6083d756c30e1188761493f2"],"createTime":"2021-05-16T09:34:46.325Z","updateTime":"2021-05-16T09:34:46.325Z","_id":"60a0e85392ea01921486ecb1","menuType":2,"menuState":1,"menuName":"编辑","menuCode":"menu-edit","__v":0},{"parentId":["6069beb8b306e7f18dd72efc","6083d756c30e1188761493f2"],"createTime":"2021-05-16T09:34:46.325Z","updateTime":"2021-05-16T09:34:46.325Z","_id":"60a0e85c92ea01921486ecb2","menuType":2,"menuState":1,"menuName":"删除","menuCode":"menu-delete","__v":0}]},{"parentId":["6069beb8b306e7f18dd72efc"],"createTime":"2021-04-24T05:00:05.659Z","updateTime":"2023-05-17T16:12:29.690Z","_id":"6083d76bc30e1188761493f3","menuType":1,"menuState":1,"menuName":"角色管理","path":"/system/role","__v":0,"component":"Role","icon":"Connection","children":[{"parentId":["6069beb8b306e7f18dd72efc","6083d76bc30e1188761493f3"],"createTime":"2021-05-09T07:17:23.890Z","updateTime":"2021-05-16T09:40:51.253Z","_id":"60978d6a3c0c8738d016ca5f","menuType":2,"menuState":1,"menuName":"查看","menuCode":"role-query","__v":0},{"parentId":["6069beb8b306e7f18dd72efc","6083d76bc30e1188761493f3"],"createTime":"2021-05-16T09:34:46.325Z","updateTime":"2021-05-16T09:34:46.325Z","_id":"60a0e87392ea01921486ecb3","menuType":2,"menuState":1,"menuName":"创建","menuCode":"role-create","__v":0},{"parentId":["6069beb8b306e7f18dd72efc","6083d76bc30e1188761493f3"],"createTime":"2021-05-16T09:34:46.325Z","updateTime":"2021-05-16T09:34:46.325Z","_id":"60a0e87b92ea01921486ecb4","menuType":2,"menuState":1,"menuName":"编辑","menuCode":"role-edit","__v":0},{"parentId":["6069beb8b306e7f18dd72efc","6083d76bc30e1188761493f3"],"createTime":"2021-05-16T09:34:46.325Z","updateTime":"2021-05-16T09:34:46.325Z","_id":"60a0e88792ea01921486ecb5","menuType":2,"menuState":1,"menuName":"设置权限","menuCode":"role-setting","__v":0},{"parentId":["6069beb8b306e7f18dd72efc","6083d76bc30e1188761493f3"],"createTime":"2021-05-16T09:34:46.325Z","updateTime":"2021-05-16T09:34:46.325Z","_id":"60a0e89192ea01921486ecb6","menuType":2,"menuState":1,"menuName":"删除","menuCode":"role-delete","__v":0}],"action":[{"parentId":["6069beb8b306e7f18dd72efc","6083d76bc30e1188761493f3"],"createTime":"2021-05-09T07:17:23.890Z","updateTime":"2021-05-16T09:40:51.253Z","_id":"60978d6a3c0c8738d016ca5f","menuType":2,"menuState":1,"menuName":"查看","menuCode":"role-query","__v":0},{"parentId":["6069beb8b306e7f18dd72efc","6083d76bc30e1188761493f3"],"createTime":"2021-05-16T09:34:46.325Z","updateTime":"2021-05-16T09:34:46.325Z","_id":"60a0e87392ea01921486ecb3","menuType":2,"menuState":1,"menuName":"创建","menuCode":"role-create","__v":0},{"parentId":["6069beb8b306e7f18dd72efc","6083d76bc30e1188761493f3"],"createTime":"2021-05-16T09:34:46.325Z","updateTime":"2021-05-16T09:34:46.325Z","_id":"60a0e87b92ea01921486ecb4","menuType":2,"menuState":1,"menuName":"编辑","menuCode":"role-edit","__v":0},{"parentId":["6069beb8b306e7f18dd72efc","6083d76bc30e1188761493f3"],"createTime":"2021-05-16T09:34:46.325Z","updateTime":"2021-05-16T09:34:46.325Z","_id":"60a0e88792ea01921486ecb5","menuType":2,"menuState":1,"menuName":"设置权限","menuCode":"role-setting","__v":0},{"parentId":["6069beb8b306e7f18dd72efc","6083d76bc30e1188761493f3"],"createTime":"2021-05-16T09:34:46.325Z","updateTime":"2021-05-16T09:34:46.325Z","_id":"60a0e89192ea01921486ecb6","menuType":2,"menuState":1,"menuName":"删除","menuCode":"role-delete","__v":0}]},{"parentId":["6069beb8b306e7f18dd72efc"],"createTime":"2021-05-09T07:17:23.890Z","updateTime":"2023-05-17T16:12:42.794Z","_id":"60979e4d3c0c8738d016ca60","menuType":1,"menuState":1,"menuName":"部门管理","path":"/system/dept","__v":0,"component":"Dept","icon":"Service","children":[{"parentId":["6069beb8b306e7f18dd72efc","60979e4d3c0c8738d016ca60"],"createTime":"2021-05-09T07:17:23.890Z","updateTime":"2021-05-09T07:17:23.890Z","_id":"60979e5a3c0c8738d016ca61","menuType":2,"menuState":1,"menuName":"查看","menuCode":"dept-query","__v":0},{"parentId":["6069beb8b306e7f18dd72efc","60979e4d3c0c8738d016ca60"],"createTime":"2021-05-09T07:17:23.890Z","updateTime":"2021-05-09T07:17:23.890Z","_id":"60a0e8b092ea01921486ecb7","menuType":2,"menuState":1,"menuName":"创建","menuCode":"dept-create","__v":0},{"parentId":["6069beb8b306e7f18dd72efc","60979e4d3c0c8738d016ca60"],"createTime":"2021-05-09T07:17:23.890Z","updateTime":"2021-05-09T07:17:23.890Z","_id":"60a0e8b892ea01921486ecb8","menuType":2,"menuState":1,"menuName":"编辑","menuCode":"dept-edit","__v":0},{"parentId":["6069beb8b306e7f18dd72efc","60979e4d3c0c8738d016ca60"],"createTime":"2021-05-09T07:17:23.890Z","updateTime":"2021-05-09T07:17:23.890Z","_id":"60a0e8c392ea01921486ecb9","menuType":2,"menuState":1,"menuName":"删除","menuCode":"dept-delete","__v":0}],"action":[{"parentId":["6069beb8b306e7f18dd72efc","60979e4d3c0c8738d016ca60"],"createTime":"2021-05-09T07:17:23.890Z","updateTime":"2021-05-09T07:17:23.890Z","_id":"60979e5a3c0c8738d016ca61","menuType":2,"menuState":1,"menuName":"查看","menuCode":"dept-query","__v":0},{"parentId":["6069beb8b306e7f18dd72efc","60979e4d3c0c8738d016ca60"],"createTime":"2021-05-09T07:17:23.890Z","updateTime":"2021-05-09T07:17:23.890Z","_id":"60a0e8b092ea01921486ecb7","menuType":2,"menuState":1,"menuName":"创建","menuCode":"dept-create","__v":0},{"parentId":["6069beb8b306e7f18dd72efc","60979e4d3c0c8738d016ca60"],"createTime":"2021-05-09T07:17:23.890Z","updateTime":"2021-05-09T07:17:23.890Z","_id":"60a0e8b892ea01921486ecb8","menuType":2,"menuState":1,"menuName":"编辑","menuCode":"dept-edit","__v":0},{"parentId":["6069beb8b306e7f18dd72efc","60979e4d3c0c8738d016ca60"],"createTime":"2021-05-09T07:17:23.890Z","updateTime":"2021-05-09T07:17:23.890Z","_id":"60a0e8c392ea01921486ecb9","menuType":2,"menuState":1,"menuName":"删除","menuCode":"dept-delete","__v":0}]}],"action":"edit"}
[2024-02-17T23:18:57.855] [INFO] info - get params:{"menuState":"1"}
[2024-02-17T23:18:57.855] [INFO] info - post params:{}
[2024-02-17T23:19:03.934] [INFO] info - get params:{"menuState":"1"}
[2024-02-17T23:19:03.935] [INFO] info - post params:{}
[2024-02-17T23:19:06.111] [INFO] info - get params:{"state":"1","pageNum":"1","pageSize":"10"}
[2024-02-17T23:19:06.111] [INFO] info - post params:{}
[2024-02-17T23:19:06.112] [INFO] info - get params:{}
[2024-02-17T23:19:06.112] [INFO] info - post params:{}
[2024-02-17T23:19:06.113] [INFO] info - get params:{}
[2024-02-17T23:19:06.113] [INFO] info - post params:{}
[2024-02-17T23:19:06.372] [INFO] info - get params:{"menuState":"1"}
[2024-02-17T23:19:06.373] [INFO] info - post params:{}
[2024-02-17T23:19:38.267] [INFO] info - get params:{}
[2024-02-17T23:19:38.267] [INFO] info - post params:{"parentId":[null],"menuType":1,"menuState":1,"createTime":"2021-04-04T13:23:49.765Z","updateTime":"2023-05-17T16:10:33.549Z","_id":"6069beb8b306e7f18dd72efc","menuName":"系统管理","icon":"Setting","path":"/system","__v":0,"children":[{"parentId":["6069beb8b306e7f18dd72efc"],"createTime":"2021-04-04T13:23:49.765Z","updateTime":"2023-05-17T16:11:36.256Z","_id":"6069bec6b306e7f18dd72efd","menuType":1,"menuState":1,"menuName":"用户管理","path":"/system/user","__v":0,"component":"User","icon":"User","children":[{"parentId":["6069beb8b306e7f18dd72efc","6069bec6b306e7f18dd72efd"],"createTime":"2021-05-16T09:34:46.325Z","updateTime":"2021-05-16T09:34:46.325Z","_id":"60a0e80d92ea01921486ecac","menuType":2,"menuState":1,"menuName":"新增","menuCode":"user-create","__v":0},{"parentId":["6069beb8b306e7f18dd72efc","6069bec6b306e7f18dd72efd"],"createTime":"2021-05-16T09:34:46.325Z","updateTime":"2021-05-16T09:34:46.325Z","_id":"60a0e81c92ea01921486ecad","menuType":2,"menuState":1,"menuName":"编辑","menuCode":"user-edit","__v":0},{"parentId":["6069beb8b306e7f18dd72efc","6069bec6b306e7f18dd72efd"],"createTime":"2021-05-16T09:34:46.325Z","updateTime":"2021-05-16T09:34:46.325Z","_id":"60a0e82592ea01921486ecae","menuType":2,"menuState":1,"menuName":"删除","menuCode":"user-delete","__v":0},{"parentId":["6069beb8b306e7f18dd72efc","6069bec6b306e7f18dd72efd"],"createTime":"2021-05-16T09:34:46.325Z","updateTime":"2021-05-16T09:34:46.325Z","_id":"60a0e83392ea01921486ecaf","menuType":2,"menuState":1,"menuName":"批量删除","menuCode":"user-patch-delete","__v":0}],"action":[{"parentId":["6069beb8b306e7f18dd72efc","6069bec6b306e7f18dd72efd"],"createTime":"2021-05-16T09:34:46.325Z","updateTime":"2021-05-16T09:34:46.325Z","_id":"60a0e80d92ea01921486ecac","menuType":2,"menuState":1,"menuName":"新增","menuCode":"user-create","__v":0},{"parentId":["6069beb8b306e7f18dd72efc","6069bec6b306e7f18dd72efd"],"createTime":"2021-05-16T09:34:46.325Z","updateTime":"2021-05-16T09:34:46.325Z","_id":"60a0e81c92ea01921486ecad","menuType":2,"menuState":1,"menuName":"编辑","menuCode":"user-edit","__v":0},{"parentId":["6069beb8b306e7f18dd72efc","6069bec6b306e7f18dd72efd"],"createTime":"2021-05-16T09:34:46.325Z","updateTime":"2021-05-16T09:34:46.325Z","_id":"60a0e82592ea01921486ecae","menuType":2,"menuState":1,"menuName":"删除","menuCode":"user-delete","__v":0},{"parentId":["6069beb8b306e7f18dd72efc","6069bec6b306e7f18dd72efd"],"createTime":"2021-05-16T09:34:46.325Z","updateTime":"2021-05-16T09:34:46.325Z","_id":"60a0e83392ea01921486ecaf","menuType":2,"menuState":1,"menuName":"批量删除","menuCode":"user-patch-delete","__v":0}]},{"parentId":["6069beb8b306e7f18dd72efc"],"createTime":"2021-04-04T13:23:49.765Z","updateTime":"2023-05-17T16:11:57.210Z","_id":"6083d756c30e1188761493f2","menuType":1,"menuState":1,"menuName":"菜单管理","path":"/system/menu","__v":0,"component":"Menu","icon":"Menu","children":[{"parentId":["6069beb8b306e7f18dd72efc","6083d756c30e1188761493f2"],"createTime":"2021-04-24T05:00:05.659Z","updateTime":"2021-04-24T05:00:05.659Z","_id":"6083f63bc30e1188761493f4","menuType":2,"menuState":1,"menuName":"查看","menuCode":"menu_query","__v":0},{"parentId":["6069beb8b306e7f18dd72efc","6083d756c30e1188761493f2"],"createTime":"2021-05-16T09:34:46.325Z","updateTime":"2021-05-16T09:34:46.325Z","_id":"60a0e84c92ea01921486ecb0","menuType":2,"menuState":1,"menuName":"新增","menuCode":"menu-create","__v":0},{"parentId":["6069beb8b306e7f18dd72efc","6083d756c30e1188761493f2"],"createTime":"2021-05-16T09:34:46.325Z","updateTime":"2021-05-16T09:34:46.325Z","_id":"60a0e85392ea01921486ecb1","menuType":2,"menuState":1,"menuName":"编辑","menuCode":"menu-edit","__v":0},{"parentId":["6069beb8b306e7f18dd72efc","6083d756c30e1188761493f2"],"createTime":"2021-05-16T09:34:46.325Z","updateTime":"2021-05-16T09:34:46.325Z","_id":"60a0e85c92ea01921486ecb2","menuType":2,"menuState":1,"menuName":"删除","menuCode":"menu-delete","__v":0}],"action":[{"parentId":["6069beb8b306e7f18dd72efc","6083d756c30e1188761493f2"],"createTime":"2021-04-24T05:00:05.659Z","updateTime":"2021-04-24T05:00:05.659Z","_id":"6083f63bc30e1188761493f4","menuType":2,"menuState":1,"menuName":"查看","menuCode":"menu_query","__v":0},{"parentId":["6069beb8b306e7f18dd72efc","6083d756c30e1188761493f2"],"createTime":"2021-05-16T09:34:46.325Z","updateTime":"2021-05-16T09:34:46.325Z","_id":"60a0e84c92ea01921486ecb0","menuType":2,"menuState":1,"menuName":"新增","menuCode":"menu-create","__v":0},{"parentId":["6069beb8b306e7f18dd72efc","6083d756c30e1188761493f2"],"createTime":"2021-05-16T09:34:46.325Z","updateTime":"2021-05-16T09:34:46.325Z","_id":"60a0e85392ea01921486ecb1","menuType":2,"menuState":1,"menuName":"编辑","menuCode":"menu-edit","__v":0},{"parentId":["6069beb8b306e7f18dd72efc","6083d756c30e1188761493f2"],"createTime":"2021-05-16T09:34:46.325Z","updateTime":"2021-05-16T09:34:46.325Z","_id":"60a0e85c92ea01921486ecb2","menuType":2,"menuState":1,"menuName":"删除","menuCode":"menu-delete","__v":0}]},{"parentId":["6069beb8b306e7f18dd72efc"],"createTime":"2021-04-24T05:00:05.659Z","updateTime":"2023-05-17T16:12:29.690Z","_id":"6083d76bc30e1188761493f3","menuType":1,"menuState":1,"menuName":"角色管理","path":"/system/role","__v":0,"component":"Role","icon":"Connection","children":[{"parentId":["6069beb8b306e7f18dd72efc","6083d76bc30e1188761493f3"],"createTime":"2021-05-09T07:17:23.890Z","updateTime":"2021-05-16T09:40:51.253Z","_id":"60978d6a3c0c8738d016ca5f","menuType":2,"menuState":1,"menuName":"查看","menuCode":"role-query","__v":0},{"parentId":["6069beb8b306e7f18dd72efc","6083d76bc30e1188761493f3"],"createTime":"2021-05-16T09:34:46.325Z","updateTime":"2021-05-16T09:34:46.325Z","_id":"60a0e87392ea01921486ecb3","menuType":2,"menuState":1,"menuName":"创建","menuCode":"role-create","__v":0},{"parentId":["6069beb8b306e7f18dd72efc","6083d76bc30e1188761493f3"],"createTime":"2021-05-16T09:34:46.325Z","updateTime":"2021-05-16T09:34:46.325Z","_id":"60a0e87b92ea01921486ecb4","menuType":2,"menuState":1,"menuName":"编辑","menuCode":"role-edit","__v":0},{"parentId":["6069beb8b306e7f18dd72efc","6083d76bc30e1188761493f3"],"createTime":"2021-05-16T09:34:46.325Z","updateTime":"2021-05-16T09:34:46.325Z","_id":"60a0e88792ea01921486ecb5","menuType":2,"menuState":1,"menuName":"设置权限","menuCode":"role-setting","__v":0},{"parentId":["6069beb8b306e7f18dd72efc","6083d76bc30e1188761493f3"],"createTime":"2021-05-16T09:34:46.325Z","updateTime":"2021-05-16T09:34:46.325Z","_id":"60a0e89192ea01921486ecb6","menuType":2,"menuState":1,"menuName":"删除","menuCode":"role-delete","__v":0}],"action":[{"parentId":["6069beb8b306e7f18dd72efc","6083d76bc30e1188761493f3"],"createTime":"2021-05-09T07:17:23.890Z","updateTime":"2021-05-16T09:40:51.253Z","_id":"60978d6a3c0c8738d016ca5f","menuType":2,"menuState":1,"menuName":"查看","menuCode":"role-query","__v":0},{"parentId":["6069beb8b306e7f18dd72efc","6083d76bc30e1188761493f3"],"createTime":"2021-05-16T09:34:46.325Z","updateTime":"2021-05-16T09:34:46.325Z","_id":"60a0e87392ea01921486ecb3","menuType":2,"menuState":1,"menuName":"创建","menuCode":"role-create","__v":0},{"parentId":["6069beb8b306e7f18dd72efc","6083d76bc30e1188761493f3"],"createTime":"2021-05-16T09:34:46.325Z","updateTime":"2021-05-16T09:34:46.325Z","_id":"60a0e87b92ea01921486ecb4","menuType":2,"menuState":1,"menuName":"编辑","menuCode":"role-edit","__v":0},{"parentId":["6069beb8b306e7f18dd72efc","6083d76bc30e1188761493f3"],"createTime":"2021-05-16T09:34:46.325Z","updateTime":"2021-05-16T09:34:46.325Z","_id":"60a0e88792ea01921486ecb5","menuType":2,"menuState":1,"menuName":"设置权限","menuCode":"role-setting","__v":0},{"parentId":["6069beb8b306e7f18dd72efc","6083d76bc30e1188761493f3"],"createTime":"2021-05-16T09:34:46.325Z","updateTime":"2021-05-16T09:34:46.325Z","_id":"60a0e89192ea01921486ecb6","menuType":2,"menuState":1,"menuName":"删除","menuCode":"role-delete","__v":0}]},{"parentId":["6069beb8b306e7f18dd72efc"],"createTime":"2021-05-09T07:17:23.890Z","updateTime":"2023-05-17T16:12:42.794Z","_id":"60979e4d3c0c8738d016ca60","menuType":1,"menuState":1,"menuName":"部门管理","path":"/system/dept","__v":0,"component":"Dept","icon":"Service","children":[{"parentId":["6069beb8b306e7f18dd72efc","60979e4d3c0c8738d016ca60"],"createTime":"2021-05-09T07:17:23.890Z","updateTime":"2021-05-09T07:17:23.890Z","_id":"60979e5a3c0c8738d016ca61","menuType":2,"menuState":1,"menuName":"查看","menuCode":"dept-query","__v":0},{"parentId":["6069beb8b306e7f18dd72efc","60979e4d3c0c8738d016ca60"],"createTime":"2021-05-09T07:17:23.890Z","updateTime":"2021-05-09T07:17:23.890Z","_id":"60a0e8b092ea01921486ecb7","menuType":2,"menuState":1,"menuName":"创建","menuCode":"dept-create","__v":0},{"parentId":["6069beb8b306e7f18dd72efc","60979e4d3c0c8738d016ca60"],"createTime":"2021-05-09T07:17:23.890Z","updateTime":"2021-05-09T07:17:23.890Z","_id":"60a0e8b892ea01921486ecb8","menuType":2,"menuState":1,"menuName":"编辑","menuCode":"dept-edit","__v":0},{"parentId":["6069beb8b306e7f18dd72efc","60979e4d3c0c8738d016ca60"],"createTime":"2021-05-09T07:17:23.890Z","updateTime":"2021-05-09T07:17:23.890Z","_id":"60a0e8c392ea01921486ecb9","menuType":2,"menuState":1,"menuName":"删除","menuCode":"dept-delete","__v":0}],"action":[{"parentId":["6069beb8b306e7f18dd72efc","60979e4d3c0c8738d016ca60"],"createTime":"2021-05-09T07:17:23.890Z","updateTime":"2021-05-09T07:17:23.890Z","_id":"60979e5a3c0c8738d016ca61","menuType":2,"menuState":1,"menuName":"查看","menuCode":"dept-query","__v":0},{"parentId":["6069beb8b306e7f18dd72efc","60979e4d3c0c8738d016ca60"],"createTime":"2021-05-09T07:17:23.890Z","updateTime":"2021-05-09T07:17:23.890Z","_id":"60a0e8b092ea01921486ecb7","menuType":2,"menuState":1,"menuName":"创建","menuCode":"dept-create","__v":0},{"parentId":["6069beb8b306e7f18dd72efc","60979e4d3c0c8738d016ca60"],"createTime":"2021-05-09T07:17:23.890Z","updateTime":"2021-05-09T07:17:23.890Z","_id":"60a0e8b892ea01921486ecb8","menuType":2,"menuState":1,"menuName":"编辑","menuCode":"dept-edit","__v":0},{"parentId":["6069beb8b306e7f18dd72efc","60979e4d3c0c8738d016ca60"],"createTime":"2021-05-09T07:17:23.890Z","updateTime":"2021-05-09T07:17:23.890Z","_id":"60a0e8c392ea01921486ecb9","menuType":2,"menuState":1,"menuName":"删除","menuCode":"dept-delete","__v":0}]}],"action":"add"}
[2024-02-17T23:19:38.602] [INFO] info - get params:{"menuState":"1"}
[2024-02-17T23:19:38.602] [INFO] info - post params:{}
[2024-02-17T23:20:09.481] [INFO] info - get params:{}
[2024-02-17T23:20:09.481] [INFO] info - post params:{"parentId":["65d0ce8a848da6578c813a7f"],"menuType":1,"menuState":1,"createTime":"2021-04-04T13:23:49.765Z","updateTime":"2023-05-17T16:11:36.256Z","_id":"6069bec6b306e7f18dd72efd","menuName":"用户管理","icon":"User","path":"/system/user","__v":0,"children":[{"parentId":["6069beb8b306e7f18dd72efc","6069bec6b306e7f18dd72efd"],"createTime":"2021-05-16T09:34:46.325Z","updateTime":"2021-05-16T09:34:46.325Z","_id":"60a0e80d92ea01921486ecac","menuType":2,"menuState":1,"menuName":"新增","menuCode":"user-create","__v":0},{"parentId":["6069beb8b306e7f18dd72efc","6069bec6b306e7f18dd72efd"],"createTime":"2021-05-16T09:34:46.325Z","updateTime":"2021-05-16T09:34:46.325Z","_id":"60a0e81c92ea01921486ecad","menuType":2,"menuState":1,"menuName":"编辑","menuCode":"user-edit","__v":0},{"parentId":["6069beb8b306e7f18dd72efc","6069bec6b306e7f18dd72efd"],"createTime":"2021-05-16T09:34:46.325Z","updateTime":"2021-05-16T09:34:46.325Z","_id":"60a0e82592ea01921486ecae","menuType":2,"menuState":1,"menuName":"删除","menuCode":"user-delete","__v":0},{"parentId":["6069beb8b306e7f18dd72efc","6069bec6b306e7f18dd72efd"],"createTime":"2021-05-16T09:34:46.325Z","updateTime":"2021-05-16T09:34:46.325Z","_id":"60a0e83392ea01921486ecaf","menuType":2,"menuState":1,"menuName":"批量删除","menuCode":"user-patch-delete","__v":0}],"component":"User","action":"add"}
[2024-02-17T23:20:09.820] [INFO] info - get params:{"menuState":"1"}
[2024-02-17T23:20:09.820] [INFO] info - post params:{}
[2024-02-17T23:20:23.847] [INFO] info - get params:{}
[2024-02-17T23:20:23.847] [INFO] info - post params:{"parentId":["65d0ce8a848da6578c813a7f"],"menuType":1,"menuState":1,"createTime":"2021-04-04T13:23:49.765Z","updateTime":"2023-05-17T16:11:57.210Z","_id":"6083d756c30e1188761493f2","menuName":"菜单管理","icon":"Menu","path":"/system/menu","__v":0,"children":[{"parentId":["6069beb8b306e7f18dd72efc","6083d756c30e1188761493f2"],"createTime":"2021-04-24T05:00:05.659Z","updateTime":"2021-04-24T05:00:05.659Z","_id":"6083f63bc30e1188761493f4","menuType":2,"menuState":1,"menuName":"查看","menuCode":"menu_query","__v":0},{"parentId":["6069beb8b306e7f18dd72efc","6083d756c30e1188761493f2"],"createTime":"2021-05-16T09:34:46.325Z","updateTime":"2021-05-16T09:34:46.325Z","_id":"60a0e84c92ea01921486ecb0","menuType":2,"menuState":1,"menuName":"新增","menuCode":"menu-create","__v":0},{"parentId":["6069beb8b306e7f18dd72efc","6083d756c30e1188761493f2"],"createTime":"2021-05-16T09:34:46.325Z","updateTime":"2021-05-16T09:34:46.325Z","_id":"60a0e85392ea01921486ecb1","menuType":2,"menuState":1,"menuName":"编辑","menuCode":"menu-edit","__v":0},{"parentId":["6069beb8b306e7f18dd72efc","6083d756c30e1188761493f2"],"createTime":"2021-05-16T09:34:46.325Z","updateTime":"2021-05-16T09:34:46.325Z","_id":"60a0e85c92ea01921486ecb2","menuType":2,"menuState":1,"menuName":"删除","menuCode":"menu-delete","__v":0}],"component":"Menu","action":"add"}
[2024-02-17T23:20:24.173] [INFO] info - get params:{"menuState":"1"}
[2024-02-17T23:20:24.173] [INFO] info - post params:{}
[2024-02-17T23:20:33.111] [INFO] info - get params:{}
[2024-02-17T23:20:33.111] [INFO] info - post params:{"parentId":["65d0ce8a848da6578c813a7f"],"menuType":1,"menuState":1,"createTime":"2021-04-24T05:00:05.659Z","updateTime":"2023-05-17T16:12:29.690Z","_id":"6083d76bc30e1188761493f3","menuName":"角色管理","icon":"Connection","path":"/system/role","__v":0,"children":[{"parentId":["6069beb8b306e7f18dd72efc","6083d76bc30e1188761493f3"],"createTime":"2021-05-09T07:17:23.890Z","updateTime":"2021-05-16T09:40:51.253Z","_id":"60978d6a3c0c8738d016ca5f","menuType":2,"menuState":1,"menuName":"查看","menuCode":"role-query","__v":0},{"parentId":["6069beb8b306e7f18dd72efc","6083d76bc30e1188761493f3"],"createTime":"2021-05-16T09:34:46.325Z","updateTime":"2021-05-16T09:34:46.325Z","_id":"60a0e87392ea01921486ecb3","menuType":2,"menuState":1,"menuName":"创建","menuCode":"role-create","__v":0},{"parentId":["6069beb8b306e7f18dd72efc","6083d76bc30e1188761493f3"],"createTime":"2021-05-16T09:34:46.325Z","updateTime":"2021-05-16T09:34:46.325Z","_id":"60a0e87b92ea01921486ecb4","menuType":2,"menuState":1,"menuName":"编辑","menuCode":"role-edit","__v":0},{"parentId":["6069beb8b306e7f18dd72efc","6083d76bc30e1188761493f3"],"createTime":"2021-05-16T09:34:46.325Z","updateTime":"2021-05-16T09:34:46.325Z","_id":"60a0e88792ea01921486ecb5","menuType":2,"menuState":1,"menuName":"设置权限","menuCode":"role-setting","__v":0},{"parentId":["6069beb8b306e7f18dd72efc","6083d76bc30e1188761493f3"],"createTime":"2021-05-16T09:34:46.325Z","updateTime":"2021-05-16T09:34:46.325Z","_id":"60a0e89192ea01921486ecb6","menuType":2,"menuState":1,"menuName":"删除","menuCode":"role-delete","__v":0}],"component":"Role","action":"add"}
[2024-02-17T23:20:33.445] [INFO] info - get params:{"menuState":"1"}
[2024-02-17T23:20:33.445] [INFO] info - post params:{}
[2024-02-17T23:20:40.743] [INFO] info - get params:{}
[2024-02-17T23:20:40.744] [INFO] info - post params:{"parentId":["65d0ce8a848da6578c813a7f"],"menuType":1,"menuState":1,"createTime":"2021-05-09T07:17:23.890Z","updateTime":"2023-05-17T16:12:42.794Z","_id":"60979e4d3c0c8738d016ca60","menuName":"部门管理","icon":"Service","path":"/system/dept","__v":0,"children":[{"parentId":["6069beb8b306e7f18dd72efc","60979e4d3c0c8738d016ca60"],"createTime":"2021-05-09T07:17:23.890Z","updateTime":"2021-05-09T07:17:23.890Z","_id":"60979e5a3c0c8738d016ca61","menuType":2,"menuState":1,"menuName":"查看","menuCode":"dept-query","__v":0},{"parentId":["6069beb8b306e7f18dd72efc","60979e4d3c0c8738d016ca60"],"createTime":"2021-05-09T07:17:23.890Z","updateTime":"2021-05-09T07:17:23.890Z","_id":"60a0e8b092ea01921486ecb7","menuType":2,"menuState":1,"menuName":"创建","menuCode":"dept-create","__v":0},{"parentId":["6069beb8b306e7f18dd72efc","60979e4d3c0c8738d016ca60"],"createTime":"2021-05-09T07:17:23.890Z","updateTime":"2021-05-09T07:17:23.890Z","_id":"60a0e8b892ea01921486ecb8","menuType":2,"menuState":1,"menuName":"编辑","menuCode":"dept-edit","__v":0},{"parentId":["6069beb8b306e7f18dd72efc","60979e4d3c0c8738d016ca60"],"createTime":"2021-05-09T07:17:23.890Z","updateTime":"2021-05-09T07:17:23.890Z","_id":"60a0e8c392ea01921486ecb9","menuType":2,"menuState":1,"menuName":"删除","menuCode":"dept-delete","__v":0}],"component":"Dept","action":"add"}
[2024-02-17T23:20:41.096] [INFO] info - get params:{"menuState":"1"}
[2024-02-17T23:20:41.096] [INFO] info - post params:{}
[2024-02-17T23:20:59.295] [INFO] info - get params:{}
[2024-02-17T23:20:59.295] [INFO] info - post params:{"parentId":["65d0ce8a848da6578c813a7f","65d0cea9848da6578c813a82"],"menuType":2,"menuState":1,"createTime":"2021-05-16T09:34:46.325Z","updateTime":"2021-05-16T09:34:46.325Z","_id":"60a0e80d92ea01921486ecac","menuName":"新增","__v":0,"children":[{"parentId":["6069beb8b306e7f18dd72efc","60979e4d3c0c8738d016ca60"],"createTime":"2021-05-09T07:17:23.890Z","updateTime":"2021-05-09T07:17:23.890Z","_id":"60979e5a3c0c8738d016ca61","menuType":2,"menuState":1,"menuName":"查看","menuCode":"dept-query","__v":0},{"parentId":["6069beb8b306e7f18dd72efc","60979e4d3c0c8738d016ca60"],"createTime":"2021-05-09T07:17:23.890Z","updateTime":"2021-05-09T07:17:23.890Z","_id":"60a0e8b092ea01921486ecb7","menuType":2,"menuState":1,"menuName":"创建","menuCode":"dept-create","__v":0},{"parentId":["6069beb8b306e7f18dd72efc","60979e4d3c0c8738d016ca60"],"createTime":"2021-05-09T07:17:23.890Z","updateTime":"2021-05-09T07:17:23.890Z","_id":"60a0e8b892ea01921486ecb8","menuType":2,"menuState":1,"menuName":"编辑","menuCode":"dept-edit","__v":0},{"parentId":["6069beb8b306e7f18dd72efc","60979e4d3c0c8738d016ca60"],"createTime":"2021-05-09T07:17:23.890Z","updateTime":"2021-05-09T07:17:23.890Z","_id":"60a0e8c392ea01921486ecb9","menuType":2,"menuState":1,"menuName":"删除","menuCode":"dept-delete","__v":0}],"menuCode":"user-create","action":"add"}
[2024-02-17T23:20:59.621] [INFO] info - get params:{"menuState":"1"}
[2024-02-17T23:20:59.621] [INFO] info - post params:{}
[2024-02-17T23:21:07.722] [INFO] info - get params:{}
[2024-02-17T23:21:07.722] [INFO] info - post params:{"parentId":["65d0ce8a848da6578c813a7f","65d0cea9848da6578c813a82"],"menuType":2,"menuState":1,"createTime":"2021-05-16T09:34:46.325Z","updateTime":"2021-05-16T09:34:46.325Z","_id":"60a0e81c92ea01921486ecad","menuName":"编辑","__v":0,"children":[{"parentId":["6069beb8b306e7f18dd72efc","60979e4d3c0c8738d016ca60"],"createTime":"2021-05-09T07:17:23.890Z","updateTime":"2021-05-09T07:17:23.890Z","_id":"60979e5a3c0c8738d016ca61","menuType":2,"menuState":1,"menuName":"查看","menuCode":"dept-query","__v":0},{"parentId":["6069beb8b306e7f18dd72efc","60979e4d3c0c8738d016ca60"],"createTime":"2021-05-09T07:17:23.890Z","updateTime":"2021-05-09T07:17:23.890Z","_id":"60a0e8b092ea01921486ecb7","menuType":2,"menuState":1,"menuName":"创建","menuCode":"dept-create","__v":0},{"parentId":["6069beb8b306e7f18dd72efc","60979e4d3c0c8738d016ca60"],"createTime":"2021-05-09T07:17:23.890Z","updateTime":"2021-05-09T07:17:23.890Z","_id":"60a0e8b892ea01921486ecb8","menuType":2,"menuState":1,"menuName":"编辑","menuCode":"dept-edit","__v":0},{"parentId":["6069beb8b306e7f18dd72efc","60979e4d3c0c8738d016ca60"],"createTime":"2021-05-09T07:17:23.890Z","updateTime":"2021-05-09T07:17:23.890Z","_id":"60a0e8c392ea01921486ecb9","menuType":2,"menuState":1,"menuName":"删除","menuCode":"dept-delete","__v":0}],"menuCode":"user-edit","action":"add"}
[2024-02-17T23:21:08.052] [INFO] info - get params:{"menuState":"1"}
[2024-02-17T23:21:08.052] [INFO] info - post params:{}
[2024-02-17T23:21:16.128] [INFO] info - get params:{}
[2024-02-17T23:21:16.128] [INFO] info - post params:{"parentId":["65d0ce8a848da6578c813a7f","65d0cea9848da6578c813a82"],"menuType":2,"menuState":1,"createTime":"2021-05-16T09:34:46.325Z","updateTime":"2021-05-16T09:34:46.325Z","_id":"60a0e82592ea01921486ecae","menuName":"删除","__v":0,"children":[{"parentId":["6069beb8b306e7f18dd72efc","60979e4d3c0c8738d016ca60"],"createTime":"2021-05-09T07:17:23.890Z","updateTime":"2021-05-09T07:17:23.890Z","_id":"60979e5a3c0c8738d016ca61","menuType":2,"menuState":1,"menuName":"查看","menuCode":"dept-query","__v":0},{"parentId":["6069beb8b306e7f18dd72efc","60979e4d3c0c8738d016ca60"],"createTime":"2021-05-09T07:17:23.890Z","updateTime":"2021-05-09T07:17:23.890Z","_id":"60a0e8b092ea01921486ecb7","menuType":2,"menuState":1,"menuName":"创建","menuCode":"dept-create","__v":0},{"parentId":["6069beb8b306e7f18dd72efc","60979e4d3c0c8738d016ca60"],"createTime":"2021-05-09T07:17:23.890Z","updateTime":"2021-05-09T07:17:23.890Z","_id":"60a0e8b892ea01921486ecb8","menuType":2,"menuState":1,"menuName":"编辑","menuCode":"dept-edit","__v":0},{"parentId":["6069beb8b306e7f18dd72efc","60979e4d3c0c8738d016ca60"],"createTime":"2021-05-09T07:17:23.890Z","updateTime":"2021-05-09T07:17:23.890Z","_id":"60a0e8c392ea01921486ecb9","menuType":2,"menuState":1,"menuName":"删除","menuCode":"dept-delete","__v":0}],"menuCode":"user-delete","action":"add"}
[2024-02-17T23:21:16.466] [INFO] info - get params:{"menuState":"1"}
[2024-02-17T23:21:16.466] [INFO] info - post params:{}
[2024-02-17T23:21:23.288] [INFO] info - get params:{}
[2024-02-17T23:21:23.288] [INFO] info - post params:{"parentId":["65d0ce8a848da6578c813a7f","65d0cea9848da6578c813a82"],"menuType":2,"menuState":1,"createTime":"2021-05-16T09:34:46.325Z","updateTime":"2021-05-16T09:34:46.325Z","_id":"60a0e83392ea01921486ecaf","menuName":"批量删除","__v":0,"children":[{"parentId":["6069beb8b306e7f18dd72efc","60979e4d3c0c8738d016ca60"],"createTime":"2021-05-09T07:17:23.890Z","updateTime":"2021-05-09T07:17:23.890Z","_id":"60979e5a3c0c8738d016ca61","menuType":2,"menuState":1,"menuName":"查看","menuCode":"dept-query","__v":0},{"parentId":["6069beb8b306e7f18dd72efc","60979e4d3c0c8738d016ca60"],"createTime":"2021-05-09T07:17:23.890Z","updateTime":"2021-05-09T07:17:23.890Z","_id":"60a0e8b092ea01921486ecb7","menuType":2,"menuState":1,"menuName":"创建","menuCode":"dept-create","__v":0},{"parentId":["6069beb8b306e7f18dd72efc","60979e4d3c0c8738d016ca60"],"createTime":"2021-05-09T07:17:23.890Z","updateTime":"2021-05-09T07:17:23.890Z","_id":"60a0e8b892ea01921486ecb8","menuType":2,"menuState":1,"menuName":"编辑","menuCode":"dept-edit","__v":0},{"parentId":["6069beb8b306e7f18dd72efc","60979e4d3c0c8738d016ca60"],"createTime":"2021-05-09T07:17:23.890Z","updateTime":"2021-05-09T07:17:23.890Z","_id":"60a0e8c392ea01921486ecb9","menuType":2,"menuState":1,"menuName":"删除","menuCode":"dept-delete","__v":0}],"menuCode":"user-patch-delete","action":"add"}
[2024-02-17T23:21:23.619] [INFO] info - get params:{"menuState":"1"}
[2024-02-17T23:21:23.619] [INFO] info - post params:{}
[2024-02-17T23:21:35.758] [INFO] info - get params:{}
[2024-02-17T23:21:35.758] [INFO] info - post params:{"parentId":["65d0ce8a848da6578c813a7f","65d0ceb7848da6578c813a85"],"menuType":2,"menuState":1,"createTime":"2021-04-24T05:00:05.659Z","updateTime":"2021-04-24T05:00:05.659Z","_id":"6083f63bc30e1188761493f4","menuName":"查看","__v":0,"children":[{"parentId":["6069beb8b306e7f18dd72efc","60979e4d3c0c8738d016ca60"],"createTime":"2021-05-09T07:17:23.890Z","updateTime":"2021-05-09T07:17:23.890Z","_id":"60979e5a3c0c8738d016ca61","menuType":2,"menuState":1,"menuName":"查看","menuCode":"dept-query","__v":0},{"parentId":["6069beb8b306e7f18dd72efc","60979e4d3c0c8738d016ca60"],"createTime":"2021-05-09T07:17:23.890Z","updateTime":"2021-05-09T07:17:23.890Z","_id":"60a0e8b092ea01921486ecb7","menuType":2,"menuState":1,"menuName":"创建","menuCode":"dept-create","__v":0},{"parentId":["6069beb8b306e7f18dd72efc","60979e4d3c0c8738d016ca60"],"createTime":"2021-05-09T07:17:23.890Z","updateTime":"2021-05-09T07:17:23.890Z","_id":"60a0e8b892ea01921486ecb8","menuType":2,"menuState":1,"menuName":"编辑","menuCode":"dept-edit","__v":0},{"parentId":["6069beb8b306e7f18dd72efc","60979e4d3c0c8738d016ca60"],"createTime":"2021-05-09T07:17:23.890Z","updateTime":"2021-05-09T07:17:23.890Z","_id":"60a0e8c392ea01921486ecb9","menuType":2,"menuState":1,"menuName":"删除","menuCode":"dept-delete","__v":0}],"menuCode":"menu_query","action":"add"}
[2024-02-17T23:21:36.095] [INFO] info - get params:{"menuState":"1"}
[2024-02-17T23:21:36.095] [INFO] info - post params:{}
[2024-02-17T23:21:43.278] [INFO] info - get params:{}
[2024-02-17T23:21:43.278] [INFO] info - post params:{"parentId":["65d0ce8a848da6578c813a7f","65d0ceb7848da6578c813a85"],"menuType":2,"menuState":1,"createTime":"2021-05-16T09:34:46.325Z","updateTime":"2021-05-16T09:34:46.325Z","_id":"60a0e84c92ea01921486ecb0","menuName":"新增","__v":0,"children":[{"parentId":["6069beb8b306e7f18dd72efc","60979e4d3c0c8738d016ca60"],"createTime":"2021-05-09T07:17:23.890Z","updateTime":"2021-05-09T07:17:23.890Z","_id":"60979e5a3c0c8738d016ca61","menuType":2,"menuState":1,"menuName":"查看","menuCode":"dept-query","__v":0},{"parentId":["6069beb8b306e7f18dd72efc","60979e4d3c0c8738d016ca60"],"createTime":"2021-05-09T07:17:23.890Z","updateTime":"2021-05-09T07:17:23.890Z","_id":"60a0e8b092ea01921486ecb7","menuType":2,"menuState":1,"menuName":"创建","menuCode":"dept-create","__v":0},{"parentId":["6069beb8b306e7f18dd72efc","60979e4d3c0c8738d016ca60"],"createTime":"2021-05-09T07:17:23.890Z","updateTime":"2021-05-09T07:17:23.890Z","_id":"60a0e8b892ea01921486ecb8","menuType":2,"menuState":1,"menuName":"编辑","menuCode":"dept-edit","__v":0},{"parentId":["6069beb8b306e7f18dd72efc","60979e4d3c0c8738d016ca60"],"createTime":"2021-05-09T07:17:23.890Z","updateTime":"2021-05-09T07:17:23.890Z","_id":"60a0e8c392ea01921486ecb9","menuType":2,"menuState":1,"menuName":"删除","menuCode":"dept-delete","__v":0}],"menuCode":"menu-create","action":"add"}
[2024-02-17T23:21:43.613] [INFO] info - get params:{"menuState":"1"}
[2024-02-17T23:21:43.613] [INFO] info - post params:{}
[2024-02-17T23:22:06.066] [INFO] info - get params:{}
[2024-02-17T23:22:06.066] [INFO] info - post params:{"parentId":["65d0ce8a848da6578c813a7f","65d0ceb7848da6578c813a85"],"menuType":2,"menuState":1,"createTime":"2021-05-16T09:34:46.325Z","updateTime":"2021-05-16T09:34:46.325Z","_id":"60a0e85392ea01921486ecb1","menuName":"编辑","__v":0,"children":[{"parentId":["6069beb8b306e7f18dd72efc","60979e4d3c0c8738d016ca60"],"createTime":"2021-05-09T07:17:23.890Z","updateTime":"2021-05-09T07:17:23.890Z","_id":"60979e5a3c0c8738d016ca61","menuType":2,"menuState":1,"menuName":"查看","menuCode":"dept-query","__v":0},{"parentId":["6069beb8b306e7f18dd72efc","60979e4d3c0c8738d016ca60"],"createTime":"2021-05-09T07:17:23.890Z","updateTime":"2021-05-09T07:17:23.890Z","_id":"60a0e8b092ea01921486ecb7","menuType":2,"menuState":1,"menuName":"创建","menuCode":"dept-create","__v":0},{"parentId":["6069beb8b306e7f18dd72efc","60979e4d3c0c8738d016ca60"],"createTime":"2021-05-09T07:17:23.890Z","updateTime":"2021-05-09T07:17:23.890Z","_id":"60a0e8b892ea01921486ecb8","menuType":2,"menuState":1,"menuName":"编辑","menuCode":"dept-edit","__v":0},{"parentId":["6069beb8b306e7f18dd72efc","60979e4d3c0c8738d016ca60"],"createTime":"2021-05-09T07:17:23.890Z","updateTime":"2021-05-09T07:17:23.890Z","_id":"60a0e8c392ea01921486ecb9","menuType":2,"menuState":1,"menuName":"删除","menuCode":"dept-delete","__v":0}],"menuCode":"menu-edit","action":"add"}
[2024-02-17T23:22:06.397] [INFO] info - get params:{"menuState":"1"}
[2024-02-17T23:22:06.397] [INFO] info - post params:{}
[2024-02-17T23:22:11.291] [INFO] info - get params:{}
[2024-02-17T23:22:11.291] [INFO] info - post params:{"parentId":["65d0ce8a848da6578c813a7f","65d0ceb7848da6578c813a85"],"menuType":2,"menuState":1,"createTime":"2021-05-16T09:34:46.325Z","updateTime":"2021-05-16T09:34:46.325Z","_id":"60a0e85c92ea01921486ecb2","menuName":"删除","__v":0,"children":[{"parentId":["6069beb8b306e7f18dd72efc","60979e4d3c0c8738d016ca60"],"createTime":"2021-05-09T07:17:23.890Z","updateTime":"2021-05-09T07:17:23.890Z","_id":"60979e5a3c0c8738d016ca61","menuType":2,"menuState":1,"menuName":"查看","menuCode":"dept-query","__v":0},{"parentId":["6069beb8b306e7f18dd72efc","60979e4d3c0c8738d016ca60"],"createTime":"2021-05-09T07:17:23.890Z","updateTime":"2021-05-09T07:17:23.890Z","_id":"60a0e8b092ea01921486ecb7","menuType":2,"menuState":1,"menuName":"创建","menuCode":"dept-create","__v":0},{"parentId":["6069beb8b306e7f18dd72efc","60979e4d3c0c8738d016ca60"],"createTime":"2021-05-09T07:17:23.890Z","updateTime":"2021-05-09T07:17:23.890Z","_id":"60a0e8b892ea01921486ecb8","menuType":2,"menuState":1,"menuName":"编辑","menuCode":"dept-edit","__v":0},{"parentId":["6069beb8b306e7f18dd72efc","60979e4d3c0c8738d016ca60"],"createTime":"2021-05-09T07:17:23.890Z","updateTime":"2021-05-09T07:17:23.890Z","_id":"60a0e8c392ea01921486ecb9","menuType":2,"menuState":1,"menuName":"删除","menuCode":"dept-delete","__v":0}],"menuCode":"menu-delete","action":"add"}
[2024-02-17T23:22:11.629] [INFO] info - get params:{"menuState":"1"}
[2024-02-17T23:22:11.630] [INFO] info - post params:{}
[2024-02-17T23:22:21.912] [INFO] info - get params:{}
[2024-02-17T23:22:21.912] [INFO] info - post params:{"parentId":["65d0ce8a848da6578c813a7f","65d0cec1848da6578c813a88"],"menuType":2,"menuState":1,"createTime":"2021-05-09T07:17:23.890Z","updateTime":"2021-05-16T09:40:51.253Z","_id":"60978d6a3c0c8738d016ca5f","menuName":"查看","__v":0,"children":[{"parentId":["6069beb8b306e7f18dd72efc","60979e4d3c0c8738d016ca60"],"createTime":"2021-05-09T07:17:23.890Z","updateTime":"2021-05-09T07:17:23.890Z","_id":"60979e5a3c0c8738d016ca61","menuType":2,"menuState":1,"menuName":"查看","menuCode":"dept-query","__v":0},{"parentId":["6069beb8b306e7f18dd72efc","60979e4d3c0c8738d016ca60"],"createTime":"2021-05-09T07:17:23.890Z","updateTime":"2021-05-09T07:17:23.890Z","_id":"60a0e8b092ea01921486ecb7","menuType":2,"menuState":1,"menuName":"创建","menuCode":"dept-create","__v":0},{"parentId":["6069beb8b306e7f18dd72efc","60979e4d3c0c8738d016ca60"],"createTime":"2021-05-09T07:17:23.890Z","updateTime":"2021-05-09T07:17:23.890Z","_id":"60a0e8b892ea01921486ecb8","menuType":2,"menuState":1,"menuName":"编辑","menuCode":"dept-edit","__v":0},{"parentId":["6069beb8b306e7f18dd72efc","60979e4d3c0c8738d016ca60"],"createTime":"2021-05-09T07:17:23.890Z","updateTime":"2021-05-09T07:17:23.890Z","_id":"60a0e8c392ea01921486ecb9","menuType":2,"menuState":1,"menuName":"删除","menuCode":"dept-delete","__v":0}],"menuCode":"role-query","action":"add"}
[2024-02-17T23:22:22.243] [INFO] info - get params:{"menuState":"1"}
[2024-02-17T23:22:22.243] [INFO] info - post params:{}
[2024-02-17T23:22:28.248] [INFO] info - get params:{}
[2024-02-17T23:22:28.249] [INFO] info - post params:{"parentId":["65d0ce8a848da6578c813a7f","65d0cec1848da6578c813a88"],"menuType":2,"menuState":1,"createTime":"2021-05-16T09:34:46.325Z","updateTime":"2021-05-16T09:34:46.325Z","_id":"60a0e87392ea01921486ecb3","menuName":"创建","__v":0,"children":[{"parentId":["6069beb8b306e7f18dd72efc","60979e4d3c0c8738d016ca60"],"createTime":"2021-05-09T07:17:23.890Z","updateTime":"2021-05-09T07:17:23.890Z","_id":"60979e5a3c0c8738d016ca61","menuType":2,"menuState":1,"menuName":"查看","menuCode":"dept-query","__v":0},{"parentId":["6069beb8b306e7f18dd72efc","60979e4d3c0c8738d016ca60"],"createTime":"2021-05-09T07:17:23.890Z","updateTime":"2021-05-09T07:17:23.890Z","_id":"60a0e8b092ea01921486ecb7","menuType":2,"menuState":1,"menuName":"创建","menuCode":"dept-create","__v":0},{"parentId":["6069beb8b306e7f18dd72efc","60979e4d3c0c8738d016ca60"],"createTime":"2021-05-09T07:17:23.890Z","updateTime":"2021-05-09T07:17:23.890Z","_id":"60a0e8b892ea01921486ecb8","menuType":2,"menuState":1,"menuName":"编辑","menuCode":"dept-edit","__v":0},{"parentId":["6069beb8b306e7f18dd72efc","60979e4d3c0c8738d016ca60"],"createTime":"2021-05-09T07:17:23.890Z","updateTime":"2021-05-09T07:17:23.890Z","_id":"60a0e8c392ea01921486ecb9","menuType":2,"menuState":1,"menuName":"删除","menuCode":"dept-delete","__v":0}],"menuCode":"role-create","action":"add"}
[2024-02-17T23:22:28.588] [INFO] info - get params:{"menuState":"1"}
[2024-02-17T23:22:28.588] [INFO] info - post params:{}
[2024-02-17T23:22:35.857] [INFO] info - get params:{}
[2024-02-17T23:22:35.858] [INFO] info - post params:{"parentId":["65d0ce8a848da6578c813a7f","65d0cec1848da6578c813a88"],"menuType":2,"menuState":1,"createTime":"2021-05-16T09:34:46.325Z","updateTime":"2021-05-16T09:34:46.325Z","_id":"60a0e87b92ea01921486ecb4","menuName":"编辑","__v":0,"children":[{"parentId":["6069beb8b306e7f18dd72efc","60979e4d3c0c8738d016ca60"],"createTime":"2021-05-09T07:17:23.890Z","updateTime":"2021-05-09T07:17:23.890Z","_id":"60979e5a3c0c8738d016ca61","menuType":2,"menuState":1,"menuName":"查看","menuCode":"dept-query","__v":0},{"parentId":["6069beb8b306e7f18dd72efc","60979e4d3c0c8738d016ca60"],"createTime":"2021-05-09T07:17:23.890Z","updateTime":"2021-05-09T07:17:23.890Z","_id":"60a0e8b092ea01921486ecb7","menuType":2,"menuState":1,"menuName":"创建","menuCode":"dept-create","__v":0},{"parentId":["6069beb8b306e7f18dd72efc","60979e4d3c0c8738d016ca60"],"createTime":"2021-05-09T07:17:23.890Z","updateTime":"2021-05-09T07:17:23.890Z","_id":"60a0e8b892ea01921486ecb8","menuType":2,"menuState":1,"menuName":"编辑","menuCode":"dept-edit","__v":0},{"parentId":["6069beb8b306e7f18dd72efc","60979e4d3c0c8738d016ca60"],"createTime":"2021-05-09T07:17:23.890Z","updateTime":"2021-05-09T07:17:23.890Z","_id":"60a0e8c392ea01921486ecb9","menuType":2,"menuState":1,"menuName":"删除","menuCode":"dept-delete","__v":0}],"menuCode":"role-edit","action":"add"}
[2024-02-17T23:22:36.197] [INFO] info - get params:{"menuState":"1"}
[2024-02-17T23:22:36.197] [INFO] info - post params:{}
[2024-02-17T23:22:46.447] [INFO] info - get params:{}
[2024-02-17T23:22:46.447] [INFO] info - post params:{"parentId":["65d0ce8a848da6578c813a7f","65d0cec1848da6578c813a88"],"menuType":2,"menuState":1,"createTime":"2021-05-16T09:34:46.325Z","updateTime":"2021-05-16T09:34:46.325Z","_id":"60a0e88792ea01921486ecb5","menuName":"设置权限","__v":0,"children":[{"parentId":["6069beb8b306e7f18dd72efc","60979e4d3c0c8738d016ca60"],"createTime":"2021-05-09T07:17:23.890Z","updateTime":"2021-05-09T07:17:23.890Z","_id":"60979e5a3c0c8738d016ca61","menuType":2,"menuState":1,"menuName":"查看","menuCode":"dept-query","__v":0},{"parentId":["6069beb8b306e7f18dd72efc","60979e4d3c0c8738d016ca60"],"createTime":"2021-05-09T07:17:23.890Z","updateTime":"2021-05-09T07:17:23.890Z","_id":"60a0e8b092ea01921486ecb7","menuType":2,"menuState":1,"menuName":"创建","menuCode":"dept-create","__v":0},{"parentId":["6069beb8b306e7f18dd72efc","60979e4d3c0c8738d016ca60"],"createTime":"2021-05-09T07:17:23.890Z","updateTime":"2021-05-09T07:17:23.890Z","_id":"60a0e8b892ea01921486ecb8","menuType":2,"menuState":1,"menuName":"编辑","menuCode":"dept-edit","__v":0},{"parentId":["6069beb8b306e7f18dd72efc","60979e4d3c0c8738d016ca60"],"createTime":"2021-05-09T07:17:23.890Z","updateTime":"2021-05-09T07:17:23.890Z","_id":"60a0e8c392ea01921486ecb9","menuType":2,"menuState":1,"menuName":"删除","menuCode":"dept-delete","__v":0}],"menuCode":"role-setting","action":"add"}
[2024-02-17T23:22:46.784] [INFO] info - get params:{"menuState":"1"}
[2024-02-17T23:22:46.784] [INFO] info - post params:{}
[2024-02-17T23:22:55.845] [INFO] info - get params:{}
[2024-02-17T23:22:55.845] [INFO] info - post params:{"parentId":["65d0ce8a848da6578c813a7f","65d0cec1848da6578c813a88"],"menuType":2,"menuState":1,"createTime":"2021-05-16T09:34:46.325Z","updateTime":"2021-05-16T09:34:46.325Z","_id":"60a0e89192ea01921486ecb6","menuName":"删除","__v":0,"children":[{"parentId":["6069beb8b306e7f18dd72efc","60979e4d3c0c8738d016ca60"],"createTime":"2021-05-09T07:17:23.890Z","updateTime":"2021-05-09T07:17:23.890Z","_id":"60979e5a3c0c8738d016ca61","menuType":2,"menuState":1,"menuName":"查看","menuCode":"dept-query","__v":0},{"parentId":["6069beb8b306e7f18dd72efc","60979e4d3c0c8738d016ca60"],"createTime":"2021-05-09T07:17:23.890Z","updateTime":"2021-05-09T07:17:23.890Z","_id":"60a0e8b092ea01921486ecb7","menuType":2,"menuState":1,"menuName":"创建","menuCode":"dept-create","__v":0},{"parentId":["6069beb8b306e7f18dd72efc","60979e4d3c0c8738d016ca60"],"createTime":"2021-05-09T07:17:23.890Z","updateTime":"2021-05-09T07:17:23.890Z","_id":"60a0e8b892ea01921486ecb8","menuType":2,"menuState":1,"menuName":"编辑","menuCode":"dept-edit","__v":0},{"parentId":["6069beb8b306e7f18dd72efc","60979e4d3c0c8738d016ca60"],"createTime":"2021-05-09T07:17:23.890Z","updateTime":"2021-05-09T07:17:23.890Z","_id":"60a0e8c392ea01921486ecb9","menuType":2,"menuState":1,"menuName":"删除","menuCode":"dept-delete","__v":0}],"menuCode":"role-delete","action":"add"}
[2024-02-17T23:22:56.181] [INFO] info - get params:{"menuState":"1"}
[2024-02-17T23:22:56.181] [INFO] info - post params:{}
[2024-02-17T23:23:08.836] [INFO] info - get params:{}
[2024-02-17T23:23:08.836] [INFO] info - post params:{"parentId":["65d0ce8a848da6578c813a7f","65d0cec8848da6578c813a8b"],"menuType":2,"menuState":1,"createTime":"2021-05-09T07:17:23.890Z","updateTime":"2021-05-09T07:17:23.890Z","_id":"60979e5a3c0c8738d016ca61","menuName":"查看","__v":0,"children":[{"parentId":["6069beb8b306e7f18dd72efc","60979e4d3c0c8738d016ca60"],"createTime":"2021-05-09T07:17:23.890Z","updateTime":"2021-05-09T07:17:23.890Z","_id":"60979e5a3c0c8738d016ca61","menuType":2,"menuState":1,"menuName":"查看","menuCode":"dept-query","__v":0},{"parentId":["6069beb8b306e7f18dd72efc","60979e4d3c0c8738d016ca60"],"createTime":"2021-05-09T07:17:23.890Z","updateTime":"2021-05-09T07:17:23.890Z","_id":"60a0e8b092ea01921486ecb7","menuType":2,"menuState":1,"menuName":"创建","menuCode":"dept-create","__v":0},{"parentId":["6069beb8b306e7f18dd72efc","60979e4d3c0c8738d016ca60"],"createTime":"2021-05-09T07:17:23.890Z","updateTime":"2021-05-09T07:17:23.890Z","_id":"60a0e8b892ea01921486ecb8","menuType":2,"menuState":1,"menuName":"编辑","menuCode":"dept-edit","__v":0},{"parentId":["6069beb8b306e7f18dd72efc","60979e4d3c0c8738d016ca60"],"createTime":"2021-05-09T07:17:23.890Z","updateTime":"2021-05-09T07:17:23.890Z","_id":"60a0e8c392ea01921486ecb9","menuType":2,"menuState":1,"menuName":"删除","menuCode":"dept-delete","__v":0}],"menuCode":"dept-query","action":"add"}
[2024-02-17T23:23:09.175] [INFO] info - get params:{"menuState":"1"}
[2024-02-17T23:23:09.175] [INFO] info - post params:{}
[2024-02-17T23:23:16.590] [INFO] info - get params:{}
[2024-02-17T23:23:16.590] [INFO] info - post params:{"parentId":["65d0ce8a848da6578c813a7f","65d0cec8848da6578c813a8b"],"menuType":2,"menuState":1,"createTime":"2021-05-09T07:17:23.890Z","updateTime":"2021-05-09T07:17:23.890Z","_id":"60a0e8b092ea01921486ecb7","menuName":"创建","__v":0,"children":[{"parentId":["6069beb8b306e7f18dd72efc","60979e4d3c0c8738d016ca60"],"createTime":"2021-05-09T07:17:23.890Z","updateTime":"2021-05-09T07:17:23.890Z","_id":"60979e5a3c0c8738d016ca61","menuType":2,"menuState":1,"menuName":"查看","menuCode":"dept-query","__v":0},{"parentId":["6069beb8b306e7f18dd72efc","60979e4d3c0c8738d016ca60"],"createTime":"2021-05-09T07:17:23.890Z","updateTime":"2021-05-09T07:17:23.890Z","_id":"60a0e8b092ea01921486ecb7","menuType":2,"menuState":1,"menuName":"创建","menuCode":"dept-create","__v":0},{"parentId":["6069beb8b306e7f18dd72efc","60979e4d3c0c8738d016ca60"],"createTime":"2021-05-09T07:17:23.890Z","updateTime":"2021-05-09T07:17:23.890Z","_id":"60a0e8b892ea01921486ecb8","menuType":2,"menuState":1,"menuName":"编辑","menuCode":"dept-edit","__v":0},{"parentId":["6069beb8b306e7f18dd72efc","60979e4d3c0c8738d016ca60"],"createTime":"2021-05-09T07:17:23.890Z","updateTime":"2021-05-09T07:17:23.890Z","_id":"60a0e8c392ea01921486ecb9","menuType":2,"menuState":1,"menuName":"删除","menuCode":"dept-delete","__v":0}],"menuCode":"dept-create","action":"add"}
[2024-02-17T23:23:16.927] [INFO] info - get params:{"menuState":"1"}
[2024-02-17T23:23:16.927] [INFO] info - post params:{}
[2024-02-17T23:23:26.852] [INFO] info - get params:{}
[2024-02-17T23:23:26.852] [INFO] info - post params:{"parentId":["65d0ce8a848da6578c813a7f","65d0cec8848da6578c813a8b"],"menuType":2,"menuState":1,"createTime":"2021-05-09T07:17:23.890Z","updateTime":"2021-05-09T07:17:23.890Z","_id":"60a0e8b892ea01921486ecb8","menuName":"编辑","__v":0,"children":[{"parentId":["6069beb8b306e7f18dd72efc","60979e4d3c0c8738d016ca60"],"createTime":"2021-05-09T07:17:23.890Z","updateTime":"2021-05-09T07:17:23.890Z","_id":"60979e5a3c0c8738d016ca61","menuType":2,"menuState":1,"menuName":"查看","menuCode":"dept-query","__v":0},{"parentId":["6069beb8b306e7f18dd72efc","60979e4d3c0c8738d016ca60"],"createTime":"2021-05-09T07:17:23.890Z","updateTime":"2021-05-09T07:17:23.890Z","_id":"60a0e8b092ea01921486ecb7","menuType":2,"menuState":1,"menuName":"创建","menuCode":"dept-create","__v":0},{"parentId":["6069beb8b306e7f18dd72efc","60979e4d3c0c8738d016ca60"],"createTime":"2021-05-09T07:17:23.890Z","updateTime":"2021-05-09T07:17:23.890Z","_id":"60a0e8b892ea01921486ecb8","menuType":2,"menuState":1,"menuName":"编辑","menuCode":"dept-edit","__v":0},{"parentId":["6069beb8b306e7f18dd72efc","60979e4d3c0c8738d016ca60"],"createTime":"2021-05-09T07:17:23.890Z","updateTime":"2021-05-09T07:17:23.890Z","_id":"60a0e8c392ea01921486ecb9","menuType":2,"menuState":1,"menuName":"删除","menuCode":"dept-delete","__v":0}],"menuCode":"dept-edit","action":"add"}
[2024-02-17T23:23:27.185] [INFO] info - get params:{"menuState":"1"}
[2024-02-17T23:23:27.185] [INFO] info - post params:{}
[2024-02-17T23:23:32.926] [INFO] info - get params:{}
[2024-02-17T23:23:32.926] [INFO] info - post params:{"parentId":["65d0ce8a848da6578c813a7f","65d0cec8848da6578c813a8b"],"menuType":2,"menuState":1,"createTime":"2021-05-09T07:17:23.890Z","updateTime":"2021-05-09T07:17:23.890Z","_id":"60a0e8c392ea01921486ecb9","menuName":"删除","__v":0,"children":[{"parentId":["6069beb8b306e7f18dd72efc","60979e4d3c0c8738d016ca60"],"createTime":"2021-05-09T07:17:23.890Z","updateTime":"2021-05-09T07:17:23.890Z","_id":"60979e5a3c0c8738d016ca61","menuType":2,"menuState":1,"menuName":"查看","menuCode":"dept-query","__v":0},{"parentId":["6069beb8b306e7f18dd72efc","60979e4d3c0c8738d016ca60"],"createTime":"2021-05-09T07:17:23.890Z","updateTime":"2021-05-09T07:17:23.890Z","_id":"60a0e8b092ea01921486ecb7","menuType":2,"menuState":1,"menuName":"创建","menuCode":"dept-create","__v":0},{"parentId":["6069beb8b306e7f18dd72efc","60979e4d3c0c8738d016ca60"],"createTime":"2021-05-09T07:17:23.890Z","updateTime":"2021-05-09T07:17:23.890Z","_id":"60a0e8b892ea01921486ecb8","menuType":2,"menuState":1,"menuName":"编辑","menuCode":"dept-edit","__v":0},{"parentId":["6069beb8b306e7f18dd72efc","60979e4d3c0c8738d016ca60"],"createTime":"2021-05-09T07:17:23.890Z","updateTime":"2021-05-09T07:17:23.890Z","_id":"60a0e8c392ea01921486ecb9","menuType":2,"menuState":1,"menuName":"删除","menuCode":"dept-delete","__v":0}],"menuCode":"dept-delete","action":"add"}
[2024-02-17T23:23:33.259] [INFO] info - get params:{"menuState":"1"}
[2024-02-17T23:23:33.259] [INFO] info - post params:{}
[2024-02-17T23:23:47.967] [INFO] info - get params:{}
[2024-02-17T23:23:47.968] [INFO] info - post params:{"parentId":[null],"menuType":1,"menuState":1,"createTime":"2021-04-04T13:23:49.765Z","updateTime":"2023-05-17T16:11:02.556Z","_id":"6069bedfb306e7f18dd72efe","menuName":"审批管理","icon":"Promotion","path":"/audit","__v":0,"children":[{"parentId":["6069bedfb306e7f18dd72efe"],"createTime":"2021-05-23T08:38:08.857Z","updateTime":"2023-05-17T16:12:54.093Z","_id":"60aa14a5e6b0fa3dc8fb5024","menuType":1,"menuState":1,"menuName":"休假申请","path":"/audit/leave","__v":0,"component":"Leave","icon":"Position","children":[{"parentId":["6069bedfb306e7f18dd72efe","60aa14a5e6b0fa3dc8fb5024"],"createTime":"2021-05-23T08:44:03.968Z","updateTime":"2021-05-23T08:44:03.968Z","_id":"60aa1675a19f033ebc1c7f92","menuType":2,"menuState":1,"menuName":"查看","menuCode":"leave-query","__v":0}],"action":[{"parentId":["6069bedfb306e7f18dd72efe","60aa14a5e6b0fa3dc8fb5024"],"createTime":"2021-05-23T08:44:03.968Z","updateTime":"2021-05-23T08:44:03.968Z","_id":"60aa1675a19f033ebc1c7f92","menuType":2,"menuState":1,"menuName":"查看","menuCode":"leave-query","__v":0}]},{"parentId":["6069bedfb306e7f18dd72efe"],"createTime":"2021-05-23T08:38:08.857Z","updateTime":"2023-05-17T16:13:08.356Z","_id":"60aa14b6e6b0fa3dc8fb5025","menuType":1,"menuState":1,"menuName":"待审批","path":"/audit/approve","__v":0,"component":"Approve","icon":"CircleCheck","children":[{"parentId":["6069bedfb306e7f18dd72efe","60aa14b6e6b0fa3dc8fb5025"],"createTime":"2021-05-23T08:38:08.857Z","updateTime":"2024-02-17T15:07:41.195Z","_id":"60b2164931165fbf56a7d674","menuType":2,"menuState":1,"menuName":"查看","__v":0,"menuCode":"approve-query"},{"parentId":["6069bedfb306e7f18dd72efe","60aa14b6e6b0fa3dc8fb5025"],"createTime":"2021-05-23T08:38:08.857Z","updateTime":"2024-02-17T15:07:41.195Z","_id":"60b2165f31165fbf56a7d675","menuType":2,"menuState":1,"menuName":"审核","__v":0,"menuCode":"approve-check"}],"action":[{"parentId":["6069bedfb306e7f18dd72efe","60aa14b6e6b0fa3dc8fb5025"],"createTime":"2021-05-23T08:38:08.857Z","updateTime":"2024-02-17T15:07:41.195Z","_id":"60b2164931165fbf56a7d674","menuType":2,"menuState":1,"menuName":"查看","__v":0,"menuCode":"approve-query"},{"parentId":["6069bedfb306e7f18dd72efe","60aa14b6e6b0fa3dc8fb5025"],"createTime":"2021-05-23T08:38:08.857Z","updateTime":"2024-02-17T15:07:41.195Z","_id":"60b2165f31165fbf56a7d675","menuType":2,"menuState":1,"menuName":"审核","__v":0,"menuCode":"approve-check"}]}],"action":"add"}
[2024-02-17T23:23:48.301] [INFO] info - get params:{"menuState":"1"}
[2024-02-17T23:23:48.302] [INFO] info - post params:{}
[2024-02-17T23:23:57.591] [INFO] info - get params:{}
[2024-02-17T23:23:57.591] [INFO] info - post params:{"parentId":["65d0cf83848da6578c813ac1"],"menuType":1,"menuState":1,"createTime":"2021-05-23T08:38:08.857Z","updateTime":"2023-05-17T16:12:54.093Z","_id":"60aa14a5e6b0fa3dc8fb5024","menuName":"休假申请","icon":"Position","path":"/audit/leave","__v":0,"children":[{"parentId":["6069bedfb306e7f18dd72efe","60aa14a5e6b0fa3dc8fb5024"],"createTime":"2021-05-23T08:44:03.968Z","updateTime":"2021-05-23T08:44:03.968Z","_id":"60aa1675a19f033ebc1c7f92","menuType":2,"menuState":1,"menuName":"查看","menuCode":"leave-query","__v":0}],"component":"Leave","action":"add"}
[2024-02-17T23:23:57.915] [INFO] info - get params:{"menuState":"1"}
[2024-02-17T23:23:57.915] [INFO] info - post params:{}
[2024-02-17T23:24:04.950] [INFO] info - get params:{}
[2024-02-17T23:24:04.951] [INFO] info - post params:{"parentId":["65d0cf83848da6578c813ac1"],"menuType":1,"menuState":1,"createTime":"2021-05-23T08:38:08.857Z","updateTime":"2023-05-17T16:13:08.356Z","_id":"60aa14b6e6b0fa3dc8fb5025","menuName":"待审批","icon":"CircleCheck","path":"/audit/approve","__v":0,"children":[{"parentId":["6069bedfb306e7f18dd72efe","60aa14b6e6b0fa3dc8fb5025"],"createTime":"2021-05-23T08:38:08.857Z","updateTime":"2024-02-17T15:07:41.195Z","_id":"60b2164931165fbf56a7d674","menuType":2,"menuState":1,"menuName":"查看","__v":0,"menuCode":"approve-query"},{"parentId":["6069bedfb306e7f18dd72efe","60aa14b6e6b0fa3dc8fb5025"],"createTime":"2021-05-23T08:38:08.857Z","updateTime":"2024-02-17T15:07:41.195Z","_id":"60b2165f31165fbf56a7d675","menuType":2,"menuState":1,"menuName":"审核","__v":0,"menuCode":"approve-check"}],"component":"Approve","action":"add"}
[2024-02-17T23:24:05.285] [INFO] info - get params:{"menuState":"1"}
[2024-02-17T23:24:05.286] [INFO] info - post params:{}
[2024-02-17T23:24:12.338] [INFO] info - get params:{}
[2024-02-17T23:24:12.338] [INFO] info - post params:{"parentId":["65d0cf83848da6578c813ac1","65d0cf8d848da6578c813ac4"],"menuType":2,"menuState":1,"createTime":"2021-05-23T08:44:03.968Z","updateTime":"2021-05-23T08:44:03.968Z","_id":"60aa1675a19f033ebc1c7f92","menuName":"查看","__v":0,"children":[{"parentId":["6069bedfb306e7f18dd72efe","60aa14b6e6b0fa3dc8fb5025"],"createTime":"2021-05-23T08:38:08.857Z","updateTime":"2024-02-17T15:07:41.195Z","_id":"60b2164931165fbf56a7d674","menuType":2,"menuState":1,"menuName":"查看","__v":0,"menuCode":"approve-query"},{"parentId":["6069bedfb306e7f18dd72efe","60aa14b6e6b0fa3dc8fb5025"],"createTime":"2021-05-23T08:38:08.857Z","updateTime":"2024-02-17T15:07:41.195Z","_id":"60b2165f31165fbf56a7d675","menuType":2,"menuState":1,"menuName":"审核","__v":0,"menuCode":"approve-check"}],"menuCode":"leave-query","action":"add"}
[2024-02-17T23:24:12.672] [INFO] info - get params:{"menuState":"1"}
[2024-02-17T23:24:12.672] [INFO] info - post params:{}
[2024-02-17T23:24:20.169] [INFO] info - get params:{}
[2024-02-17T23:24:20.169] [INFO] info - post params:{"parentId":["65d0cf83848da6578c813ac1","65d0cf94848da6578c813ac7"],"menuType":2,"menuState":1,"createTime":"2021-05-23T08:38:08.857Z","updateTime":"2024-02-17T15:07:41.195Z","_id":"60b2164931165fbf56a7d674","menuName":"查看","__v":0,"children":[{"parentId":["6069bedfb306e7f18dd72efe","60aa14b6e6b0fa3dc8fb5025"],"createTime":"2021-05-23T08:38:08.857Z","updateTime":"2024-02-17T15:07:41.195Z","_id":"60b2164931165fbf56a7d674","menuType":2,"menuState":1,"menuName":"查看","__v":0,"menuCode":"approve-query"},{"parentId":["6069bedfb306e7f18dd72efe","60aa14b6e6b0fa3dc8fb5025"],"createTime":"2021-05-23T08:38:08.857Z","updateTime":"2024-02-17T15:07:41.195Z","_id":"60b2165f31165fbf56a7d675","menuType":2,"menuState":1,"menuName":"审核","__v":0,"menuCode":"approve-check"}],"menuCode":"approve-query","action":"add"}
[2024-02-17T23:24:20.500] [INFO] info - get params:{"menuState":"1"}
[2024-02-17T23:24:20.500] [INFO] info - post params:{}
[2024-02-17T23:24:25.526] [INFO] info - get params:{}
[2024-02-17T23:24:25.526] [INFO] info - post params:{"parentId":["65d0cf83848da6578c813ac1","65d0cf94848da6578c813ac7"],"menuType":2,"menuState":1,"createTime":"2021-05-23T08:38:08.857Z","updateTime":"2024-02-17T15:07:41.195Z","_id":"60b2165f31165fbf56a7d675","menuName":"审核","__v":0,"children":[{"parentId":["6069bedfb306e7f18dd72efe","60aa14b6e6b0fa3dc8fb5025"],"createTime":"2021-05-23T08:38:08.857Z","updateTime":"2024-02-17T15:07:41.195Z","_id":"60b2164931165fbf56a7d674","menuType":2,"menuState":1,"menuName":"查看","__v":0,"menuCode":"approve-query"},{"parentId":["6069bedfb306e7f18dd72efe","60aa14b6e6b0fa3dc8fb5025"],"createTime":"2021-05-23T08:38:08.857Z","updateTime":"2024-02-17T15:07:41.195Z","_id":"60b2165f31165fbf56a7d675","menuType":2,"menuState":1,"menuName":"审核","__v":0,"menuCode":"approve-check"}],"menuCode":"approve-check","action":"add"}
[2024-02-17T23:24:25.867] [INFO] info - get params:{"menuState":"1"}
[2024-02-17T23:24:25.867] [INFO] info - post params:{}
[2024-02-17T23:24:40.001] [INFO] info - get params:{}
[2024-02-17T23:24:40.001] [INFO] info - post params:{"parentId":[null],"menuType":1,"menuState":1,"createTime":"2023-06-26T05:54:24.240Z","updateTime":"2023-06-26T05:54:24.240Z","_id":"64f04c1a85514262b61f2b7b","menuName":"商品管理","path":"/goods","__v":0,"children":[{"parentId":["64f04c1a85514262b61f2b7b"],"createTime":"2023-06-26T05:54:24.240Z","updateTime":"2024-02-17T15:07:41.195Z","_id":"64f04caf85514262b61f2b8e","menuType":1,"menuName":"商品信息","path":"/goods/message","menuState":1,"__v":0,"component":"Message","icon":"Position"}],"action":"add"}
[2024-02-17T23:24:40.330] [INFO] info - get params:{"menuState":"1"}
[2024-02-17T23:24:40.330] [INFO] info - post params:{}
[2024-02-17T23:24:47.140] [INFO] info - get params:{}
[2024-02-17T23:24:47.140] [INFO] info - post params:{"parentId":["65d0cfb8848da6578c813ad3"],"menuType":1,"menuState":1,"createTime":"2023-06-26T05:54:24.240Z","updateTime":"2024-02-17T15:07:41.195Z","_id":"64f04caf85514262b61f2b8e","menuName":"商品信息","icon":"Position","path":"/goods/message","__v":0,"children":[{"parentId":["64f04c1a85514262b61f2b7b"],"createTime":"2023-06-26T05:54:24.240Z","updateTime":"2024-02-17T15:07:41.195Z","_id":"64f04caf85514262b61f2b8e","menuType":1,"menuName":"商品信息","path":"/goods/message","menuState":1,"__v":0,"component":"Message","icon":"Position"}],"component":"Message","action":"add"}
[2024-02-17T23:24:47.475] [INFO] info - get params:{"menuState":"1"}
[2024-02-17T23:24:47.475] [INFO] info - post params:{}
[2024-02-17T23:25:28.714] [INFO] info - get params:{}
[2024-02-17T23:25:28.714] [INFO] info - post params:{}
[2024-02-17T23:25:28.945] [INFO] info - get params:{}
[2024-02-17T23:25:28.945] [INFO] info - post params:{}
[2024-02-17T23:25:28.947] [INFO] info - get params:{"menuState":"1"}
[2024-02-17T23:25:28.947] [INFO] info - post params:{}
[2024-02-17T23:25:28.949] [INFO] info - get params:{}
[2024-02-17T23:25:28.949] [INFO] info - post params:{}
[2024-02-17T23:26:47.441] [INFO] info - get params:{"deptName":""}
[2024-02-17T23:26:47.442] [INFO] info - post params:{}
[2024-02-17T23:26:47.682] [INFO] info - get params:{}
[2024-02-17T23:26:47.682] [INFO] info - post params:{}
[2024-02-17T23:26:49.657] [INFO] info - get params:{"state":"1","pageNum":"1","pageSize":"10"}
[2024-02-17T23:26:49.657] [INFO] info - post params:{}
[2024-02-17T23:26:49.974] [INFO] info - get params:{}
[2024-02-17T23:26:49.974] [INFO] info - post params:{}
[2024-02-17T23:26:49.976] [INFO] info - get params:{}
[2024-02-17T23:26:49.976] [INFO] info - post params:{}
[2024-02-17T23:27:18.007] [INFO] info - get params:{}
[2024-02-17T23:27:18.007] [INFO] info - post params:{"state":3,"roleList":[],"userName":"管理员","userEmail":"guanliyuan@imooc.com","deptId":["65d0c7731388403ba81aa23d"],"action":"add"}
[2024-02-17T23:27:18.015] [INFO] info - User.sequence_value:{ _id: 'userId', sequence_value: 10321 }
[2024-02-17T23:27:18.273] [INFO] info - get params:{"state":"1","pageNum":"1","pageSize":"10","total":"2"}
[2024-02-17T23:27:18.273] [INFO] info - post params:{}
[2024-02-17T23:27:21.548] [INFO] info - get params:{"state":"1","pageNum":"1","pageSize":"10","total":"1"}
[2024-02-17T23:27:21.548] [INFO] info - post params:{}
[2024-02-17T23:27:24.888] [INFO] info - get params:{"state":"0","pageNum":"1","pageSize":"10","total":"1"}
[2024-02-17T23:27:24.888] [INFO] info - post params:{}
[2024-02-17T23:27:30.268] [INFO] info - get params:{}
[2024-02-17T23:27:30.268] [INFO] info - post params:{"state":1,"roleList":[],"userName":"管理员","userEmail":"guanliyuan@imooc.com@imooc.com","deptId":["65d0c7731388403ba81aa23d"],"action":"edit","role":1,"createTime":"2024-02-17T15:07:41.178Z","lastLoginTime":"2024-02-17T15:07:41.178Z","userId":10321,"__v":0}
[2024-02-17T23:27:30.598] [INFO] info - get params:{"state":"0","pageNum":"1","pageSize":"10","total":"2"}
[2024-02-17T23:27:30.598] [INFO] info - post params:{}
[2024-02-17T23:30:05.117] [INFO] info - get params:{}
[2024-02-17T23:30:05.117] [INFO] info - post params:{"state":1,"roleList":["65d0c8b51388403ba81aa28e"],"userName":"管理员","userEmail":"guanliyuan@imooc.com@imooc.com","deptId":["65d0c7731388403ba81aa23d"],"action":"edit","mobile":null,"job":null,"role":1,"createTime":"2024-02-17T15:07:41.178Z","lastLoginTime":"2024-02-17T15:07:41.178Z","userId":10321,"__v":0}
[2024-02-17T23:30:05.371] [INFO] info - get params:{"state":"0","pageNum":"1","pageSize":"10","total":"2"}
[2024-02-17T23:30:05.372] [INFO] info - post params:{}
[2024-02-17T23:30:12.053] [INFO] info - get params:{}
[2024-02-17T23:30:12.053] [INFO] info - post params:{"state":1,"roleList":["65d0c8d71388403ba81aa295"],"userName":"员工1","userEmail":"791919140@imooc.com@imooc.com","deptId":["65d0c8311388403ba81aa26c"],"action":"edit","mobile":"13625463452","job":"前端开发","role":1,"createTime":"2024-02-17T15:07:41.178Z","lastLoginTime":"2024-02-17T15:07:41.178Z","userId":10320,"__v":0}
[2024-02-17T23:30:12.382] [INFO] info - get params:{"state":"0","pageNum":"1","pageSize":"10","total":"2"}
[2024-02-17T23:30:12.382] [INFO] info - post params:{}
[2024-02-17T23:30:14.856] [INFO] info - get params:{"roleName":"","total":"0","pageNum":"1","pageSize":"10"}
[2024-02-17T23:30:14.856] [INFO] info - post params:{}
[2024-02-17T23:30:15.157] [INFO] info - get params:{}
[2024-02-17T23:30:15.157] [INFO] info - post params:{}
[2024-02-17T23:30:25.955] [INFO] info - get params:{}
[2024-02-17T23:30:25.955] [INFO] info - post params:{"_id":"65d0c8b51388403ba81aa28e","permissionList":{"checkedKeys":["65d0cedb848da6578c813a8e","65d0cee3848da6578c813a91","65d0ceec848da6578c813a94","65d0cef3848da6578c813a97","65d0ceff848da6578c813a9a","65d0cf07848da6578c813a9d","65d0cf1e848da6578c813aa0","65d0cf23848da6578c813aa3","65d0cf2d848da6578c813aa6","65d0cf34848da6578c813aa9","65d0cf3b848da6578c813aac","65d0cf46848da6578c813aaf","65d0cf4f848da6578c813ab2","65d0cf5c848da6578c813ab5","65d0cf64848da6578c813ab8","65d0cf6e848da6578c813abb","65d0cf74848da6578c813abe","65d0cf9c848da6578c813aca","65d0cfa4848da6578c813acd","65d0cfa9848da6578c813ad0","65d0cfbf848da6578c813ad6"],"halfCheckedKeys":["65d0ce8a848da6578c813a7f","65d0cea9848da6578c813a82","65d0ceb7848da6578c813a85","65d0cec1848da6578c813a88","65d0cec8848da6578c813a8b","65d0cf83848da6578c813ac1","65d0cf8d848da6578c813ac4","65d0cf94848da6578c813ac7","65d0cfb8848da6578c813ad3"]}}
[2024-02-17T23:30:26.223] [INFO] info - get params:{"roleName":"","total":"2","pageNum":"1","pageSize":"10"}
[2024-02-17T23:30:26.223] [INFO] info - post params:{}
[2024-02-17T23:30:30.961] [INFO] info - get params:{}
[2024-02-17T23:30:30.961] [INFO] info - post params:{"_id":"65d0c8d71388403ba81aa295","permissionList":{"checkedKeys":["65d0cf9c848da6578c813aca"],"halfCheckedKeys":["65d0cf8d848da6578c813ac4","65d0cf83848da6578c813ac1"]}}
[2024-02-17T23:30:31.280] [INFO] info - get params:{"roleName":"","total":"2","pageNum":"1","pageSize":"10"}
[2024-02-17T23:30:31.280] [INFO] info - post params:{}
[2024-02-17T23:30:34.091] [INFO] info - get params:{"menuState":"1"}
[2024-02-17T23:30:34.091] [INFO] info - post params:{}
[2024-02-17T23:30:35.982] [INFO] info - get params:{"state":"1","pageNum":"1","pageSize":"10"}
[2024-02-17T23:30:35.982] [INFO] info - post params:{}
[2024-02-17T23:30:35.983] [INFO] info - get params:{}
[2024-02-17T23:30:35.983] [INFO] info - post params:{}
[2024-02-17T23:30:35.984] [INFO] info - get params:{}
[2024-02-17T23:30:35.984] [INFO] info - post params:{}
[2024-02-17T23:30:36.589] [INFO] info - get params:{}
[2024-02-17T23:30:36.589] [INFO] info - post params:{}
[2024-02-17T23:30:36.839] [INFO] info - get params:{"state":"1","pageNum":"1","pageSize":"10"}
[2024-02-17T23:30:36.839] [INFO] info - post params:{}
[2024-02-17T23:30:36.841] [INFO] info - get params:{}
[2024-02-17T23:30:36.842] [INFO] info - post params:{}
[2024-02-17T23:30:36.847] [INFO] info - get params:{}
[2024-02-17T23:30:36.847] [INFO] info - post params:{}
[2024-02-17T23:30:36.849] [INFO] info - get params:{}
[2024-02-17T23:30:36.849] [INFO] info - post params:{}
[2024-02-17T23:30:36.850] [INFO] info - get params:{}
[2024-02-17T23:30:36.850] [INFO] info - post params:{}
[2024-02-17T23:30:38.726] [INFO] info - get params:{"applyState":"1","pageNum":"1","pageSize":"10","total":"0"}
[2024-02-17T23:30:38.726] [INFO] info - post params:{}
[2024-02-17T23:30:40.503] [INFO] info - get params:{"applyState":"1","pageNum":"1","pageSize":"10","total":"0","type":"approve"}
[2024-02-17T23:30:40.504] [INFO] info - post params:{}
[2024-02-17T23:30:41.365] [INFO] info - get params:{"applyState":"1","pageNum":"1","pageSize":"10","total":"0"}
[2024-02-17T23:30:41.365] [INFO] info - post params:{}
[2024-02-17T23:30:46.879] [INFO] info - get params:{}
[2024-02-17T23:30:46.879] [INFO] info - post params:{"userName":"员工1","userPwd":"123456"}
[2024-02-17T23:30:46.881] [INFO] info - User.findOne:{
  deptId: [ '65d0c8311388403ba81aa26c' ],
  state: 1,
  role: 1,
  roleList: [ '65d0c8d71388403ba81aa295' ],
  _id: 65d0cc9b848da6578c813a3d,
  userId: 10320,
  userName: '员工1',
  userEmail: '791919140@imooc.com'
}
[2024-02-17T23:30:46.890] [INFO] info - get params:{}
[2024-02-17T23:30:46.890] [INFO] info - post params:{}
[2024-02-17T23:30:47.236] [INFO] info - get params:{}
[2024-02-17T23:30:47.236] [INFO] info - post params:{}
[2024-02-17T23:30:47.466] [INFO] info - get params:{}
[2024-02-17T23:30:47.467] [INFO] info - post params:{}
[2024-02-17T23:30:49.445] [INFO] info - get params:{"applyState":"1","pageNum":"1","pageSize":"10","total":"0"}
[2024-02-17T23:30:49.446] [INFO] info - post params:{}
[2024-02-17T23:30:58.056] [INFO] info - get params:{}
[2024-02-17T23:30:58.056] [INFO] info - post params:{"userName":"admin","userPwd":"admin"}
[2024-02-17T23:30:58.058] [INFO] info - User.findOne:null
[2024-02-17T23:30:58.058] [INFO] info - get params:21232f297a57a5a743894a0e4a801fc3
[2024-02-17T23:31:00.184] [INFO] info - get params:{}
[2024-02-17T23:31:00.185] [INFO] info - post params:{"userName":"admin","userPwd":"admin"}
[2024-02-17T23:31:00.186] [INFO] info - User.findOne:null
[2024-02-17T23:31:00.186] [INFO] info - get params:21232f297a57a5a743894a0e4a801fc3
[2024-02-17T23:31:04.517] [INFO] info - get params:{}
[2024-02-17T23:31:04.518] [INFO] info - post params:{"userName":"admin","userPwd":"123456"}
[2024-02-17T23:31:04.519] [INFO] info - User.findOne:null
[2024-02-17T23:31:04.519] [INFO] info - get params:e10adc3949ba59abbe56e057f20f883e
[2024-02-17T23:31:11.079] [INFO] info - get params:{}
[2024-02-17T23:31:11.079] [INFO] info - post params:{"userName":"admin","userPwd":"12345"}
[2024-02-17T23:31:11.081] [INFO] info - User.findOne:null
[2024-02-17T23:31:11.081] [INFO] info - get params:827ccb0eea8a706c4c34a16891f84e7b
[2024-02-17T23:31:21.245] [INFO] info - get params:{}
[2024-02-17T23:31:21.245] [INFO] info - post params:{"userName":"admin","userPwd":"12345"}
[2024-02-17T23:31:21.247] [INFO] info - User.findOne:null
[2024-02-17T23:31:21.247] [INFO] info - get params:827ccb0eea8a706c4c34a16891f84e7b
[2024-02-17T23:31:26.204] [INFO] info - get params:{}
[2024-02-17T23:31:26.204] [INFO] info - post params:{"userName":"admin","userPwd":"123456"}
[2024-02-17T23:31:26.206] [INFO] info - User.findOne:null
[2024-02-17T23:31:26.206] [INFO] info - get params:e10adc3949ba59abbe56e057f20f883e
[2024-02-17T23:31:51.844] [INFO] info - get params:{}
[2024-02-17T23:31:51.845] [INFO] info - post params:{"userName":"管理员","userPwd":"123456"}
[2024-02-17T23:31:51.846] [INFO] info - User.findOne:{
  deptId: [ '65d0c7731388403ba81aa23d' ],
  state: 1,
  role: 1,
  roleList: [ '65d0c8b51388403ba81aa28e' ],
  _id: 65d0d056848da6578c813ae5,
  userId: 10321,
  userName: '管理员',
  userEmail: 'guanliyuan@imooc.com'
}
[2024-02-17T23:31:52.168] [INFO] info - get params:{}
[2024-02-17T23:31:52.168] [INFO] info - post params:{}
[2024-02-17T23:31:52.419] [INFO] info - get params:{}
[2024-02-17T23:31:52.419] [INFO] info - post params:{}
[2024-02-17T23:31:52.511] [INFO] info - get params:{}
[2024-02-17T23:31:52.511] [INFO] info - post params:{}
[2024-02-17T23:31:55.573] [INFO] info - get params:{"state":"1","pageNum":"1","pageSize":"10"}
[2024-02-17T23:31:55.573] [INFO] info - post params:{}
[2024-02-17T23:31:55.883] [INFO] info - get params:{}
[2024-02-17T23:31:55.883] [INFO] info - post params:{}
[2024-02-17T23:31:55.884] [INFO] info - get params:{}
[2024-02-17T23:31:55.884] [INFO] info - post params:{}
[2024-02-17T23:31:57.767] [INFO] info - get params:{"menuState":"1"}
[2024-02-17T23:31:57.768] [INFO] info - post params:{}
[2024-02-17T23:31:59.730] [INFO] info - get params:{"roleName":"","total":"0","pageNum":"1","pageSize":"10"}
[2024-02-17T23:31:59.731] [INFO] info - post params:{}
[2024-02-17T23:32:00.041] [INFO] info - get params:{}
[2024-02-17T23:32:00.041] [INFO] info - post params:{}
[2024-02-17T23:32:01.165] [INFO] info - get params:{"deptName":""}
[2024-02-17T23:32:01.165] [INFO] info - post params:{}
[2024-02-17T23:32:01.412] [INFO] info - get params:{}
[2024-02-17T23:32:01.412] [INFO] info - post params:{}
[2024-02-17T23:32:02.115] [INFO] info - get params:{"applyState":"1","pageNum":"1","pageSize":"10","total":"0"}
[2024-02-17T23:32:02.115] [INFO] info - post params:{}
[2024-02-17T23:32:02.882] [INFO] info - get params:{"applyState":"1","pageNum":"1","pageSize":"10","total":"0","type":"approve"}
[2024-02-17T23:32:02.882] [INFO] info - post params:{}
[2024-02-17T23:41:14.845] [INFO] info - get params:{"applyState":"1","pageNum":"1","pageSize":"10","total":"0","type":"approve"}
[2024-02-17T23:41:14.846] [INFO] info - post params:{}
[2024-02-17T23:41:14.847] [INFO] info - get params:{}
[2024-02-17T23:41:14.847] [INFO] info - post params:{}
[2024-02-17T23:41:14.848] [INFO] info - get params:{}
[2024-02-17T23:41:14.848] [INFO] info - post params:{}
[2024-02-17T23:41:37.995] [INFO] info - get params:{"menuState":"1"}
[2024-02-17T23:41:37.995] [INFO] info - post params:{}
[2024-02-17T23:41:38.261] [INFO] info - get params:{"roleName":"","total":"0","pageNum":"1","pageSize":"10"}
[2024-02-17T23:41:38.261] [INFO] info - post params:{}
[2024-02-17T23:41:38.432] [INFO] info - get params:{}
[2024-02-17T23:41:38.432] [INFO] info - post params:{}
[2024-02-17T23:41:42.294] [INFO] info - get params:{}
[2024-02-17T23:41:42.294] [INFO] info - post params:{"_id":"65d0c8b51388403ba81aa28e","permissionList":{"checkedKeys":["65d0cedb848da6578c813a8e","65d0cee3848da6578c813a91","65d0ceec848da6578c813a94","65d0cef3848da6578c813a97","65d0ceff848da6578c813a9a","65d0cf07848da6578c813a9d","65d0cf1e848da6578c813aa0","65d0cf23848da6578c813aa3","65d0cf2d848da6578c813aa6","65d0cf34848da6578c813aa9","65d0cf3b848da6578c813aac","65d0cf46848da6578c813aaf","65d0cf4f848da6578c813ab2","65d0cf5c848da6578c813ab5","65d0cf64848da6578c813ab8","65d0cf6e848da6578c813abb","65d0cf74848da6578c813abe","65d0cf9c848da6578c813aca","65d0cfa4848da6578c813acd","65d0cfa9848da6578c813ad0"],"halfCheckedKeys":["65d0ce8a848da6578c813a7f","65d0cea9848da6578c813a82","65d0ceb7848da6578c813a85","65d0cec1848da6578c813a88","65d0cec8848da6578c813a8b","65d0cf83848da6578c813ac1","65d0cf8d848da6578c813ac4","65d0cf94848da6578c813ac7"]}}
[2024-02-17T23:41:42.624] [INFO] info - get params:{"roleName":"","total":"2","pageNum":"1","pageSize":"10"}
[2024-02-17T23:41:42.624] [INFO] info - post params:{}
[2024-02-17T23:41:44.182] [INFO] info - get params:{}
[2024-02-17T23:41:44.182] [INFO] info - post params:{}
[2024-02-17T23:41:44.341] [INFO] info - get params:{"roleName":"","total":"0","pageNum":"1","pageSize":"10"}
[2024-02-17T23:41:44.341] [INFO] info - post params:{}
[2024-02-17T23:41:44.345] [INFO] info - get params:{}
[2024-02-17T23:41:44.345] [INFO] info - post params:{}
[2024-02-17T23:41:44.347] [INFO] info - get params:{}
[2024-02-17T23:41:44.347] [INFO] info - post params:{}
[2024-02-17T23:41:44.349] [INFO] info - get params:{}
[2024-02-17T23:41:44.349] [INFO] info - post params:{}
[2024-02-17T23:41:50.808] [INFO] info - get params:{"state":"1","pageNum":"1","pageSize":"10"}
[2024-02-17T23:41:50.808] [INFO] info - post params:{}
[2024-02-17T23:41:50.809] [INFO] info - get params:{}
[2024-02-17T23:41:50.809] [INFO] info - post params:{}
[2024-02-17T23:41:51.114] [INFO] info - get params:{}
[2024-02-17T23:41:51.114] [INFO] info - post params:{}
[2024-02-17T23:41:51.815] [INFO] info - get params:{"menuState":"1"}
[2024-02-17T23:41:51.816] [INFO] info - post params:{}
[2024-02-17T23:41:53.284] [INFO] info - get params:{"deptName":""}
[2024-02-17T23:41:53.284] [INFO] info - post params:{}
[2024-02-17T23:41:53.592] [INFO] info - get params:{}
[2024-02-17T23:41:53.592] [INFO] info - post params:{}
[2024-02-17T23:41:54.668] [INFO] info - get params:{"roleName":"","total":"0","pageNum":"1","pageSize":"10"}
[2024-02-17T23:41:54.668] [INFO] info - post params:{}
[2024-02-17T23:41:54.669] [INFO] info - get params:{}
[2024-02-17T23:41:54.670] [INFO] info - post params:{}
[2024-02-17T23:41:54.932] [INFO] info - get params:{"deptName":""}
[2024-02-17T23:41:54.932] [INFO] info - post params:{}
[2024-02-17T23:41:55.166] [INFO] info - get params:{}
[2024-02-17T23:41:55.166] [INFO] info - post params:{}
[2024-02-17T23:43:53.100] [INFO] info - get params:{}
[2024-02-17T23:43:53.101] [INFO] info - post params:{}
[2024-02-17T23:43:53.214] [INFO] info - get params:{"deptName":""}
[2024-02-17T23:43:53.214] [INFO] info - post params:{}
[2024-02-17T23:43:53.216] [INFO] info - get params:{}
[2024-02-17T23:43:53.216] [INFO] info - post params:{}
[2024-02-17T23:43:53.223] [INFO] info - get params:{}
[2024-02-17T23:43:53.223] [INFO] info - post params:{}
[2024-02-17T23:43:53.225] [INFO] info - get params:{}
[2024-02-17T23:43:53.225] [INFO] info - post params:{}
[2024-02-17T23:43:57.146] [INFO] info - get params:{}
[2024-02-17T23:43:57.147] [INFO] info - post params:{}
[2024-02-17T23:43:57.243] [INFO] info - get params:{"deptName":""}
[2024-02-17T23:43:57.243] [INFO] info - post params:{}
[2024-02-17T23:43:57.245] [INFO] info - get params:{}
[2024-02-17T23:43:57.245] [INFO] info - post params:{}
[2024-02-17T23:43:57.246] [INFO] info - get params:{}
[2024-02-17T23:43:57.246] [INFO] info - post params:{}
[2024-02-17T23:43:57.247] [INFO] info - get params:{}
[2024-02-17T23:43:57.247] [INFO] info - post params:{}
[2024-02-17T23:44:40.600] [INFO] info - get params:{}
[2024-02-17T23:44:40.600] [INFO] info - post params:{}
[2024-02-17T23:44:40.693] [INFO] info - get params:{"deptName":""}
[2024-02-17T23:44:40.693] [INFO] info - post params:{}
[2024-02-17T23:44:40.698] [INFO] info - get params:{}
[2024-02-17T23:44:40.698] [INFO] info - post params:{}
[2024-02-17T23:44:40.699] [INFO] info - get params:{}
[2024-02-17T23:44:40.700] [INFO] info - post params:{}
[2024-02-17T23:44:40.701] [INFO] info - get params:{}
[2024-02-17T23:44:40.701] [INFO] info - post params:{}
[2024-02-17T23:49:14.504] [INFO] info - get params:{}
[2024-02-17T23:49:14.505] [INFO] info - post params:{}
[2024-02-17T23:49:14.615] [INFO] info - get params:{"deptName":""}
[2024-02-17T23:49:14.616] [INFO] info - post params:{}
[2024-02-17T23:49:14.617] [INFO] info - get params:{}
[2024-02-17T23:49:14.618] [INFO] info - post params:{}
[2024-02-17T23:49:14.624] [INFO] info - get params:{}
[2024-02-17T23:49:14.624] [INFO] info - post params:{}
[2024-02-17T23:49:14.625] [INFO] info - get params:{}
[2024-02-17T23:49:14.626] [INFO] info - post params:{}
[2024-02-17T23:50:19.109] [INFO] info - get params:{}
[2024-02-17T23:50:19.110] [INFO] info - post params:{}
[2024-02-17T23:50:19.215] [INFO] info - get params:{"deptName":""}
[2024-02-17T23:50:19.216] [INFO] info - post params:{}
[2024-02-17T23:50:19.218] [INFO] info - get params:{}
[2024-02-17T23:50:19.218] [INFO] info - post params:{}
[2024-02-17T23:50:19.220] [INFO] info - get params:{}
[2024-02-17T23:50:19.221] [INFO] info - post params:{}
[2024-02-17T23:50:19.223] [INFO] info - get params:{}
[2024-02-17T23:50:19.223] [INFO] info - post params:{}
[2024-02-17T23:50:24.131] [INFO] info - get params:{}
[2024-02-17T23:50:24.131] [INFO] info - post params:{}
[2024-02-17T23:50:24.133] [INFO] info - get params:{}
[2024-02-17T23:50:24.133] [INFO] info - post params:{}
[2024-02-17T23:50:36.303] [INFO] info - get params:{}
[2024-02-17T23:50:36.303] [INFO] info - post params:{"userName":"admin","userPwd":"admin"}
[2024-02-17T23:50:36.305] [INFO] info - User.findOne:null
[2024-02-17T23:50:36.305] [INFO] info - get params:21232f297a57a5a743894a0e4a801fc3
[2024-02-17T23:50:39.796] [INFO] info - get params:{}
[2024-02-17T23:50:39.796] [INFO] info - post params:{"userName":"admin","userPwd":"admin"}
[2024-02-17T23:50:39.797] [INFO] info - User.findOne:null
[2024-02-17T23:50:39.798] [INFO] info - get params:21232f297a57a5a743894a0e4a801fc3
[2024-02-17T23:50:44.701] [INFO] info - get params:{}
[2024-02-17T23:50:44.701] [INFO] info - post params:{"userName":"admin","userPwd":"123456"}
[2024-02-17T23:50:44.703] [INFO] info - User.findOne:null
[2024-02-17T23:50:44.703] [INFO] info - get params:e10adc3949ba59abbe56e057f20f883e
[2024-02-17T23:50:46.954] [INFO] info - get params:{}
[2024-02-17T23:50:46.954] [INFO] info - post params:{"userName":"管理员","userPwd":"123456"}
[2024-02-17T23:50:46.956] [INFO] info - User.findOne:{
  deptId: [ '65d0c7731388403ba81aa23d' ],
  state: 1,
  role: 1,
  roleList: [ '65d0c8b51388403ba81aa28e' ],
  _id: 65d0d056848da6578c813ae5,
  userId: 10321,
  userName: '管理员',
  userEmail: 'guanliyuan@imooc.com'
}
[2024-02-17T23:50:47.284] [INFO] info - get params:{}
[2024-02-17T23:50:47.284] [INFO] info - post params:{}
[2024-02-17T23:50:47.285] [INFO] info - get params:{}
[2024-02-17T23:50:47.285] [INFO] info - post params:{}
[2024-02-17T23:53:52.940] [INFO] info - get params:{}
[2024-02-17T23:53:52.940] [INFO] info - post params:{}
[2024-02-17T23:53:53.059] [INFO] info - get params:{}
[2024-02-17T23:53:53.059] [INFO] info - post params:{}
[2024-02-17T23:53:53.061] [INFO] info - get params:{}
[2024-02-17T23:53:53.061] [INFO] info - post params:{}
[2024-02-17T23:54:36.419] [INFO] info - get params:{}
[2024-02-17T23:54:36.419] [INFO] info - post params:{}
[2024-02-17T23:54:36.501] [INFO] info - get params:{}
[2024-02-17T23:54:36.501] [INFO] info - post params:{}
[2024-02-17T23:54:36.502] [INFO] info - get params:{}
[2024-02-17T23:54:36.502] [INFO] info - post params:{}
[2024-02-17T23:54:39.746] [INFO] info - get params:{}
[2024-02-17T23:54:39.746] [INFO] info - post params:{}
[2024-02-17T23:54:39.821] [INFO] info - get params:{}
[2024-02-17T23:54:39.821] [INFO] info - post params:{}
[2024-02-17T23:54:39.823] [INFO] info - get params:{}
[2024-02-17T23:54:39.823] [INFO] info - post params:{}
[2024-02-17T23:54:50.215] [INFO] info - get params:{}
[2024-02-17T23:54:50.215] [INFO] info - post params:{"userName":"admin","userPwd":"admin"}
[2024-02-17T23:54:50.217] [INFO] info - User.findOne:null
[2024-02-17T23:54:50.217] [INFO] info - get params:21232f297a57a5a743894a0e4a801fc3
[2024-02-17T23:54:58.149] [INFO] info - get params:{}
[2024-02-17T23:54:58.149] [INFO] info - post params:{"userName":"管理员","userPwd":"123456"}
[2024-02-17T23:54:58.151] [INFO] info - User.findOne:{
  deptId: [ '65d0c7731388403ba81aa23d' ],
  state: 1,
  role: 1,
  roleList: [ '65d0c8b51388403ba81aa28e' ],
  _id: 65d0d056848da6578c813ae5,
  userId: 10321,
  userName: '管理员',
  userEmail: 'guanliyuan@imooc.com'
}
[2024-02-17T23:54:58.411] [INFO] info - get params:{}
[2024-02-17T23:54:58.412] [INFO] info - post params:{}
[2024-02-17T23:54:58.479] [INFO] info - get params:{}
[2024-02-17T23:54:58.479] [INFO] info - post params:{}
[2024-02-17T23:55:58.204] [INFO] info - **数据库连接成功**
[2024-02-17T23:56:02.848] [INFO] info - get params:{}
[2024-02-17T23:56:02.849] [INFO] info - post params:{}
[2024-02-17T23:56:02.951] [INFO] info - get params:{}
[2024-02-17T23:56:02.952] [INFO] info - post params:{}
[2024-02-17T23:56:02.957] [INFO] info - get params:{}
[2024-02-17T23:56:02.957] [INFO] info - post params:{}
[2024-02-17T23:57:09.533] [INFO] info - get params:{}
[2024-02-17T23:57:09.534] [INFO] info - post params:{}
[2024-02-17T23:57:09.651] [INFO] info - get params:{}
[2024-02-17T23:57:09.651] [INFO] info - post params:{}
[2024-02-17T23:57:09.653] [INFO] info - get params:{}
[2024-02-17T23:57:09.653] [INFO] info - post params:{}
[2024-02-17T23:58:33.587] [INFO] info - get params:{}
[2024-02-17T23:58:33.587] [INFO] info - post params:{"userName":"管理员","userPwd":"123456"}
[2024-02-17T23:58:33.593] [INFO] info - User.findOne:{
  deptId: [ '65d0c7731388403ba81aa23d' ],
  state: 1,
  role: 1,
  roleList: [ '65d0c8b51388403ba81aa28e' ],
  _id: 65d0d056848da6578c813ae5,
  userId: 10321,
  userName: '管理员',
  userEmail: 'guanliyuan@imooc.com'
}
[2024-02-17T23:58:33.860] [INFO] info - get params:{}
[2024-02-17T23:58:33.860] [INFO] info - post params:{}
[2024-02-17T23:58:33.904] [INFO] info - get params:{}
[2024-02-17T23:58:33.904] [INFO] info - post params:{}
[2024-02-18T00:02:54.359] [INFO] info - get params:{}
[2024-02-18T00:02:54.359] [INFO] info - post params:{}
[2024-02-18T00:02:54.572] [INFO] info - get params:{"state":"1","pageNum":"1","pageSize":"10"}
[2024-02-18T00:02:54.572] [INFO] info - post params:{}
[2024-02-18T00:02:54.581] [INFO] info - get params:{}
[2024-02-18T00:02:54.582] [INFO] info - post params:{}
[2024-02-18T00:02:54.583] [INFO] info - get params:{}
[2024-02-18T00:02:54.583] [INFO] info - post params:{}
[2024-02-18T00:02:54.585] [INFO] info - get params:{}
[2024-02-18T00:02:54.585] [INFO] info - post params:{}
[2024-02-18T00:02:54.586] [INFO] info - get params:{}
[2024-02-18T00:02:54.586] [INFO] info - post params:{}
[2024-02-18T00:02:59.643] [INFO] info - get params:{}
[2024-02-18T00:02:59.643] [INFO] info - post params:{}
[2024-02-18T00:02:59.854] [INFO] info - get params:{"state":"1","pageNum":"1","pageSize":"10"}
[2024-02-18T00:02:59.855] [INFO] info - post params:{}
[2024-02-18T00:02:59.856] [INFO] info - get params:{}
[2024-02-18T00:02:59.856] [INFO] info - post params:{}
[2024-02-18T00:03:00.172] [INFO] info - get params:{}
[2024-02-18T00:03:00.173] [INFO] info - post params:{}
[2024-02-18T00:03:00.174] [INFO] info - get params:{}
[2024-02-18T00:03:00.174] [INFO] info - post params:{}
[2024-02-18T00:03:00.175] [INFO] info - get params:{}
[2024-02-18T00:03:00.176] [INFO] info - post params:{}
[2024-02-18T00:03:02.821] [INFO] info - get params:{"menuState":"1"}
[2024-02-18T00:03:02.822] [INFO] info - post params:{}
[2024-02-18T00:03:03.440] [INFO] info - get params:{"state":"1","pageNum":"1","pageSize":"10"}
[2024-02-18T00:03:03.440] [INFO] info - post params:{}
[2024-02-18T00:03:03.441] [INFO] info - get params:{}
[2024-02-18T00:03:03.441] [INFO] info - post params:{}
[2024-02-18T00:03:03.442] [INFO] info - get params:{}
[2024-02-18T00:03:03.443] [INFO] info - post params:{}
[2024-02-18T00:04:19.863] [INFO] info - get params:{}
[2024-02-18T00:04:19.863] [INFO] info - post params:{}
[2024-02-18T00:04:19.959] [INFO] info - get params:{}
[2024-02-18T00:04:19.960] [INFO] info - post params:{}
[2024-02-18T00:04:19.962] [INFO] info - get params:{}
[2024-02-18T00:04:19.963] [INFO] info - post params:{}
[2024-02-18T00:04:30.799] [INFO] info - get params:{}
[2024-02-18T00:04:30.800] [INFO] info - post params:{}
[2024-02-18T00:04:41.041] [INFO] info - get params:{}
[2024-02-18T00:04:41.041] [INFO] info - post params:{}
[2024-02-18T00:06:22.391] [INFO] info - get params:{}
[2024-02-18T00:06:22.391] [INFO] info - post params:{"userName":"admin","userPwd":"admin"}
[2024-02-18T00:06:22.393] [INFO] info - User.findOne:null
[2024-02-18T00:06:22.393] [INFO] info - get params:21232f297a57a5a743894a0e4a801fc3
[2024-02-18T00:06:24.794] [INFO] info - get params:{}
[2024-02-18T00:06:24.794] [INFO] info - post params:{"userName":"管理员","userPwd":"123456"}
[2024-02-18T00:06:24.797] [INFO] info - User.findOne:{
  deptId: [ '65d0c7731388403ba81aa23d' ],
  state: 1,
  role: 1,
  roleList: [ '65d0c8b51388403ba81aa28e' ],
  _id: 65d0d056848da6578c813ae5,
  userId: 10321,
  userName: '管理员',
  userEmail: 'guanliyuan@imooc.com'
}
[2024-02-18T00:06:24.836] [INFO] info - get params:{}
[2024-02-18T00:06:24.837] [INFO] info - post params:{}
[2024-02-18T00:06:24.839] [INFO] info - get params:{}
[2024-02-18T00:06:24.839] [INFO] info - post params:{}
[2024-02-18T00:16:20.824] [INFO] info - get params:{}
[2024-02-18T00:16:20.824] [INFO] info - post params:{}
[2024-02-18T00:16:20.917] [INFO] info - get params:{}
[2024-02-18T00:16:20.917] [INFO] info - post params:{}
[2024-02-18T00:16:20.918] [INFO] info - get params:{}
[2024-02-18T00:16:20.919] [INFO] info - post params:{}
[2024-02-18T00:16:25.843] [INFO] info - get params:{"state":"1","pageNum":"1","pageSize":"10"}
[2024-02-18T00:16:25.844] [INFO] info - post params:{}
[2024-02-18T00:16:25.845] [INFO] info - get params:{}
[2024-02-18T00:16:25.845] [INFO] info - post params:{}
[2024-02-18T00:16:25.846] [INFO] info - get params:{}
[2024-02-18T00:16:25.846] [INFO] info - post params:{}
[2024-02-18T00:16:33.890] [INFO] info - get params:{"deptName":""}
[2024-02-18T00:16:33.890] [INFO] info - post params:{}
[2024-02-18T00:16:34.088] [INFO] info - get params:{}
[2024-02-18T00:16:34.088] [INFO] info - post params:{}
[2024-02-18T00:16:34.288] [INFO] info - get params:{"roleName":"","total":"0","pageNum":"1","pageSize":"10"}
[2024-02-18T00:16:34.288] [INFO] info - post params:{}
[2024-02-18T00:16:34.515] [INFO] info - get params:{}
[2024-02-18T00:16:34.516] [INFO] info - post params:{}
[2024-02-18T00:37:26.039] [INFO] info - get params:{"applyState":"1","pageNum":"1","pageSize":"10","total":"0"}
[2024-02-18T00:37:26.039] [INFO] info - post params:{}
[2024-02-18T00:37:27.972] [INFO] info - get params:{"applyState":"","pageNum":"1","pageSize":"10","total":"0"}
[2024-02-18T00:37:27.972] [INFO] info - post params:{}
[2024-02-18T00:37:29.387] [INFO] info - get params:{"applyState":"","pageNum":"1","pageSize":"10","total":"0"}
[2024-02-18T00:37:29.388] [INFO] info - post params:{}
[2024-02-18T00:37:33.659] [INFO] info - get params:{"applyState":"1","pageNum":"1","pageSize":"10","total":"0","type":"approve"}
[2024-02-18T00:37:33.659] [INFO] info - post params:{}
[2024-02-18T00:37:35.864] [INFO] info - get params:{"applyState":"","pageNum":"1","pageSize":"10","total":"0","type":"approve"}
[2024-02-18T00:37:35.864] [INFO] info - post params:{}
[2024-02-18T00:37:36.283] [INFO] info - get params:{"applyState":"1","pageNum":"1","pageSize":"10","total":"0"}
[2024-02-18T00:37:36.283] [INFO] info - post params:{}
[2024-02-18T01:04:50.497] [INFO] info - get params:{}
[2024-02-18T01:04:50.497] [INFO] info - post params:{}
[2024-02-18T01:04:50.642] [INFO] info - get params:{"applyState":"1","pageNum":"1","pageSize":"10","total":"0"}
[2024-02-18T01:04:50.642] [INFO] info - post params:{}
[2024-02-18T01:04:50.645] [INFO] info - get params:{}
[2024-02-18T01:04:50.645] [INFO] info - post params:{}
[2024-02-18T01:04:50.647] [INFO] info - get params:{}
[2024-02-18T01:04:50.648] [INFO] info - post params:{}
[2024-02-18T01:05:20.993] [INFO] info - get params:{}
[2024-02-18T01:05:20.993] [INFO] info - post params:{}
[2024-02-18T01:05:21.116] [INFO] info - get params:{"applyState":"1","pageNum":"1","pageSize":"10","total":"0"}
[2024-02-18T01:05:21.116] [INFO] info - post params:{}
[2024-02-18T01:05:21.118] [INFO] info - get params:{}
[2024-02-18T01:05:21.118] [INFO] info - post params:{}
[2024-02-18T01:05:21.432] [INFO] info - get params:{}
[2024-02-18T01:05:21.432] [INFO] info - post params:{}
[2024-02-18T01:05:30.821] [INFO] info - get params:{}
[2024-02-18T01:05:30.821] [INFO] info - post params:{}
[2024-02-18T01:05:30.965] [INFO] info - get params:{"applyState":"1","pageNum":"1","pageSize":"10","total":"0"}
[2024-02-18T01:05:30.965] [INFO] info - post params:{}
[2024-02-18T01:05:30.968] [INFO] info - get params:{}
[2024-02-18T01:05:30.968] [INFO] info - post params:{}
[2024-02-18T01:05:30.970] [INFO] info - get params:{}
[2024-02-18T01:05:30.970] [INFO] info - post params:{}
[2024-02-18T19:42:07.555] [INFO] info - **数据库连接成功**
[2024-02-18T19:42:34.584] [INFO] info - get params:{}
[2024-02-18T19:42:34.584] [INFO] info - post params:{}
[2024-02-18T19:42:34.685] [INFO] info - get params:{}
[2024-02-18T19:42:34.685] [INFO] info - post params:{}
[2024-02-18T19:42:34.688] [INFO] info - get params:{}
[2024-02-18T19:42:34.689] [INFO] info - post params:{}
[2024-02-18T19:42:37.523] [INFO] info - get params:{}
[2024-02-18T19:42:37.524] [INFO] info - post params:{"userName":"admin","userPwd":"admin"}
[2024-02-18T19:42:37.536] [INFO] info - User.findOne:null
[2024-02-18T19:42:37.536] [INFO] info - get params:21232f297a57a5a743894a0e4a801fc3
[2024-02-18T19:42:42.294] [INFO] info - get params:{}
[2024-02-18T19:42:42.294] [INFO] info - post params:{"userName":"管理员","userPwd":"123456"}
[2024-02-18T19:42:42.301] [INFO] info - User.findOne:{
  deptId: [ '65d0c7731388403ba81aa23d' ],
  state: 1,
  role: 1,
  roleList: [ '65d0c8b51388403ba81aa28e' ],
  _id: 65d0d056848da6578c813ae5,
  userId: 10321,
  userName: '管理员',
  userEmail: 'guanliyuan@imooc.com'
}
[2024-02-18T19:42:42.560] [INFO] info - get params:{}
[2024-02-18T19:42:42.560] [INFO] info - post params:{}
[2024-02-18T19:42:42.622] [INFO] info - get params:{}
[2024-02-18T19:42:42.622] [INFO] info - post params:{}
[2024-02-18T19:44:06.664] [INFO] info - get params:{}
[2024-02-18T19:44:06.664] [INFO] info - post params:{}
[2024-02-18T19:44:06.666] [INFO] info - get params:{}
[2024-02-18T19:44:06.666] [INFO] info - post params:{}
[2024-02-18T19:44:08.648] [INFO] info - get params:{}
[2024-02-18T19:44:08.648] [INFO] info - post params:{}
[2024-02-18T19:44:08.858] [INFO] info - get params:{}
[2024-02-18T19:44:08.858] [INFO] info - post params:{}
[2024-02-18T19:44:08.859] [INFO] info - get params:{}
[2024-02-18T19:44:08.859] [INFO] info - post params:{}
[2024-02-18T19:44:10.861] [INFO] info - get params:{"deptName":""}
[2024-02-18T19:44:10.861] [INFO] info - post params:{}
[2024-02-18T19:44:10.862] [INFO] info - get params:{}
[2024-02-18T19:44:10.862] [INFO] info - post params:{}
[2024-02-18T19:44:11.807] [INFO] info - get params:{"roleName":"","total":"0","pageNum":"1","pageSize":"10"}
[2024-02-18T19:44:11.807] [INFO] info - post params:{}
[2024-02-18T19:44:11.809] [INFO] info - get params:{}
[2024-02-18T19:44:11.809] [INFO] info - post params:{}
[2024-02-18T19:44:12.998] [INFO] info - get params:{"state":"1","pageNum":"1","pageSize":"10"}
[2024-02-18T19:44:12.998] [INFO] info - post params:{}
[2024-02-18T19:44:13.172] [INFO] info - get params:{}
[2024-02-18T19:44:13.172] [INFO] info - post params:{}
[2024-02-18T19:44:13.299] [INFO] info - get params:{}
[2024-02-18T19:44:13.299] [INFO] info - post params:{}
[2024-02-18T19:44:57.861] [INFO] info - get params:{"menuState":"1"}
[2024-02-18T19:44:57.862] [INFO] info - post params:{}
[2024-02-18T19:45:02.973] [INFO] info - get params:{"roleName":"","total":"0","pageNum":"1","pageSize":"10"}
[2024-02-18T19:45:02.974] [INFO] info - post params:{}
[2024-02-18T19:45:02.974] [INFO] info - get params:{}
[2024-02-18T19:45:02.975] [INFO] info - post params:{}
[2024-02-18T19:45:07.687] [INFO] info - get params:{"state":"1","pageNum":"1","pageSize":"10"}
[2024-02-18T19:45:07.687] [INFO] info - post params:{}
[2024-02-18T19:45:07.992] [INFO] info - get params:{}
[2024-02-18T19:45:07.992] [INFO] info - post params:{}
[2024-02-18T19:45:07.994] [INFO] info - get params:{}
[2024-02-18T19:45:07.994] [INFO] info - post params:{}
[2024-02-18T19:45:10.585] [INFO] info - get params:{"deptName":""}
[2024-02-18T19:45:10.585] [INFO] info - post params:{}
[2024-02-18T19:45:10.586] [INFO] info - get params:{}
[2024-02-18T19:45:10.586] [INFO] info - post params:{}
[2024-02-18T19:48:38.304] [INFO] info - get params:{}
[2024-02-18T19:48:38.304] [INFO] info - post params:{"userName":"员工1","userPwd":"123456"}
[2024-02-18T19:48:38.306] [INFO] info - User.findOne:{
  deptId: [ '65d0c8311388403ba81aa26c' ],
  state: 1,
  role: 1,
  roleList: [ '65d0c8d71388403ba81aa295' ],
  _id: 65d0cc9b848da6578c813a3d,
  userId: 10320,
  userName: '员工1',
  userEmail: '791919140@imooc.com'
}
[2024-02-18T19:48:38.321] [INFO] info - get params:{}
[2024-02-18T19:48:38.321] [INFO] info - post params:{}
[2024-02-18T19:48:38.630] [INFO] info - get params:{}
[2024-02-18T19:48:38.630] [INFO] info - post params:{}
[2024-02-18T19:48:40.415] [INFO] info - get params:{"applyState":"1","pageNum":"1","pageSize":"10","total":"0"}
[2024-02-18T19:48:40.415] [INFO] info - post params:{}
[2024-02-18T19:48:51.956] [INFO] info - get params:{}
[2024-02-18T19:48:51.956] [INFO] info - post params:{"applyType":1,"startTime":"2024-02-18T16:00:00.000Z","endTime":"2024-02-19T16:00:00.000Z","leaveTime":"2天","reasons":"家里有事","action":"create"}
[2024-02-18T19:48:52.299] [INFO] info - get params:{"applyState":"1","pageNum":"1","pageSize":"10","total":"0"}
[2024-02-18T19:48:52.299] [INFO] info - post params:{}
[2024-02-18T19:49:11.269] [INFO] info - get params:{}
[2024-02-18T19:49:11.269] [INFO] info - post params:{"applyType":1,"startTime":"2024-02-26T16:00:00.000Z","endTime":"2024-02-28T16:00:00.000Z","leaveTime":"3天","reasons":"外出","action":"create"}
[2024-02-18T19:49:11.608] [INFO] info - get params:{"applyState":"1","pageNum":"1","pageSize":"10","total":"1"}
[2024-02-18T19:49:11.608] [INFO] info - post params:{}
[2024-02-18T19:49:17.123] [INFO] info - get params:{}
[2024-02-18T19:49:17.123] [INFO] info - post params:{"userName":"管理员","userPwd":"123456"}
[2024-02-18T19:49:17.125] [INFO] info - User.findOne:{
  deptId: [ '65d0c7731388403ba81aa23d' ],
  state: 1,
  role: 1,
  roleList: [ '65d0c8b51388403ba81aa28e' ],
  _id: 65d0d056848da6578c813ae5,
  userId: 10321,
  userName: '管理员',
  userEmail: 'guanliyuan@imooc.com'
}
[2024-02-18T19:49:17.447] [INFO] info - get params:{}
[2024-02-18T19:49:17.447] [INFO] info - post params:{}
[2024-02-18T19:49:17.448] [INFO] info - get params:{}
[2024-02-18T19:49:17.448] [INFO] info - post params:{}
[2024-02-18T19:49:19.396] [INFO] info - get params:{"applyState":"1","pageNum":"1","pageSize":"10","total":"0","type":"approve"}
[2024-02-18T19:49:19.396] [INFO] info - post params:{}
[2024-02-18T19:49:22.614] [INFO] info - get params:{"applyState":"","pageNum":"1","pageSize":"10","total":"0","type":"approve"}
[2024-02-18T19:49:22.614] [INFO] info - post params:{}
[2024-02-18T19:49:24.312] [INFO] info - get params:{"applyState":"1","pageNum":"1","pageSize":"10","total":"0","type":"approve"}
[2024-02-18T19:49:24.313] [INFO] info - post params:{}
[2024-02-18T19:49:42.398] [INFO] info - get params:{"applyState":"1","pageNum":"1","pageSize":"10","total":"0","type":"approve"}
[2024-02-18T19:49:42.398] [INFO] info - post params:{}
[2024-02-18T19:49:44.985] [INFO] info - get params:{"applyState":"1","pageNum":"1","pageSize":"10","total":"0"}
[2024-02-18T19:49:44.986] [INFO] info - post params:{}
[2024-02-18T19:49:45.603] [INFO] info - get params:{"applyState":"1","pageNum":"1","pageSize":"10","total":"0","type":"approve"}
[2024-02-18T19:49:45.603] [INFO] info - post params:{}
[2024-02-18T19:49:51.824] [INFO] info - get params:{"applyState":"1","pageNum":"1","pageSize":"10","total":"0","type":"approve"}
[2024-02-18T19:49:51.824] [INFO] info - post params:{}
[2024-02-18T19:52:09.223] [INFO] info - get params:{"applyState":"1","pageNum":"1","pageSize":"10","total":"0","type":"approve"}
[2024-02-18T19:52:09.223] [INFO] info - post params:{}
[2024-02-18T19:52:17.846] [INFO] info - get params:{}
[2024-02-18T19:52:17.846] [INFO] info - post params:{}
[2024-02-18T19:52:17.944] [INFO] info - get params:{"applyState":"1","pageNum":"1","pageSize":"10","total":"0","type":"approve"}
[2024-02-18T19:52:17.944] [INFO] info - post params:{}
[2024-02-18T19:52:17.946] [INFO] info - get params:{}
[2024-02-18T19:52:17.946] [INFO] info - post params:{}
[2024-02-18T19:52:17.948] [INFO] info - get params:{}
[2024-02-18T19:52:17.948] [INFO] info - post params:{}
[2024-02-18T19:52:22.710] [INFO] info - **数据库连接成功**
[2024-02-18T19:52:31.277] [INFO] info - get params:{}
[2024-02-18T19:52:31.278] [INFO] info - post params:{}
[2024-02-18T19:52:31.369] [INFO] info - get params:{}
[2024-02-18T19:52:31.369] [INFO] info - post params:{}
[2024-02-18T19:52:31.373] [INFO] info - get params:{"applyState":"1","pageNum":"1","pageSize":"10","total":"0","type":"approve"}
[2024-02-18T19:52:31.374] [INFO] info - post params:{}
[2024-02-18T19:52:31.376] [INFO] info - get params:{}
[2024-02-18T19:52:31.376] [INFO] info - post params:{}
[2024-02-18T19:52:32.847] [INFO] info - get params:{"applyState":"1","pageNum":"1","pageSize":"10","total":"0"}
[2024-02-18T19:52:32.848] [INFO] info - post params:{}
[2024-02-18T19:52:33.960] [INFO] info - get params:{"applyState":"1","pageNum":"1","pageSize":"10","total":"0","type":"approve"}
[2024-02-18T19:52:33.961] [INFO] info - post params:{}
[2024-02-18T19:52:35.562] [INFO] info - get params:{"applyState":"1","pageNum":"1","pageSize":"10","total":"0","type":"approve"}
[2024-02-18T19:52:35.562] [INFO] info - post params:{}
[2024-02-18T19:53:13.321] [INFO] info - get params:{"applyState":"1","pageNum":"1","pageSize":"10","total":"0","type":"approve"}
[2024-02-18T19:53:13.321] [INFO] info - post params:{}
[2024-02-18T19:57:21.380] [INFO] info - **数据库连接成功**
[2024-02-18T19:57:27.931] [INFO] info - get params:{}
[2024-02-18T19:57:27.931] [INFO] info - post params:{}
[2024-02-18T19:57:28.093] [INFO] info - get params:{}
[2024-02-18T19:57:28.093] [INFO] info - post params:{}
[2024-02-18T19:57:28.096] [INFO] info - get params:{}
[2024-02-18T19:57:28.096] [INFO] info - post params:{}
[2024-02-18T19:57:28.098] [INFO] info - get params:{"applyState":"1","pageNum":"1","pageSize":"10","total":"0","type":"approve"}
[2024-02-18T19:57:28.098] [INFO] info - post params:{}
[2024-02-18T19:57:38.575] [INFO] info - get params:{}
[2024-02-18T19:57:38.575] [INFO] info - post params:{"userName":"管理员","userPwd":"123456"}
[2024-02-18T19:57:38.580] [INFO] info - User.findOne:{
  deptId: [ '65d0c7731388403ba81aa23d' ],
  state: 1,
  role: 1,
  roleList: [ '65d0c8b51388403ba81aa28e' ],
  _id: 65d0d056848da6578c813ae5,
  userId: 10321,
  userName: '管理员',
  userEmail: 'guanliyuan@imooc.com'
}
[2024-02-18T19:57:38.938] [INFO] info - get params:{}
[2024-02-18T19:57:38.939] [INFO] info - post params:{}
[2024-02-18T19:57:39.159] [INFO] info - get params:{}
[2024-02-18T19:57:39.159] [INFO] info - post params:{}
[2024-02-18T19:57:41.072] [INFO] info - get params:{"applyState":"1","pageNum":"1","pageSize":"10","total":"0"}
[2024-02-18T19:57:41.073] [INFO] info - post params:{}
[2024-02-18T19:57:41.842] [INFO] info - get params:{"applyState":"1","pageNum":"1","pageSize":"10","total":"0","type":"approve"}
[2024-02-18T19:57:41.842] [INFO] info - post params:{}
[2024-02-18T19:57:49.052] [INFO] info - get params:{"applyState":"","pageNum":"1","pageSize":"10","total":"0","type":"approve"}
[2024-02-18T19:57:49.052] [INFO] info - post params:{}
[2024-02-18T19:57:58.024] [INFO] info - get params:{"applyState":"1","pageNum":"1","pageSize":"10","total":"0","type":"approve"}
[2024-02-18T19:57:58.024] [INFO] info - post params:{}
[2024-02-18T19:58:23.038] [INFO] info - get params:{"applyState":"1","pageNum":"1","pageSize":"10","total":"0","type":"approve"}
[2024-02-18T19:58:23.038] [INFO] info - post params:{}
[2024-02-18T19:59:24.309] [INFO] info - **数据库连接成功**
[2024-02-18T19:59:28.474] [INFO] info - get params:{"applyState":"1","pageNum":"1","pageSize":"10","total":"0","type":"approve"}
[2024-02-18T19:59:28.475] [INFO] info - post params:{}
[2024-02-18T19:59:28.478] [INFO] info - get params leave:[object Object]
[2024-02-18T20:02:19.021] [INFO] info - **数据库连接成功**
[2024-02-18T20:02:22.193] [INFO] info - get params:{"applyState":"1","pageNum":"1","pageSize":"10","total":"0","type":"approve"}
[2024-02-18T20:02:22.194] [INFO] info - post params:{}
[2024-02-18T20:02:22.198] [INFO] info - get params leave:[object Object]
[2024-02-18T20:02:43.789] [INFO] info - **数据库连接成功**
[2024-02-18T20:02:45.393] [INFO] info - get params:{"applyState":"1","pageNum":"1","pageSize":"10","total":"0","type":"approve"}
[2024-02-18T20:02:45.393] [INFO] info - post params:{}
[2024-02-18T20:02:45.398] [INFO] info - get params leave:[object Object]
[2024-02-18T20:02:45.409] [INFO] info - get params leave:
[2024-02-18T20:03:41.684] [INFO] info - **数据库连接成功**
[2024-02-18T20:03:43.925] [INFO] info - get params:{"applyState":"1","pageNum":"1","pageSize":"10","total":"0","type":"approve"}
[2024-02-18T20:03:43.925] [INFO] info - post params:{}
[2024-02-18T20:03:47.297] [INFO] info - get params:{}
[2024-02-18T20:03:47.297] [INFO] info - post params:{}
[2024-02-18T20:03:47.394] [INFO] info - get params:{"applyState":"1","pageNum":"1","pageSize":"10","total":"0","type":"approve"}
[2024-02-18T20:03:47.394] [INFO] info - post params:{}
[2024-02-18T20:03:47.398] [INFO] info - get params:{}
[2024-02-18T20:03:47.398] [INFO] info - post params:{}
[2024-02-18T20:03:47.401] [INFO] info - get params:{}
[2024-02-18T20:03:47.401] [INFO] info - post params:{}
[2024-02-18T20:04:42.271] [INFO] info - **数据库连接成功**
[2024-02-18T20:04:44.243] [INFO] info - get params:{}
[2024-02-18T20:04:44.243] [INFO] info - post params:{}
[2024-02-18T20:04:44.352] [INFO] info - get params:{"applyState":"1","pageNum":"1","pageSize":"10","total":"0","type":"approve"}
[2024-02-18T20:04:44.353] [INFO] info - post params:{}
[2024-02-18T20:04:44.355] [INFO] info - get params leave:[object Object]
[2024-02-18T20:04:44.357] [INFO] info - get params:{}
[2024-02-18T20:04:44.358] [INFO] info - post params:{}
[2024-02-18T20:04:44.361] [INFO] info - get params:{}
[2024-02-18T20:04:44.362] [INFO] info - post params:{}
[2024-02-18T20:04:45.925] [INFO] info - get params:{"applyState":"1","pageNum":"1","pageSize":"10","total":"0","type":"approve"}
[2024-02-18T20:04:45.925] [INFO] info - post params:{}
[2024-02-18T20:04:45.926] [INFO] info - get params leave:[object Object]
[2024-02-18T20:04:59.120] [INFO] info - get params:{"applyState":"1","pageNum":"1","pageSize":"10","total":"0","type":"approve"}
[2024-02-18T20:04:59.121] [INFO] info - post params:{}
[2024-02-18T20:04:59.121] [INFO] info - get params leave:[object Object]
[2024-02-18T20:06:28.628] [INFO] info - get params:{"applyState":"1","pageNum":"1","pageSize":"10","total":"0"}
[2024-02-18T20:06:28.628] [INFO] info - post params:{}
[2024-02-18T20:06:28.629] [INFO] info - get params leave:[object Object]
[2024-02-18T20:07:22.961] [INFO] info - get params:{"applyState":"2","pageNum":"1","pageSize":"10","total":"0"}
[2024-02-18T20:07:22.962] [INFO] info - post params:{}
[2024-02-18T20:07:22.962] [INFO] info - get params leave:[object Object]
[2024-02-18T20:07:24.905] [INFO] info - get params:{"applyState":"3","pageNum":"1","pageSize":"10","total":"0"}
[2024-02-18T20:07:24.905] [INFO] info - post params:{}
[2024-02-18T20:07:24.906] [INFO] info - get params leave:[object Object]
[2024-02-18T20:07:26.105] [INFO] info - get params:{"applyState":"4","pageNum":"1","pageSize":"10","total":"0"}
[2024-02-18T20:07:26.105] [INFO] info - post params:{}
[2024-02-18T20:07:26.105] [INFO] info - get params leave:[object Object]
[2024-02-18T20:07:27.983] [INFO] info - get params:{"applyState":"5","pageNum":"1","pageSize":"10","total":"0"}
[2024-02-18T20:07:27.983] [INFO] info - post params:{}
[2024-02-18T20:07:27.984] [INFO] info - get params leave:[object Object]
[2024-02-18T20:07:29.161] [INFO] info - get params:{"applyState":"","pageNum":"1","pageSize":"10","total":"0"}
[2024-02-18T20:07:29.161] [INFO] info - post params:{}
[2024-02-18T20:07:29.161] [INFO] info - get params leave:[object Object]
[2024-02-18T20:07:45.712] [INFO] info - get params:{"applyState":"1","pageNum":"1","pageSize":"10","total":"0"}
[2024-02-18T20:07:45.712] [INFO] info - post params:{}
[2024-02-18T20:07:45.713] [INFO] info - get params leave:[object Object]
[2024-02-18T20:10:45.775] [INFO] info - get params:{}
[2024-02-18T20:10:45.775] [INFO] info - post params:{}
[2024-02-18T20:10:45.862] [INFO] info - get params:{"applyState":"1","pageNum":"1","pageSize":"10","total":"0"}
[2024-02-18T20:10:45.862] [INFO] info - post params:{}
[2024-02-18T20:10:45.863] [INFO] info - get params leave:[object Object]
[2024-02-18T20:10:45.864] [INFO] info - get params:{}
[2024-02-18T20:10:45.864] [INFO] info - post params:{}
[2024-02-18T20:10:45.894] [INFO] info - get params:{}
[2024-02-18T20:10:45.894] [INFO] info - post params:{}
[2024-02-18T20:10:47.561] [INFO] info - get params:{"applyState":"1","pageNum":"1","pageSize":"10","total":"0"}
[2024-02-18T20:10:47.561] [INFO] info - post params:{}
[2024-02-18T20:10:47.562] [INFO] info - get params leave:[object Object]
[2024-02-18T20:10:54.288] [INFO] info - **数据库连接成功**
[2024-02-18T20:10:57.724] [INFO] info - get params:{}
[2024-02-18T20:10:57.725] [INFO] info - post params:{}
[2024-02-18T20:10:57.819] [INFO] info - get params:{"applyState":"1","pageNum":"1","pageSize":"10","total":"0"}
[2024-02-18T20:10:57.819] [INFO] info - post params:{}
[2024-02-18T20:10:57.821] [INFO] info - get params leave:[object Object]
[2024-02-18T20:10:57.823] [INFO] info - get params:{}
[2024-02-18T20:10:57.823] [INFO] info - post params:{}
[2024-02-18T20:10:57.861] [INFO] info - get params:{}
[2024-02-18T20:10:57.861] [INFO] info - post params:{}
[2024-02-18T20:11:02.639] [INFO] info - get params:{"applyState":"1","pageNum":"1","pageSize":"10","total":"0","type":"approve"}
[2024-02-18T20:11:02.639] [INFO] info - post params:{}
[2024-02-18T20:11:02.640] [INFO] info - get params leave:[object Object]
[2024-02-18T20:12:13.357] [INFO] info - **数据库连接成功**
[2024-02-18T20:13:01.989] [INFO] info - get params:{}
[2024-02-18T20:13:01.989] [INFO] info - post params:{"userName":"管理员","userPwd":"123456"}
[2024-02-18T20:13:02.004] [INFO] info - User.findOne:{
  deptId: [ '65d0c7731388403ba81aa23d' ],
  state: 1,
  role: 1,
  roleList: [ '65d0c8b51388403ba81aa28e' ],
  _id: 65d0d056848da6578c813ae5,
  userId: 10321,
  userName: '管理员',
  userEmail: 'guanliyuan@imooc.com'
}
[2024-02-18T20:13:02.277] [INFO] info - get params:{}
[2024-02-18T20:13:02.278] [INFO] info - post params:{}
[2024-02-18T20:13:02.337] [INFO] info - get params:{}
[2024-02-18T20:13:02.337] [INFO] info - post params:{}
[2024-02-18T20:13:12.779] [INFO] info - get params:{}
[2024-02-18T20:13:12.779] [INFO] info - post params:{"userName":"员工1","userPwd":"123456"}
[2024-02-18T20:13:12.782] [INFO] info - User.findOne:{
  deptId: [ '65d0c8311388403ba81aa26c' ],
  state: 1,
  role: 1,
  roleList: [ '65d0c8d71388403ba81aa295' ],
  _id: 65d0cc9b848da6578c813a3d,
  userId: 10320,
  userName: '员工1',
  userEmail: '791919140@imooc.com'
}
[2024-02-18T20:13:13.046] [INFO] info - get params:{}
[2024-02-18T20:13:13.046] [INFO] info - post params:{}
[2024-02-18T20:13:13.124] [INFO] info - get params:{}
[2024-02-18T20:13:13.124] [INFO] info - post params:{}
[2024-02-18T20:13:16.598] [INFO] info - get params:{}
[2024-02-18T20:13:16.598] [INFO] info - post params:{}
[2024-02-18T20:13:16.605] [INFO] info - get params:{}
[2024-02-18T20:13:16.605] [INFO] info - post params:{}
[2024-02-18T20:13:19.822] [INFO] info - get params:{}
[2024-02-18T20:13:19.822] [INFO] info - post params:{}
[2024-02-18T20:13:19.823] [INFO] info - get params:{}
[2024-02-18T20:13:19.823] [INFO] info - post params:{}
[2024-02-18T20:13:21.010] [INFO] info - get params:{}
[2024-02-18T20:13:21.011] [INFO] info - post params:{}
[2024-02-18T20:13:21.217] [INFO] info - get params:{}
[2024-02-18T20:13:21.217] [INFO] info - post params:{}
[2024-02-18T20:13:21.219] [INFO] info - get params:{}
[2024-02-18T20:13:21.219] [INFO] info - post params:{}
[2024-02-18T20:13:22.750] [INFO] info - get params:{"applyState":"1","pageNum":"1","pageSize":"10","total":"0"}
[2024-02-18T20:13:22.750] [INFO] info - post params:{}
[2024-02-18T20:13:22.751] [INFO] info - get params leave:[object Object]
[2024-02-18T20:13:39.920] [INFO] info - get params:{}
[2024-02-18T20:13:39.920] [INFO] info - post params:{"applyType":1,"startTime":"2024-02-18T16:00:00.000Z","endTime":"2024-02-19T16:00:00.000Z","leaveTime":"2天","reasons":"外出","action":"create"}
[2024-02-18T20:13:40.185] [INFO] info - get params:{"applyState":"1","pageNum":"1","pageSize":"10","total":"0"}
[2024-02-18T20:13:40.185] [INFO] info - post params:{}
[2024-02-18T20:13:40.186] [INFO] info - get params leave:[object Object]
[2024-02-18T20:13:49.977] [INFO] info - get params:{}
[2024-02-18T20:13:49.977] [INFO] info - post params:{"applyType":1,"startTime":"2024-02-26T16:00:00.000Z","endTime":"2024-02-28T16:00:00.000Z","leaveTime":"3天","reasons":"休息","action":"create"}
[2024-02-18T20:13:50.246] [INFO] info - get params:{"applyState":"1","pageNum":"1","pageSize":"10","total":"1"}
[2024-02-18T20:13:50.247] [INFO] info - post params:{}
[2024-02-18T20:13:50.247] [INFO] info - get params leave:[object Object]
[2024-02-18T20:14:12.502] [INFO] info - get params:{}
[2024-02-18T20:14:12.502] [INFO] info - post params:{"userName":"管理员","userPwd":"123456"}
[2024-02-18T20:14:12.504] [INFO] info - User.findOne:{
  deptId: [ '65d0c7731388403ba81aa23d' ],
  state: 1,
  role: 1,
  roleList: [ '65d0c8b51388403ba81aa28e' ],
  _id: 65d0d056848da6578c813ae5,
  userId: 10321,
  userName: '管理员',
  userEmail: 'guanliyuan@imooc.com'
}
[2024-02-18T20:14:12.768] [INFO] info - get params:{}
[2024-02-18T20:14:12.769] [INFO] info - post params:{}
[2024-02-18T20:14:12.848] [INFO] info - get params:{}
[2024-02-18T20:14:12.848] [INFO] info - post params:{}
[2024-02-18T20:14:14.979] [INFO] info - get params:{"applyState":"1","pageNum":"1","pageSize":"10","total":"0"}
[2024-02-18T20:14:14.980] [INFO] info - post params:{}
[2024-02-18T20:14:14.980] [INFO] info - get params leave:[object Object]
[2024-02-18T20:14:20.399] [INFO] info - get params:{}
[2024-02-18T20:14:20.399] [INFO] info - post params:{}
[2024-02-18T20:14:20.406] [INFO] info - get params:{}
[2024-02-18T20:14:20.406] [INFO] info - post params:{}
[2024-02-18T20:14:21.731] [INFO] info - get params:{}
[2024-02-18T20:14:21.731] [INFO] info - post params:{}
[2024-02-18T20:14:21.945] [INFO] info - get params:{}
[2024-02-18T20:14:21.945] [INFO] info - post params:{}
[2024-02-18T20:14:21.947] [INFO] info - get params:{}
[2024-02-18T20:14:21.947] [INFO] info - post params:{}
[2024-02-18T20:14:23.547] [INFO] info - get params:{"applyState":"1","pageNum":"1","pageSize":"10","total":"0","type":"approve"}
[2024-02-18T20:14:23.547] [INFO] info - post params:{}
[2024-02-18T20:14:23.547] [INFO] info - get params leave:[object Object]
[2024-02-18T20:14:34.847] [INFO] info - get params:{"applyState":"1","pageNum":"1","pageSize":"10","total":"0","type":"approve"}
[2024-02-18T20:14:34.847] [INFO] info - post params:{}
[2024-02-18T20:14:34.848] [INFO] info - get params leave:[object Object]
[2024-02-18T20:16:51.760] [INFO] info - **数据库连接成功**
[2024-02-18T20:16:59.071] [INFO] info - get params:{}
[2024-02-18T20:16:59.071] [INFO] info - post params:{}
[2024-02-18T20:16:59.254] [INFO] info - get params:{"applyState":"1","pageNum":"1","pageSize":"10","total":"0","type":"approve"}
[2024-02-18T20:16:59.254] [INFO] info - post params:{}
[2024-02-18T20:16:59.257] [INFO] info - get params:{}
[2024-02-18T20:16:59.258] [INFO] info - post params:{}
[2024-02-18T20:16:59.260] [INFO] info - get params:{}
[2024-02-18T20:16:59.260] [INFO] info - post params:{}
[2024-02-18T20:17:00.731] [INFO] info - get params:{"applyState":"1","pageNum":"1","pageSize":"10","total":"0"}
[2024-02-18T20:17:00.731] [INFO] info - post params:{}
[2024-02-18T20:17:01.468] [INFO] info - get params:{"applyState":"1","pageNum":"1","pageSize":"10","total":"0","type":"approve"}
[2024-02-18T20:17:01.469] [INFO] info - post params:{}
[2024-02-18T20:19:50.302] [INFO] info - get params:{}
[2024-02-18T20:19:50.303] [INFO] info - post params:{"userName":"SDADMIN","userPwd":"Pass123@"}
[2024-02-18T20:19:50.306] [INFO] info - User.findOne:null
[2024-02-18T20:19:50.307] [INFO] info - get params:40447ea943c73f8aa70073cda95fe8a8
[2024-02-18T20:19:52.826] [INFO] info - get params:{}
[2024-02-18T20:19:52.827] [INFO] info - post params:{"userName":"员工1","userPwd":"123456"}
[2024-02-18T20:19:52.831] [INFO] info - User.findOne:{
  deptId: [ '65d0c8311388403ba81aa26c' ],
  state: 1,
  role: 1,
  roleList: [ '65d0c8d71388403ba81aa295' ],
  _id: 65d0cc9b848da6578c813a3d,
  userId: 10320,
  userName: '员工1',
  userEmail: '791919140@imooc.com'
}
[2024-02-18T20:19:53.120] [INFO] info - get params:{}
[2024-02-18T20:19:53.120] [INFO] info - post params:{}
[2024-02-18T20:19:53.164] [INFO] info - get params:{}
[2024-02-18T20:19:53.164] [INFO] info - post params:{}
[2024-02-18T20:19:57.617] [INFO] info - get params:{"applyState":"1","pageNum":"1","pageSize":"10","total":"0"}
[2024-02-18T20:19:57.617] [INFO] info - post params:{}
[2024-02-18T20:21:20.500] [INFO] info - get params:{}
[2024-02-18T20:21:20.501] [INFO] info - post params:{"userName":"管理员","userPwd":"123456"}
[2024-02-18T20:21:20.503] [INFO] info - User.findOne:{
  deptId: [ '65d0c7731388403ba81aa23d' ],
  state: 1,
  role: 1,
  roleList: [ '65d0c8b51388403ba81aa28e' ],
  _id: 65d0d056848da6578c813ae5,
  userId: 10321,
  userName: '管理员',
  userEmail: 'guanliyuan@imooc.com'
}
[2024-02-18T20:21:20.763] [INFO] info - get params:{}
[2024-02-18T20:21:20.763] [INFO] info - post params:{}
[2024-02-18T20:21:20.857] [INFO] info - get params:{}
[2024-02-18T20:21:20.857] [INFO] info - post params:{}
[2024-02-18T20:21:27.999] [INFO] info - get params:{"applyState":"1","pageNum":"1","pageSize":"10","total":"0","type":"approve"}
[2024-02-18T20:21:27.999] [INFO] info - post params:{}
[2024-02-18T20:21:28.785] [INFO] info - get params:{"applyState":"1","pageNum":"1","pageSize":"10","total":"0","type":"approve"}
[2024-02-18T20:21:28.785] [INFO] info - post params:{}
[2024-02-18T20:21:32.463] [INFO] info - get params:{"applyState":"1","pageNum":"1","pageSize":"10","total":"0","type":"approve"}
[2024-02-18T20:21:32.463] [INFO] info - post params:{}
[2024-02-18T20:22:58.109] [INFO] info - **数据库连接成功**
[2024-02-18T20:23:01.438] [INFO] info - get params:{}
[2024-02-18T20:23:01.439] [INFO] info - post params:{}
[2024-02-18T20:23:01.649] [INFO] info - get params:{"applyState":"1","pageNum":"1","pageSize":"10","total":"0","type":"approve"}
[2024-02-18T20:23:01.649] [INFO] info - post params:{}
[2024-02-18T20:23:01.653] [INFO] info - get params:{}
[2024-02-18T20:23:01.654] [INFO] info - post params:{}
[2024-02-18T20:23:01.657] [INFO] info - get params:{}
[2024-02-18T20:23:01.658] [INFO] info - post params:{}
[2024-02-18T20:23:02.927] [INFO] info - get params:{"applyState":"1","pageNum":"1","pageSize":"10","total":"0"}
[2024-02-18T20:23:02.928] [INFO] info - post params:{}
[2024-02-18T20:23:04.368] [INFO] info - get params:{"applyState":"1","pageNum":"1","pageSize":"10","total":"0","type":"approve"}
[2024-02-18T20:23:04.368] [INFO] info - post params:{}
[2024-02-18T20:23:05.242] [INFO] info - get params:{"applyState":"1","pageNum":"1","pageSize":"10","total":"0","type":"approve"}
[2024-02-18T20:23:05.242] [INFO] info - post params:{}
[2024-02-18T20:23:13.730] [INFO] info - get params:{"applyState":"1","pageNum":"1","pageSize":"10","total":"0"}
[2024-02-18T20:23:13.730] [INFO] info - post params:{}
[2024-02-18T20:23:16.750] [INFO] info - get params:{"applyState":"1","pageNum":"1","pageSize":"10","total":"0","type":"approve"}
[2024-02-18T20:23:16.750] [INFO] info - post params:{}
[2024-02-18T20:25:52.771] [INFO] info - get params:{"applyState":"1","pageNum":"1","pageSize":"10","total":"0","type":"approve"}
[2024-02-18T20:25:52.771] [INFO] info - post params:{}
[2024-02-18T20:25:56.335] [INFO] info - get params:{}
[2024-02-18T20:25:56.336] [INFO] info - post params:{"userName":"员工1","userPwd":"123456"}
[2024-02-18T20:25:56.341] [INFO] info - User.findOne:{
  deptId: [ '65d0c8311388403ba81aa26c' ],
  state: 1,
  role: 1,
  roleList: [ '65d0c8d71388403ba81aa295' ],
  _id: 65d0cc9b848da6578c813a3d,
  userId: 10320,
  userName: '员工1',
  userEmail: '791919140@imooc.com'
}
[2024-02-18T20:25:56.674] [INFO] info - get params:{}
[2024-02-18T20:25:56.674] [INFO] info - post params:{"userName":"员工1","userPwd":"123456"}
[2024-02-18T20:25:56.676] [INFO] info - User.findOne:{
  deptId: [ '65d0c8311388403ba81aa26c' ],
  state: 1,
  role: 1,
  roleList: [ '65d0c8d71388403ba81aa295' ],
  _id: 65d0cc9b848da6578c813a3d,
  userId: 10320,
  userName: '员工1',
  userEmail: '791919140@imooc.com'
}
[2024-02-18T20:25:56.934] [INFO] info - get params:{}
[2024-02-18T20:25:56.934] [INFO] info - post params:{}
[2024-02-18T20:25:56.935] [INFO] info - get params:{}
[2024-02-18T20:25:56.936] [INFO] info - post params:{}
[2024-02-18T20:25:58.418] [INFO] info - get params:{"applyState":"1","pageNum":"1","pageSize":"10","total":"0"}
[2024-02-18T20:25:58.418] [INFO] info - post params:{}
[2024-02-18T20:30:57.252] [INFO] info - **数据库连接成功**
[2024-02-18T20:31:01.074] [INFO] info - get params:{"applyState":"1","pageNum":"1","pageSize":"10","total":"2"}
[2024-02-18T20:31:01.074] [INFO] info - post params:{}
[2024-02-18T20:31:11.011] [INFO] info - get params:{}
[2024-02-18T20:31:11.011] [INFO] info - post params:{}
[2024-02-18T20:31:11.106] [INFO] info - get params:{"applyState":"1","pageNum":"1","pageSize":"10","total":"0"}
[2024-02-18T20:31:11.106] [INFO] info - post params:{}
[2024-02-18T20:31:11.108] [INFO] info - get params:{}
[2024-02-18T20:31:11.109] [INFO] info - post params:{}
[2024-02-18T20:31:11.160] [INFO] info - get params:{}
[2024-02-18T20:31:11.160] [INFO] info - post params:{}
[2024-02-18T20:31:13.190] [INFO] info - get params:{"applyState":"1","pageNum":"1","pageSize":"10","total":"0"}
[2024-02-18T20:31:13.190] [INFO] info - post params:{}
[2024-02-18T20:31:28.973] [INFO] info - get params:{"applyState":"1","pageNum":"1","pageSize":"10","total":"0","type":"approve"}
[2024-02-18T20:31:28.973] [INFO] info - post params:{}
[2024-02-18T20:32:31.812] [INFO] info - get params:{}
[2024-02-18T20:32:31.812] [INFO] info - post params:{"userName":"员工1","userPwd":"123456"}
[2024-02-18T20:32:31.817] [INFO] info - User.findOne:{
  deptId: [ '65d0c8311388403ba81aa26c' ],
  state: 1,
  role: 1,
  roleList: [ '65d0c8d71388403ba81aa295' ],
  _id: 65d0cc9b848da6578c813a3d,
  userId: 10320,
  userName: '员工1',
  userEmail: '791919140@imooc.com'
}
[2024-02-18T20:32:31.845] [INFO] info - get params:{}
[2024-02-18T20:32:31.845] [INFO] info - post params:{}
[2024-02-18T20:32:32.154] [INFO] info - get params:{}
[2024-02-18T20:32:32.154] [INFO] info - post params:{}
[2024-02-18T20:32:33.827] [INFO] info - get params:{"applyState":"1","pageNum":"1","pageSize":"10","total":"0"}
[2024-02-18T20:32:33.827] [INFO] info - post params:{}
[2024-02-18T20:32:44.248] [INFO] info - get params:{}
[2024-02-18T20:32:44.249] [INFO] info - post params:{"applyType":1,"startTime":"2024-02-19T16:00:00.000Z","endTime":"2024-02-21T16:00:00.000Z","leaveTime":"3天","reasons":"1111","action":"create"}
[2024-02-18T20:32:44.595] [INFO] info - get params:{"applyState":"1","pageNum":"1","pageSize":"10","total":"2"}
[2024-02-18T20:32:44.595] [INFO] info - post params:{}
[2024-02-18T20:35:27.430] [INFO] info - get params:{}
[2024-02-18T20:35:27.430] [INFO] info - post params:{"userName":"管理员","userPwd":"123456"}
[2024-02-18T20:35:27.432] [INFO] info - User.findOne:{
  deptId: [ '65d0c7731388403ba81aa23d' ],
  state: 1,
  role: 1,
  roleList: [ '65d0c8b51388403ba81aa28e' ],
  _id: 65d0d056848da6578c813ae5,
  userId: 10321,
  userName: '管理员',
  userEmail: 'guanliyuan@imooc.com'
}
[2024-02-18T20:35:27.693] [INFO] info - get params:{}
[2024-02-18T20:35:27.693] [INFO] info - post params:{}
[2024-02-18T20:35:27.754] [INFO] info - get params:{}
[2024-02-18T20:35:27.754] [INFO] info - post params:{}
[2024-02-18T20:35:29.705] [INFO] info - get params:{"deptName":""}
[2024-02-18T20:35:29.706] [INFO] info - post params:{}
[2024-02-18T20:35:30.008] [INFO] info - get params:{}
[2024-02-18T20:35:30.008] [INFO] info - post params:{}
[2024-02-18T20:35:41.020] [INFO] info - get params:{}
[2024-02-18T20:35:41.020] [INFO] info - post params:{"_id":"65d0c7731388403ba81aa23d","action":"delete"}
[2024-02-18T20:35:41.286] [INFO] info - get params:{"deptName":""}
[2024-02-18T20:35:41.287] [INFO] info - post params:{}
[2024-02-18T20:35:42.413] [INFO] info - get params:{}
[2024-02-18T20:35:42.413] [INFO] info - post params:{"_id":"65d0c8311388403ba81aa26c","action":"delete"}
[2024-02-18T20:35:42.737] [INFO] info - get params:{"deptName":""}
[2024-02-18T20:35:42.738] [INFO] info - post params:{}
[2024-02-18T20:35:48.976] [INFO] info - get params:{}
[2024-02-18T20:35:48.977] [INFO] info - post params:{"parentId":[null],"deptName":"人事部门","userId":"10321","userName":"管理员","userEmail":"guanliyuan@imooc.com","action":"create"}
[2024-02-18T20:35:49.303] [INFO] info - get params:{"deptName":""}
[2024-02-18T20:35:49.304] [INFO] info - post params:{}
[2024-02-18T20:35:57.461] [INFO] info - get params:{}
[2024-02-18T20:35:57.461] [INFO] info - post params:{"parentId":[null],"deptName":"财务部门","userId":"10321","userName":"管理员","userEmail":"guanliyuan@imooc.com","action":"create"}
[2024-02-18T20:35:57.785] [INFO] info - get params:{"deptName":""}
[2024-02-18T20:35:57.785] [INFO] info - post params:{}
[2024-02-18T20:36:00.252] [INFO] info - get params:{"state":"1","pageNum":"1","pageSize":"10"}
[2024-02-18T20:36:00.252] [INFO] info - post params:{}
[2024-02-18T20:36:00.566] [INFO] info - get params:{}
[2024-02-18T20:36:00.566] [INFO] info - post params:{}
[2024-02-18T20:36:00.568] [INFO] info - get params:{}
[2024-02-18T20:36:00.568] [INFO] info - post params:{}
[2024-02-18T20:36:22.967] [INFO] info - get params:{}
[2024-02-18T20:36:22.968] [INFO] info - post params:{"state":1,"roleList":["65d0c8b51388403ba81aa28e"],"deptId":["65d1f9a4f66eb050ec4e493c"],"role":1,"createTime":"2024-02-17T15:07:41.178Z","lastLoginTime":"2024-02-17T15:07:41.178Z","userId":10321,"userName":"管理员","userEmail":"guanliyuan@imooc.com@imooc.com","job":null,"mobile":null,"__v":0,"action":"edit"}
[2024-02-18T20:36:23.233] [INFO] info - get params:{"state":"1","pageNum":"1","pageSize":"10","total":"2"}
[2024-02-18T20:36:23.233] [INFO] info - post params:{}
[2024-02-18T20:36:27.299] [INFO] info - get params:{"menuState":"1"}
[2024-02-18T20:36:27.299] [INFO] info - post params:{}
[2024-02-18T20:36:28.246] [INFO] info - get params:{"roleName":"","total":"0","pageNum":"1","pageSize":"10"}
[2024-02-18T20:36:28.247] [INFO] info - post params:{}
[2024-02-18T20:36:28.423] [INFO] info - get params:{}
[2024-02-18T20:36:28.423] [INFO] info - post params:{}
[2024-02-18T20:36:36.878] [INFO] info - get params:{"state":"1","pageNum":"1","pageSize":"10"}
[2024-02-18T20:36:36.878] [INFO] info - post params:{}
[2024-02-18T20:36:37.179] [INFO] info - get params:{}
[2024-02-18T20:36:37.180] [INFO] info - post params:{}
[2024-02-18T20:36:37.181] [INFO] info - get params:{}
[2024-02-18T20:36:37.181] [INFO] info - post params:{}
[2024-02-18T20:36:58.860] [INFO] info - get params:{"deptName":""}
[2024-02-18T20:36:58.860] [INFO] info - post params:{}
[2024-02-18T20:36:58.861] [INFO] info - get params:{}
[2024-02-18T20:36:58.861] [INFO] info - post params:{}
[2024-02-18T20:37:08.807] [INFO] info - get params:{}
[2024-02-18T20:37:08.807] [INFO] info - post params:{"parentId":[null],"deptName":"前端研发部","userId":"10321","userName":"管理员","userEmail":"guanliyuan@imooc.com","action":"create"}
[2024-02-18T20:37:09.125] [INFO] info - get params:{"deptName":""}
[2024-02-18T20:37:09.125] [INFO] info - post params:{}
[2024-02-18T20:37:11.115] [INFO] info - get params:{"state":"1","pageNum":"1","pageSize":"10"}
[2024-02-18T20:37:11.115] [INFO] info - post params:{}
[2024-02-18T20:37:11.418] [INFO] info - get params:{}
[2024-02-18T20:37:11.418] [INFO] info - post params:{}
[2024-02-18T20:37:11.419] [INFO] info - get params:{}
[2024-02-18T20:37:11.419] [INFO] info - post params:{}
[2024-02-18T20:37:16.565] [INFO] info - get params:{}
[2024-02-18T20:37:16.565] [INFO] info - post params:{"state":1,"roleList":["65d0c8d71388403ba81aa295"],"deptId":["65d1f9f4f66eb050ec4e4953"],"role":1,"createTime":"2024-02-17T15:07:41.178Z","lastLoginTime":"2024-02-17T15:07:41.178Z","userId":10320,"userName":"员工1","userEmail":"791919140@imooc.com@imooc.com","job":"前端开发","mobile":"13625463452","__v":0,"action":"edit"}
[2024-02-18T20:37:16.831] [INFO] info - get params:{"state":"1","pageNum":"1","pageSize":"10","total":"2"}
[2024-02-18T20:37:16.831] [INFO] info - post params:{}
[2024-02-18T20:37:26.109] [INFO] info - get params:{"menuState":"1"}
[2024-02-18T20:37:26.109] [INFO] info - post params:{}
[2024-02-18T20:37:26.774] [INFO] info - get params:{"roleName":"","total":"0","pageNum":"1","pageSize":"10"}
[2024-02-18T20:37:26.774] [INFO] info - post params:{}
[2024-02-18T20:37:26.775] [INFO] info - get params:{}
[2024-02-18T20:37:26.775] [INFO] info - post params:{}
[2024-02-18T20:37:33.930] [INFO] info - get params:{"deptName":""}
[2024-02-18T20:37:33.931] [INFO] info - post params:{}
[2024-02-18T20:37:34.241] [INFO] info - get params:{}
[2024-02-18T20:37:34.241] [INFO] info - post params:{}
[2024-02-18T20:37:44.876] [INFO] info - get params:{"applyState":"1","pageNum":"1","pageSize":"10","total":"0"}
[2024-02-18T20:37:44.876] [INFO] info - post params:{}
[2024-02-18T20:37:45.681] [INFO] info - get params:{"applyState":"1","pageNum":"1","pageSize":"10","total":"0","type":"approve"}
[2024-02-18T20:37:45.681] [INFO] info - post params:{}
[2024-02-18T20:37:47.294] [INFO] info - get params:{"applyState":"1","pageNum":"1","pageSize":"10","total":"0"}
[2024-02-18T20:37:47.294] [INFO] info - post params:{}
[2024-02-18T20:38:21.342] [INFO] info - get params:{}
[2024-02-18T20:38:21.343] [INFO] info - post params:{"userName":"员工1","userPwd":"123456"}
[2024-02-18T20:38:21.345] [INFO] info - User.findOne:{
  deptId: [ '65d1f9f4f66eb050ec4e4953' ],
  state: 1,
  role: 1,
  roleList: [ '65d0c8d71388403ba81aa295' ],
  _id: 65d0cc9b848da6578c813a3d,
  userId: 10320,
  userName: '员工1',
  userEmail: '791919140@imooc.com'
}
[2024-02-18T20:38:21.664] [INFO] info - get params:{}
[2024-02-18T20:38:21.664] [INFO] info - post params:{}
[2024-02-18T20:38:21.665] [INFO] info - get params:{}
[2024-02-18T20:38:21.665] [INFO] info - post params:{}
[2024-02-18T20:38:23.072] [INFO] info - get params:{"applyState":"1","pageNum":"1","pageSize":"10","total":"0"}
[2024-02-18T20:38:23.073] [INFO] info - post params:{}
[2024-02-18T20:38:34.312] [INFO] info - get params:{}
[2024-02-18T20:38:34.312] [INFO] info - post params:{"applyType":1,"startTime":"2024-02-18T16:00:00.000Z","endTime":"2024-02-19T16:00:00.000Z","leaveTime":"2天","reasons":"外出","action":"create"}
[2024-02-18T20:38:34.574] [INFO] info - get params:{"applyState":"1","pageNum":"1","pageSize":"10","total":"0"}
[2024-02-18T20:38:34.574] [INFO] info - post params:{}
[2024-02-18T20:38:57.941] [INFO] info - get params:{}
[2024-02-18T20:38:57.941] [INFO] info - post params:{"applyType":1,"startTime":"2024-02-26T16:00:00.000Z","endTime":"2024-02-28T16:00:00.000Z","leaveTime":"3天","reasons":"家里有事","action":"create"}
[2024-02-18T20:38:58.275] [INFO] info - get params:{"applyState":"1","pageNum":"1","pageSize":"10","total":"1"}
[2024-02-18T20:38:58.275] [INFO] info - post params:{}
[2024-02-18T20:39:04.477] [INFO] info - get params:{}
[2024-02-18T20:39:04.477] [INFO] info - post params:{"userName":"管理员","userPwd":"123456"}
[2024-02-18T20:39:04.479] [INFO] info - User.findOne:{
  deptId: [ '65d1f9a4f66eb050ec4e493c' ],
  state: 1,
  role: 1,
  roleList: [ '65d0c8b51388403ba81aa28e' ],
  _id: 65d0d056848da6578c813ae5,
  userId: 10321,
  userName: '管理员',
  userEmail: 'guanliyuan@imooc.com'
}
[2024-02-18T20:39:04.804] [INFO] info - get params:{}
[2024-02-18T20:39:04.804] [INFO] info - post params:{}
[2024-02-18T20:39:04.805] [INFO] info - get params:{}
[2024-02-18T20:39:04.805] [INFO] info - post params:{}
[2024-02-18T20:39:06.185] [INFO] info - get params:{"applyState":"1","pageNum":"1","pageSize":"10","total":"0"}
[2024-02-18T20:39:06.186] [INFO] info - post params:{}
[2024-02-18T20:39:07.059] [INFO] info - get params:{"applyState":"1","pageNum":"1","pageSize":"10","total":"0","type":"approve"}
[2024-02-18T20:39:07.059] [INFO] info - post params:{}
[2024-02-18T20:40:45.521] [INFO] info - get params:{}
[2024-02-18T20:40:45.521] [INFO] info - post params:{"userName":"管理员","userPwd":"123456"}
[2024-02-18T20:40:45.523] [INFO] info - User.findOne:{
  deptId: [ '65d1f9a4f66eb050ec4e493c' ],
  state: 1,
  role: 1,
  roleList: [ '65d0c8b51388403ba81aa28e' ],
  _id: 65d0d056848da6578c813ae5,
  userId: 10321,
  userName: '管理员',
  userEmail: 'guanliyuan@imooc.com'
}
[2024-02-18T20:40:45.789] [INFO] info - get params:{}
[2024-02-18T20:40:45.789] [INFO] info - post params:{}
[2024-02-18T20:40:45.853] [INFO] info - get params:{}
[2024-02-18T20:40:45.853] [INFO] info - post params:{}
[2024-02-18T20:40:48.059] [INFO] info - get params:{"state":"1","pageNum":"1","pageSize":"10"}
[2024-02-18T20:40:48.059] [INFO] info - post params:{}
[2024-02-18T20:40:48.371] [INFO] info - get params:{}
[2024-02-18T20:40:48.371] [INFO] info - post params:{}
[2024-02-18T20:40:48.372] [INFO] info - get params:{}
[2024-02-18T20:40:48.372] [INFO] info - post params:{}
[2024-02-18T20:41:27.173] [INFO] info - get params:{}
[2024-02-18T20:41:27.174] [INFO] info - post params:{"state":1,"roleList":[],"userName":"财务主管","userEmail":"79191923423@imooc.com","mobile":"13633456542","deptId":["65d1f9adf66eb050ec4e493f"],"action":"add"}
[2024-02-18T20:41:27.177] [INFO] info - User.sequence_value:{ _id: 'userId', sequence_value: 10322 }
[2024-02-18T20:41:27.441] [INFO] info - get params:{"state":"1","pageNum":"1","pageSize":"10","total":"2"}
[2024-02-18T20:41:27.441] [INFO] info - post params:{}
[2024-02-18T20:41:42.179] [INFO] info - get params:{}
[2024-02-18T20:41:42.180] [INFO] info - post params:{"state":1,"roleList":["65d0c8b51388403ba81aa28e"],"userName":"财务主管","userEmail":"79191923423@imooc.com@imooc.com","mobile":"13633456542","deptId":["65d1f9adf66eb050ec4e493f"],"action":"edit","role":1,"createTime":"2024-02-18T12:30:57.187Z","lastLoginTime":"2024-02-18T12:30:57.187Z","userId":10322,"__v":0}
[2024-02-18T20:41:42.502] [INFO] info - get params:{"state":"1","pageNum":"1","pageSize":"10","total":"3"}
[2024-02-18T20:41:42.502] [INFO] info - post params:{}
[2024-02-18T20:42:09.209] [INFO] info - get params:{}
[2024-02-18T20:42:09.209] [INFO] info - post params:{"state":1,"roleList":["65d0c8b51388403ba81aa28e"],"userName":"人事主管","userEmail":"791919148@imooc.com","mobile":"13563452343","deptId":["65d1f9a4f66eb050ec4e493c"],"action":"add","role":1,"createTime":"2024-02-18T12:30:57.187Z","lastLoginTime":"2024-02-18T12:30:57.187Z","userId":10322,"__v":0}
[2024-02-18T20:42:09.212] [INFO] info - User.sequence_value:{ _id: 'userId', sequence_value: 10323 }
[2024-02-18T20:42:09.540] [INFO] info - get params:{"state":"1","pageNum":"1","pageSize":"10","total":"3"}
[2024-02-18T20:42:09.540] [INFO] info - post params:{}
[2024-02-18T20:42:11.756] [INFO] info - get params:{"deptName":""}
[2024-02-18T20:42:11.756] [INFO] info - post params:{}
[2024-02-18T20:42:12.061] [INFO] info - get params:{}
[2024-02-18T20:42:12.061] [INFO] info - post params:{}
[2024-02-18T20:42:24.873] [INFO] info - get params:{}
[2024-02-18T20:42:24.873] [INFO] info - post params:{"parentId":[null],"updateTime":"2024-02-18T12:30:57.205Z","createTime":"2024-02-18T12:30:57.205Z","_id":"65d1f9a4f66eb050ec4e493c","deptName":"人事部门","userId":"10323","userName":"人事主管","userEmail":"791919148@imooc.com","__v":0,"action":"edit"}
[2024-02-18T20:42:25.138] [INFO] info - get params:{"deptName":""}
[2024-02-18T20:42:25.138] [INFO] info - post params:{}
[2024-02-18T20:42:29.948] [INFO] info - get params:{}
[2024-02-18T20:42:29.948] [INFO] info - post params:{"parentId":[null],"updateTime":"2024-02-18T12:30:57.205Z","createTime":"2024-02-18T12:30:57.205Z","_id":"65d1f9adf66eb050ec4e493f","deptName":"财务部门","userId":"10322","userName":"财务主管","userEmail":"79191923423@imooc.com","__v":0,"action":"edit"}
[2024-02-18T20:42:30.278] [INFO] info - get params:{"deptName":""}
[2024-02-18T20:42:30.278] [INFO] info - post params:{}
[2024-02-18T20:42:38.117] [INFO] info - get params:{"state":"1","pageNum":"1","pageSize":"10"}
[2024-02-18T20:42:38.117] [INFO] info - post params:{}
[2024-02-18T20:42:38.431] [INFO] info - get params:{}
[2024-02-18T20:42:38.431] [INFO] info - post params:{}
[2024-02-18T20:42:38.432] [INFO] info - get params:{}
[2024-02-18T20:42:38.432] [INFO] info - post params:{}
[2024-02-18T20:43:07.544] [INFO] info - get params:{}
[2024-02-18T20:43:07.544] [INFO] info - post params:{"state":1,"roleList":["65d0c8b51388403ba81aa28e"],"userName":"前端研发主管","userEmail":"79191919140@imooc.com","mobile":"13645345456","deptId":["65d1f9f4f66eb050ec4e4953"],"action":"add"}
[2024-02-18T20:43:07.548] [INFO] info - User.sequence_value:{ _id: 'userId', sequence_value: 10324 }
[2024-02-18T20:43:07.811] [INFO] info - get params:{"state":"1","pageNum":"1","pageSize":"10","total":"4"}
[2024-02-18T20:43:07.812] [INFO] info - post params:{}
[2024-02-18T20:43:18.136] [INFO] info - get params:{"roleName":"","total":"0","pageNum":"1","pageSize":"10"}
[2024-02-18T20:43:18.137] [INFO] info - post params:{}
[2024-02-18T20:43:18.444] [INFO] info - get params:{}
[2024-02-18T20:43:18.445] [INFO] info - post params:{}
[2024-02-18T20:43:22.029] [INFO] info - get params:{"deptName":""}
[2024-02-18T20:43:22.029] [INFO] info - post params:{}
[2024-02-18T20:43:22.030] [INFO] info - get params:{}
[2024-02-18T20:43:22.030] [INFO] info - post params:{}
[2024-02-18T20:43:31.398] [INFO] info - get params:{}
[2024-02-18T20:43:31.398] [INFO] info - post params:{"parentId":[null],"updateTime":"2024-02-18T12:30:57.205Z","createTime":"2024-02-18T12:30:57.205Z","_id":"65d1f9f4f66eb050ec4e4953","deptName":"前端研发部","userId":"10324","userName":"前端研发主管","userEmail":"79191919140@imooc.com","__v":0,"action":"edit"}
[2024-02-18T20:43:31.720] [INFO] info - get params:{"deptName":""}
[2024-02-18T20:43:31.720] [INFO] info - post params:{}
[2024-02-18T20:43:36.975] [INFO] info - get params:{"roleName":"","total":"0","pageNum":"1","pageSize":"10"}
[2024-02-18T20:43:36.975] [INFO] info - post params:{}
[2024-02-18T20:43:37.285] [INFO] info - get params:{}
[2024-02-18T20:43:37.285] [INFO] info - post params:{}
[2024-02-18T20:43:44.436] [INFO] info - get params:{"menuState":"1"}
[2024-02-18T20:43:44.437] [INFO] info - post params:{}
[2024-02-18T20:43:44.964] [INFO] info - get params:{"state":"1","pageNum":"1","pageSize":"10"}
[2024-02-18T20:43:44.964] [INFO] info - post params:{}
[2024-02-18T20:43:45.271] [INFO] info - get params:{}
[2024-02-18T20:43:45.271] [INFO] info - post params:{}
[2024-02-18T20:43:45.272] [INFO] info - get params:{}
[2024-02-18T20:43:45.272] [INFO] info - post params:{}
[2024-02-18T20:43:45.906] [INFO] info - get params:{"deptName":""}
[2024-02-18T20:43:45.907] [INFO] info - post params:{}
[2024-02-18T20:43:45.908] [INFO] info - get params:{}
[2024-02-18T20:43:45.908] [INFO] info - post params:{}
[2024-02-18T20:43:52.613] [INFO] info - get params:{}
[2024-02-18T20:43:52.614] [INFO] info - post params:{"userName":"员工1","userPwd":"123456"}
[2024-02-18T20:43:52.616] [INFO] info - User.findOne:{
  deptId: [ '65d1f9f4f66eb050ec4e4953' ],
  state: 1,
  role: 1,
  roleList: [ '65d0c8d71388403ba81aa295' ],
  _id: 65d0cc9b848da6578c813a3d,
  userId: 10320,
  userName: '员工1',
  userEmail: '791919140@imooc.com'
}
[2024-02-18T20:43:52.940] [INFO] info - get params:{}
[2024-02-18T20:43:52.940] [INFO] info - post params:{}
[2024-02-18T20:43:52.941] [INFO] info - get params:{}
[2024-02-18T20:43:52.941] [INFO] info - post params:{}
[2024-02-18T20:43:54.401] [INFO] info - get params:{"applyState":"1","pageNum":"1","pageSize":"10","total":"0"}
[2024-02-18T20:43:54.401] [INFO] info - post params:{}
[2024-02-18T20:43:56.608] [INFO] info - get params:{}
[2024-02-18T20:43:56.608] [INFO] info - post params:{"_id":"65d1fa4af66eb050ec4e4972","action":"delete"}
[2024-02-18T20:43:56.873] [INFO] info - get params:{"applyState":"1","pageNum":"1","pageSize":"10","total":"2"}
[2024-02-18T20:43:56.873] [INFO] info - post params:{}
[2024-02-18T20:43:57.770] [INFO] info - get params:{}
[2024-02-18T20:43:57.770] [INFO] info - post params:{"_id":"65d1fa61f66eb050ec4e497c","action":"delete"}
[2024-02-18T20:43:58.090] [INFO] info - get params:{"applyState":"1","pageNum":"1","pageSize":"10","total":"1"}
[2024-02-18T20:43:58.090] [INFO] info - post params:{}
[2024-02-18T20:44:15.542] [INFO] info - get params:{}
[2024-02-18T20:44:15.542] [INFO] info - post params:{"applyType":1,"startTime":"2024-02-20T16:00:00.000Z","endTime":"2024-02-23T16:00:00.000Z","leaveTime":"4天","reasons":"家里有事","action":"create"}
[2024-02-18T20:44:15.877] [INFO] info - get params:{"applyState":"1","pageNum":"1","pageSize":"10","total":"0"}
[2024-02-18T20:44:15.878] [INFO] info - post params:{}
[2024-02-18T20:44:32.178] [INFO] info - get params:{}
[2024-02-18T20:44:32.178] [INFO] info - post params:{"userName":"管理员","userPwd":"123456"}
[2024-02-18T20:44:32.180] [INFO] info - User.findOne:{
  deptId: [ '65d1f9a4f66eb050ec4e493c' ],
  state: 1,
  role: 1,
  roleList: [ '65d0c8b51388403ba81aa28e' ],
  _id: 65d0d056848da6578c813ae5,
  userId: 10321,
  userName: '管理员',
  userEmail: 'guanliyuan@imooc.com'
}
[2024-02-18T20:44:32.506] [INFO] info - get params:{}
[2024-02-18T20:44:32.506] [INFO] info - post params:{}
[2024-02-18T20:44:32.507] [INFO] info - get params:{}
[2024-02-18T20:44:32.507] [INFO] info - post params:{}
[2024-02-18T20:44:33.850] [INFO] info - get params:{"applyState":"1","pageNum":"1","pageSize":"10","total":"0"}
[2024-02-18T20:44:33.850] [INFO] info - post params:{}
[2024-02-18T20:44:34.759] [INFO] info - get params:{"applyState":"1","pageNum":"1","pageSize":"10","total":"0","type":"approve"}
[2024-02-18T20:44:34.759] [INFO] info - post params:{}
[2024-02-18T20:44:41.661] [INFO] info - get params:{"state":"1","pageNum":"1","pageSize":"10"}
[2024-02-18T20:44:41.661] [INFO] info - post params:{}
[2024-02-18T20:44:41.967] [INFO] info - get params:{}
[2024-02-18T20:44:41.968] [INFO] info - post params:{}
[2024-02-18T20:44:41.969] [INFO] info - get params:{}
[2024-02-18T20:44:41.969] [INFO] info - post params:{}
[2024-02-18T20:44:53.077] [INFO] info - get params:{}
[2024-02-18T20:44:53.077] [INFO] info - post params:{"userName":"前端研发主管","userPwd":"admin"}
[2024-02-18T20:44:53.078] [INFO] info - User.findOne:null
[2024-02-18T20:44:53.078] [INFO] info - get params:21232f297a57a5a743894a0e4a801fc3
[2024-02-18T20:44:56.591] [INFO] info - get params:{}
[2024-02-18T20:44:56.591] [INFO] info - post params:{"userName":"前端研发主管","userPwd":"123456"}
[2024-02-18T20:44:56.593] [INFO] info - User.findOne:{
  deptId: [ '65d1f9f4f66eb050ec4e4953' ],
  state: 1,
  role: 1,
  roleList: [ '65d0c8b51388403ba81aa28e' ],
  _id: 65d1fb5bf66eb050ec4e49ae,
  userId: 10324,
  userName: '前端研发主管',
  userEmail: '79191919140@imooc.com'
}
[2024-02-18T20:44:56.917] [INFO] info - get params:{}
[2024-02-18T20:44:56.917] [INFO] info - post params:{}
[2024-02-18T20:44:56.918] [INFO] info - get params:{}
[2024-02-18T20:44:56.919] [INFO] info - post params:{}
[2024-02-18T20:44:59.435] [INFO] info - get params:{"applyState":"1","pageNum":"1","pageSize":"10","total":"0","type":"approve"}
[2024-02-18T20:44:59.435] [INFO] info - post params:{}
[2024-02-18T20:45:26.998] [INFO] info - get params:{}
[2024-02-18T20:45:26.998] [INFO] info - post params:{"action":"pass","remark":"通过","_id":"65d1fb9ff66eb050ec4e49d2"}
[2024-02-18T20:45:27.263] [INFO] info - get params:{"applyState":"1","pageNum":"1","pageSize":"10","total":"1","type":"approve"}
[2024-02-18T20:45:27.263] [INFO] info - post params:{}
[2024-02-18T20:45:30.229] [INFO] info - get params:{"applyState":"","pageNum":"1","pageSize":"10","total":"0","type":"approve"}
[2024-02-18T20:45:30.230] [INFO] info - post params:{}
[2024-02-18T20:45:38.021] [INFO] info - get params:{}
[2024-02-18T20:45:38.022] [INFO] info - post params:{"userName":"员工1","userPwd":"123456"}
[2024-02-18T20:45:38.023] [INFO] info - User.findOne:{
  deptId: [ '65d1f9f4f66eb050ec4e4953' ],
  state: 1,
  role: 1,
  roleList: [ '65d0c8d71388403ba81aa295' ],
  _id: 65d0cc9b848da6578c813a3d,
  userId: 10320,
  userName: '员工1',
  userEmail: '791919140@imooc.com'
}
[2024-02-18T20:45:38.272] [INFO] info - get params:{}
[2024-02-18T20:45:38.272] [INFO] info - post params:{}
[2024-02-18T20:45:38.351] [INFO] info - get params:{}
[2024-02-18T20:45:38.352] [INFO] info - post params:{}
[2024-02-18T20:45:39.788] [INFO] info - get params:{"applyState":"1","pageNum":"1","pageSize":"10","total":"0"}
[2024-02-18T20:45:39.788] [INFO] info - post params:{}
[2024-02-18T20:45:42.827] [INFO] info - get params:{"applyState":"","pageNum":"1","pageSize":"10","total":"0"}
[2024-02-18T20:45:42.827] [INFO] info - post params:{}
[2024-02-18T20:53:05.459] [INFO] info - get params:{}
[2024-02-18T20:53:05.459] [INFO] info - post params:{"userName":"管理员","userPwd":"123456"}
[2024-02-18T20:53:05.461] [INFO] info - User.findOne:{
  deptId: [ '65d1f9a4f66eb050ec4e493c' ],
  state: 1,
  role: 1,
  roleList: [ '65d0c8b51388403ba81aa28e' ],
  _id: 65d0d056848da6578c813ae5,
  userId: 10321,
  userName: '管理员',
  userEmail: 'guanliyuan@imooc.com'
}
[2024-02-18T20:53:05.723] [INFO] info - get params:{}
[2024-02-18T20:53:05.723] [INFO] info - post params:{}
[2024-02-18T20:53:05.786] [INFO] info - get params:{}
[2024-02-18T20:53:05.786] [INFO] info - post params:{}
[2024-02-18T20:54:22.841] [INFO] info - get params:{"state":"1","pageNum":"1","pageSize":"10"}
[2024-02-18T20:54:22.841] [INFO] info - post params:{}
[2024-02-18T20:54:22.842] [INFO] info - get params:{}
[2024-02-18T20:54:22.842] [INFO] info - post params:{}
[2024-02-18T20:54:22.843] [INFO] info - get params:{}
[2024-02-18T20:54:22.843] [INFO] info - post params:{}
[2024-02-18T20:55:48.271] [INFO] info - get params:{"menuState":"1"}
[2024-02-18T20:55:48.271] [INFO] info - post params:{}
[2024-02-18T20:55:48.630] [INFO] info - get params:{"roleName":"","total":"0","pageNum":"1","pageSize":"10"}
[2024-02-18T20:55:48.630] [INFO] info - post params:{}
[2024-02-18T20:55:48.940] [INFO] info - get params:{}
[2024-02-18T20:55:48.940] [INFO] info - post params:{}
[2024-02-18T20:55:49.980] [INFO] info - get params:{"state":"1","pageNum":"1","pageSize":"10"}
[2024-02-18T20:55:49.980] [INFO] info - post params:{}
[2024-02-18T20:55:49.981] [INFO] info - get params:{}
[2024-02-18T20:55:49.981] [INFO] info - post params:{}
[2024-02-18T20:55:49.982] [INFO] info - get params:{}
[2024-02-18T20:55:49.982] [INFO] info - post params:{}
[2024-02-18T21:00:09.189] [INFO] info - get params:{"applyState":"1","pageNum":"1","pageSize":"10","total":"0"}
[2024-02-18T21:00:09.189] [INFO] info - post params:{}
[2024-02-18T21:00:17.532] [INFO] info - get params:{}
[2024-02-18T21:00:17.532] [INFO] info - post params:{"applyType":1,"startTime":"2024-02-19T16:00:00.000Z","endTime":"2024-02-21T16:00:00.000Z","leaveTime":"3天","reasons":"222","action":"create"}
[2024-02-18T21:00:17.867] [INFO] info - get params:{"applyState":"1","pageNum":"1","pageSize":"10","total":"0"}
[2024-02-18T21:00:17.867] [INFO] info - post params:{}
[2024-02-18T21:01:26.815] [INFO] info - get params:{"state":"1","pageNum":"1","pageSize":"10"}
[2024-02-18T21:01:26.815] [INFO] info - post params:{}
[2024-02-18T21:01:26.816] [INFO] info - get params:{}
[2024-02-18T21:01:26.816] [INFO] info - post params:{}
[2024-02-18T21:01:26.817] [INFO] info - get params:{}
[2024-02-18T21:01:26.817] [INFO] info - post params:{}
[2024-02-18T21:01:27.344] [INFO] info - get params:{"menuState":"1"}
[2024-02-18T21:01:27.344] [INFO] info - post params:{}
[2024-02-18T21:01:29.353] [INFO] info - get params:{"state":"1","pageNum":"1","pageSize":"10"}
[2024-02-18T21:01:29.353] [INFO] info - post params:{}
[2024-02-18T21:01:29.354] [INFO] info - get params:{}
[2024-02-18T21:01:29.354] [INFO] info - post params:{}
[2024-02-18T21:01:29.356] [INFO] info - get params:{}
[2024-02-18T21:01:29.356] [INFO] info - post params:{}
[2024-02-18T21:01:29.613] [INFO] info - get params:{"roleName":"","total":"0","pageNum":"1","pageSize":"10"}
[2024-02-18T21:01:29.613] [INFO] info - post params:{}
[2024-02-18T21:01:29.851] [INFO] info - get params:{}
[2024-02-18T21:01:29.851] [INFO] info - post params:{}
[2024-02-18T21:01:30.714] [INFO] info - get params:{"deptName":""}
[2024-02-18T21:01:30.714] [INFO] info - post params:{}
[2024-02-18T21:01:31.025] [INFO] info - get params:{}
[2024-02-18T21:01:31.026] [INFO] info - post params:{}
[2024-02-18T21:06:04.212] [INFO] info - get params:{"state":"1","pageNum":"1","pageSize":"10"}
[2024-02-18T21:06:04.212] [INFO] info - post params:{}
[2024-02-18T21:06:04.212] [INFO] info - get params:{}
[2024-02-18T21:06:04.213] [INFO] info - post params:{}
[2024-02-18T21:06:04.213] [INFO] info - get params:{}
[2024-02-18T21:06:04.214] [INFO] info - post params:{}
[2024-02-18T21:32:51.193] [INFO] info - get params:{"roleName":"","total":"0","pageNum":"1","pageSize":"10"}
[2024-02-18T21:32:51.193] [INFO] info - post params:{}
[2024-02-18T21:32:51.194] [INFO] info - get params:{}
[2024-02-18T21:32:51.194] [INFO] info - post params:{}
[2024-02-18T21:32:53.274] [INFO] info - get params:{"state":"1","pageNum":"1","pageSize":"10"}
[2024-02-18T21:32:53.274] [INFO] info - post params:{}
[2024-02-18T21:32:53.577] [INFO] info - get params:{}
[2024-02-18T21:32:53.577] [INFO] info - post params:{}
[2024-02-18T21:32:53.578] [INFO] info - get params:{}
[2024-02-18T21:32:53.578] [INFO] info - post params:{}
[2024-02-18T21:38:45.468] [INFO] info - get params:{}
[2024-02-18T21:38:45.468] [INFO] info - post params:{"state":1,"roleList":["65d0c8b51388403ba81aa28e"],"deptId":["65d1f9f4f66eb050ec4e4953"],"role":1,"createTime":"2024-02-18T12:30:57.187Z","lastLoginTime":"2024-02-18T12:30:57.187Z","userId":10324,"userName":"前端研发主管1","userEmail":"79191919140@imooc.com@imooc.com","job":"前端开发","mobile":"","__v":0,"action":"add"}
[2024-02-18T21:38:45.472] [INFO] info - User.sequence_value:{ _id: 'userId', sequence_value: 10325 }
[2024-02-18T21:38:45.724] [INFO] info - get params:{"state":"1","pageNum":"1","pageSize":"10","total":"5"}
[2024-02-18T21:38:45.724] [INFO] info - post params:{}
[2024-02-18T21:38:47.965] [INFO] info - get params:{}
[2024-02-18T21:38:47.965] [INFO] info - post params:{"userIds":[10325]}
[2024-02-18T21:38:48.288] [INFO] info - get params:{"state":"1","pageNum":"1","pageSize":"10","total":"6"}
[2024-02-18T21:38:48.288] [INFO] info - post params:{}
[2024-02-18T22:47:45.680] [INFO] info - get params:{}
[2024-02-18T22:47:45.681] [INFO] info - post params:{}
[2024-02-19T15:45:40.542] [INFO] info - **数据库连接成功**
[2024-02-19T15:45:54.852] [INFO] info - get params:{}
[2024-02-19T15:45:54.852] [INFO] info - post params:{}
[2024-02-19T15:45:54.934] [INFO] info - get params:{}
[2024-02-19T15:45:54.934] [INFO] info - post params:{}
[2024-02-19T15:45:54.937] [INFO] info - get params:{}
[2024-02-19T15:45:54.937] [INFO] info - post params:{}
[2024-02-19T15:45:58.854] [INFO] info - get params:{}
[2024-02-19T15:45:58.854] [INFO] info - post params:{"userName":"管理员","userPwd":"123456"}
[2024-02-19T15:45:58.870] [INFO] info - User.findOne:{
  deptId: [ '65d1f9a4f66eb050ec4e493c' ],
  state: 1,
  role: 1,
  roleList: [ '65d0c8b51388403ba81aa28e' ],
  _id: 65d0d056848da6578c813ae5,
  userId: 10321,
  userName: '管理员',
  userEmail: 'guanliyuan@imooc.com'
}
[2024-02-19T15:45:58.886] [INFO] info - get params:{}
[2024-02-19T15:45:58.887] [INFO] info - post params:{}
[2024-02-19T15:45:58.890] [INFO] info - get params:{}
[2024-02-19T15:45:58.891] [INFO] info - post params:{}
[2024-02-19T15:46:02.867] [INFO] info - get params:{}
[2024-02-19T15:46:02.867] [INFO] info - post params:{}
[2024-02-19T15:46:02.869] [INFO] info - get params:{}
[2024-02-19T15:46:02.869] [INFO] info - post params:{}
[2024-02-19T15:46:04.475] [INFO] info - get params:{}
[2024-02-19T15:46:04.475] [INFO] info - post params:{}
[2024-02-19T15:46:04.707] [INFO] info - get params:{}
[2024-02-19T15:46:04.708] [INFO] info - post params:{}
[2024-02-19T15:46:04.710] [INFO] info - get params:{}
[2024-02-19T15:46:04.710] [INFO] info - post params:{}
[2024-02-19T15:46:06.686] [INFO] info - get params:{"state":"1","pageNum":"1","pageSize":"10"}
[2024-02-19T15:46:06.687] [INFO] info - post params:{}
[2024-02-19T15:46:06.689] [INFO] info - get params:{}
[2024-02-19T15:46:06.689] [INFO] info - post params:{}
[2024-02-19T15:46:06.691] [INFO] info - get params:{}
[2024-02-19T15:46:06.691] [INFO] info - post params:{}
[2024-02-19T15:46:07.238] [INFO] info - get params:{"roleName":"","total":"0","pageNum":"1","pageSize":"10"}
[2024-02-19T15:46:07.238] [INFO] info - post params:{}
[2024-02-19T15:46:07.543] [INFO] info - get params:{}
[2024-02-19T15:46:07.543] [INFO] info - post params:{}
[2024-02-19T15:46:22.026] [INFO] info - get params:{"menuState":"1"}
[2024-02-19T15:46:22.026] [INFO] info - post params:{}
[2024-02-19T16:13:00.082] [INFO] info - get params:{}
[2024-02-19T16:13:00.082] [INFO] info - post params:{}
[2024-02-19T16:13:00.083] [INFO] info - get params:{"state":"1","pageNum":"1","pageSize":"10"}
[2024-02-19T16:13:00.083] [INFO] info - post params:{}
[2024-02-19T16:13:00.084] [INFO] info - get params:{}
[2024-02-19T16:13:00.084] [INFO] info - post params:{}
[2024-02-19T16:13:04.604] [INFO] info - get params:{"menuState":"1"}
[2024-02-19T16:13:04.604] [INFO] info - post params:{}
[2024-02-19T16:14:55.132] [INFO] info - get params:{"state":"1","pageNum":"1","pageSize":"10"}
[2024-02-19T16:14:55.132] [INFO] info - post params:{}
[2024-02-19T16:14:55.133] [INFO] info - get params:{}
[2024-02-19T16:14:55.133] [INFO] info - post params:{}
[2024-02-19T16:14:55.135] [INFO] info - get params:{}
[2024-02-19T16:14:55.135] [INFO] info - post params:{}
[2024-02-19T16:15:16.597] [INFO] info - get params:{"menuState":"1"}
[2024-02-19T16:15:16.598] [INFO] info - post params:{}
[2024-02-19T16:15:21.043] [INFO] info - get params:{"roleName":"","total":"0","pageNum":"1","pageSize":"10"}
[2024-02-19T16:15:21.043] [INFO] info - post params:{}
[2024-02-19T16:15:21.044] [INFO] info - get params:{}
[2024-02-19T16:15:21.044] [INFO] info - post params:{}
[2024-02-19T16:15:31.295] [INFO] info - get params:{}
[2024-02-19T16:15:31.295] [INFO] info - post params:{"_id":"65d0c8b51388403ba81aa28e","permissionList":{"checkedKeys":["65d0cee3848da6578c813a91","65d0ceec848da6578c813a94","65d0cef3848da6578c813a97","65d0ceff848da6578c813a9a","65d0cf07848da6578c813a9d","65d0cf1e848da6578c813aa0","65d0cf23848da6578c813aa3","65d0cf2d848da6578c813aa6","65d0cf34848da6578c813aa9","65d0cf3b848da6578c813aac","65d0cf46848da6578c813aaf","65d0cf4f848da6578c813ab2","65d0cf5c848da6578c813ab5","65d0cf64848da6578c813ab8","65d0cf6e848da6578c813abb","65d0cf74848da6578c813abe","65d0cf9c848da6578c813aca","65d0cfa4848da6578c813acd","65d0cfa9848da6578c813ad0"],"halfCheckedKeys":["65d0ceb7848da6578c813a85","65d0cec1848da6578c813a88","65d0cec8848da6578c813a8b","65d0cf83848da6578c813ac1","65d0cf8d848da6578c813ac4","65d0cf94848da6578c813ac7","65d0ce8a848da6578c813a7f","65d0cea9848da6578c813a82"]}}
[2024-02-19T16:15:31.631] [INFO] info - get params:{"roleName":"","total":"2","pageNum":"1","pageSize":"10"}
[2024-02-19T16:15:31.631] [INFO] info - post params:{}
[2024-02-19T16:15:32.800] [INFO] info - get params:{"state":"1","pageNum":"1","pageSize":"10"}
[2024-02-19T16:15:32.800] [INFO] info - post params:{}
[2024-02-19T16:15:33.106] [INFO] info - get params:{}
[2024-02-19T16:15:33.106] [INFO] info - post params:{}
[2024-02-19T16:15:33.107] [INFO] info - get params:{}
[2024-02-19T16:15:33.107] [INFO] info - post params:{}
[2024-02-19T16:15:43.791] [INFO] info - get params:{}
[2024-02-19T16:15:43.791] [INFO] info - post params:{"state":3,"roleList":[],"userName":"1","userEmail":"2312321321@imooc.com","deptId":["65d1f9a4f66eb050ec4e493c"],"action":"add"}
[2024-02-19T16:15:43.795] [INFO] info - User.sequence_value:{ _id: 'userId', sequence_value: 10326 }
[2024-02-19T16:15:44.053] [INFO] info - get params:{"state":"1","pageNum":"1","pageSize":"10","total":"5"}
[2024-02-19T16:15:44.053] [INFO] info - post params:{}
[2024-02-19T16:15:48.638] [INFO] info - get params:{"state":"1","pageNum":"1","pageSize":"10","total":"5"}
[2024-02-19T16:15:48.638] [INFO] info - post params:{}
[2024-02-19T16:15:50.434] [INFO] info - get params:{}
[2024-02-19T16:15:50.435] [INFO] info - post params:{}
[2024-02-19T16:15:50.503] [INFO] info - get params:{"state":"1","pageNum":"1","pageSize":"10"}
[2024-02-19T16:15:50.504] [INFO] info - post params:{}
[2024-02-19T16:15:50.505] [INFO] info - get params:{}
[2024-02-19T16:15:50.505] [INFO] info - post params:{}
[2024-02-19T16:15:50.553] [INFO] info - get params:{}
[2024-02-19T16:15:50.553] [INFO] info - post params:{}
[2024-02-19T16:15:50.554] [INFO] info - get params:{}
[2024-02-19T16:15:50.554] [INFO] info - post params:{}
[2024-02-19T16:15:50.555] [INFO] info - get params:{}
[2024-02-19T16:15:50.556] [INFO] info - post params:{}
[2024-02-19T16:15:53.180] [INFO] info - get params:{"roleName":"","total":"0","pageNum":"1","pageSize":"10"}
[2024-02-19T16:15:53.180] [INFO] info - post params:{}
[2024-02-19T16:15:53.181] [INFO] info - get params:{}
[2024-02-19T16:15:53.182] [INFO] info - post params:{}
[2024-02-19T16:15:54.315] [INFO] info - get params:{"menuState":"1"}
[2024-02-19T16:15:54.316] [INFO] info - post params:{}
[2024-02-19T16:15:55.754] [INFO] info - get params:{"roleName":"","total":"0","pageNum":"1","pageSize":"10"}
[2024-02-19T16:15:55.754] [INFO] info - post params:{}
[2024-02-19T16:15:55.755] [INFO] info - get params:{}
[2024-02-19T16:15:55.755] [INFO] info - post params:{}
[2024-02-19T16:16:00.281] [INFO] info - get params:{}
[2024-02-19T16:16:00.281] [INFO] info - post params:{"_id":"65d0c8b51388403ba81aa28e","permissionList":{"checkedKeys":["65d0cedb848da6578c813a8e","65d0cee3848da6578c813a91","65d0ceec848da6578c813a94","65d0cef3848da6578c813a97","65d0ceff848da6578c813a9a","65d0cf07848da6578c813a9d","65d0cf1e848da6578c813aa0","65d0cf23848da6578c813aa3","65d0cf2d848da6578c813aa6","65d0cf34848da6578c813aa9","65d0cf3b848da6578c813aac","65d0cf46848da6578c813aaf","65d0cf4f848da6578c813ab2","65d0cf5c848da6578c813ab5","65d0cf64848da6578c813ab8","65d0cf6e848da6578c813abb","65d0cf74848da6578c813abe","65d0cf9c848da6578c813aca","65d0cfa4848da6578c813acd","65d0cfa9848da6578c813ad0"],"halfCheckedKeys":["65d0ce8a848da6578c813a7f","65d0cea9848da6578c813a82","65d0ceb7848da6578c813a85","65d0cec1848da6578c813a88","65d0cec8848da6578c813a8b","65d0cf83848da6578c813ac1","65d0cf8d848da6578c813ac4","65d0cf94848da6578c813ac7"]}}
[2024-02-19T16:16:00.602] [INFO] info - get params:{"roleName":"","total":"2","pageNum":"1","pageSize":"10"}
[2024-02-19T16:16:00.602] [INFO] info - post params:{}
[2024-02-19T16:16:01.592] [INFO] info - get params:{"state":"1","pageNum":"1","pageSize":"10"}
[2024-02-19T16:16:01.592] [INFO] info - post params:{}
[2024-02-19T16:16:01.897] [INFO] info - get params:{}
[2024-02-19T16:16:01.897] [INFO] info - post params:{}
[2024-02-19T16:16:01.899] [INFO] info - get params:{}
[2024-02-19T16:16:01.899] [INFO] info - post params:{}
[2024-02-19T16:16:04.408] [INFO] info - get params:{"roleName":"","total":"0","pageNum":"1","pageSize":"10"}
[2024-02-19T16:16:04.408] [INFO] info - post params:{}
[2024-02-19T16:16:04.409] [INFO] info - get params:{}
[2024-02-19T16:16:04.409] [INFO] info - post params:{}
[2024-02-19T16:16:14.127] [INFO] info - get params:{}
[2024-02-19T16:16:14.127] [INFO] info - post params:{"_id":"65d0c8b51388403ba81aa28e","permissionList":{"checkedKeys":["65d0cee3848da6578c813a91","65d0ceec848da6578c813a94","65d0cef3848da6578c813a97","65d0ceff848da6578c813a9a","65d0cf07848da6578c813a9d","65d0cf1e848da6578c813aa0","65d0cf23848da6578c813aa3","65d0cf2d848da6578c813aa6","65d0cf34848da6578c813aa9","65d0cf3b848da6578c813aac","65d0cf46848da6578c813aaf","65d0cf4f848da6578c813ab2","65d0cf5c848da6578c813ab5","65d0cf64848da6578c813ab8","65d0cf6e848da6578c813abb","65d0cf74848da6578c813abe","65d0cf9c848da6578c813aca","65d0cfa4848da6578c813acd","65d0cfa9848da6578c813ad0"],"halfCheckedKeys":["65d0ceb7848da6578c813a85","65d0cec1848da6578c813a88","65d0cec8848da6578c813a8b","65d0cf83848da6578c813ac1","65d0cf8d848da6578c813ac4","65d0cf94848da6578c813ac7","65d0ce8a848da6578c813a7f","65d0cea9848da6578c813a82"]}}
[2024-02-19T16:16:14.447] [INFO] info - get params:{"roleName":"","total":"2","pageNum":"1","pageSize":"10"}
[2024-02-19T16:16:14.447] [INFO] info - post params:{}
[2024-02-19T16:16:16.058] [INFO] info - get params:{}
[2024-02-19T16:16:16.058] [INFO] info - post params:{}
[2024-02-19T16:16:16.187] [INFO] info - get params:{"roleName":"","total":"0","pageNum":"1","pageSize":"10"}
[2024-02-19T16:16:16.188] [INFO] info - post params:{}
[2024-02-19T16:16:16.189] [INFO] info - get params:{}
[2024-02-19T16:16:16.189] [INFO] info - post params:{}
[2024-02-19T16:16:16.190] [INFO] info - get params:{}
[2024-02-19T16:16:16.190] [INFO] info - post params:{}
[2024-02-19T16:16:16.191] [INFO] info - get params:{}
[2024-02-19T16:16:16.191] [INFO] info - post params:{}
[2024-02-19T16:16:19.782] [INFO] info - get params:{}
[2024-02-19T16:16:19.782] [INFO] info - post params:{"_id":"65d0c8b51388403ba81aa28e","permissionList":{"checkedKeys":["65d0cedb848da6578c813a8e","65d0cee3848da6578c813a91","65d0ceec848da6578c813a94","65d0cef3848da6578c813a97","65d0ceff848da6578c813a9a","65d0cf07848da6578c813a9d","65d0cf1e848da6578c813aa0","65d0cf23848da6578c813aa3","65d0cf2d848da6578c813aa6","65d0cf34848da6578c813aa9","65d0cf3b848da6578c813aac","65d0cf46848da6578c813aaf","65d0cf4f848da6578c813ab2","65d0cf5c848da6578c813ab5","65d0cf64848da6578c813ab8","65d0cf6e848da6578c813abb","65d0cf74848da6578c813abe","65d0cf9c848da6578c813aca","65d0cfa4848da6578c813acd","65d0cfa9848da6578c813ad0"],"halfCheckedKeys":["65d0ce8a848da6578c813a7f","65d0cea9848da6578c813a82","65d0ceb7848da6578c813a85","65d0cec1848da6578c813a88","65d0cec8848da6578c813a8b","65d0cf83848da6578c813ac1","65d0cf8d848da6578c813ac4","65d0cf94848da6578c813ac7"]}}
[2024-02-19T16:16:19.798] [INFO] info - get params:{"roleName":"","total":"2","pageNum":"1","pageSize":"10"}
[2024-02-19T16:16:19.798] [INFO] info - post params:{}
[2024-02-19T16:16:21.191] [INFO] info - get params:{"state":"1","pageNum":"1","pageSize":"10"}
[2024-02-19T16:16:21.192] [INFO] info - post params:{}
[2024-02-19T16:16:21.506] [INFO] info - get params:{}
[2024-02-19T16:16:21.506] [INFO] info - post params:{}
[2024-02-19T16:16:21.507] [INFO] info - get params:{}
[2024-02-19T16:16:21.507] [INFO] info - post params:{}
[2024-02-19T16:16:27.197] [INFO] info - get params:{}
[2024-02-19T16:16:27.197] [INFO] info - post params:{"state":3,"roleList":[],"userName":"1","userEmail":"1232131321@imooc.com","deptId":["65d1f9a4f66eb050ec4e493c"],"action":"add"}
[2024-02-19T16:16:33.799] [INFO] info - get params:{}
[2024-02-19T16:16:33.799] [INFO] info - post params:{"state":3,"roleList":[],"userName":"1","userEmail":"9999999@imooc.com","deptId":["65d1f9a4f66eb050ec4e493c"],"action":"add"}
[2024-02-19T16:16:40.433] [INFO] info - get params:{}
[2024-02-19T16:16:40.433] [INFO] info - post params:{"state":3,"roleList":[],"userName":"12222","userEmail":"9999999@imooc.com@imooc.com","deptId":["65d1f9a4f66eb050ec4e493c"],"action":"add"}
[2024-02-19T16:16:40.436] [INFO] info - User.sequence_value:{ _id: 'userId', sequence_value: 10327 }
[2024-02-19T16:16:40.684] [INFO] info - get params:{"state":"1","pageNum":"1","pageSize":"10","total":"5"}
[2024-02-19T16:16:40.684] [INFO] info - post params:{}
[2024-02-19T16:16:44.257] [INFO] info - get params:{}
[2024-02-19T16:16:44.257] [INFO] info - post params:{}
[2024-02-19T16:16:44.485] [INFO] info - get params:{}
[2024-02-19T16:16:44.485] [INFO] info - post params:{}
[2024-02-19T16:16:44.486] [INFO] info - get params:{"state":"1","pageNum":"1","pageSize":"10"}
[2024-02-19T16:16:44.486] [INFO] info - post params:{}
[2024-02-19T16:16:44.487] [INFO] info - get params:{}
[2024-02-19T16:16:44.488] [INFO] info - post params:{}
[2024-02-19T16:16:44.488] [INFO] info - get params:{}
[2024-02-19T16:16:44.488] [INFO] info - post params:{}
[2024-02-19T16:16:44.489] [INFO] info - get params:{}
[2024-02-19T16:16:44.490] [INFO] info - post params:{}
[2024-02-19T16:20:44.033] [INFO] info - get params:{"menuState":"1"}
[2024-02-19T16:20:44.034] [INFO] info - post params:{}
[2024-02-19T16:21:34.008] [INFO] info - get params:{"roleName":"","total":"0","pageNum":"1","pageSize":"10"}
[2024-02-19T16:21:34.008] [INFO] info - post params:{}
[2024-02-19T16:21:34.322] [INFO] info - get params:{}
[2024-02-19T16:21:34.322] [INFO] info - post params:{}
[2024-02-19T16:21:38.661] [INFO] info - get params:{}
[2024-02-19T16:21:38.661] [INFO] info - post params:{"_id":"65d0c8b51388403ba81aa28e","permissionList":{"checkedKeys":["65d0cedb848da6578c813a8e","65d0cee3848da6578c813a91","65d0ceec848da6578c813a94","65d0cef3848da6578c813a97","65d0ceff848da6578c813a9a","65d0cf07848da6578c813a9d","65d0cf1e848da6578c813aa0","65d0cf23848da6578c813aa3","65d0cf2d848da6578c813aa6","65d0cf34848da6578c813aa9","65d0cf3b848da6578c813aac","65d0cf46848da6578c813aaf","65d0cf4f848da6578c813ab2","65d0cf5c848da6578c813ab5","65d0cf64848da6578c813ab8","65d0cf6e848da6578c813abb","65d0cf74848da6578c813abe","65d0cf9c848da6578c813aca","65d0cfa9848da6578c813ad0"],"halfCheckedKeys":["65d0ce8a848da6578c813a7f","65d0cea9848da6578c813a82","65d0ceb7848da6578c813a85","65d0cec1848da6578c813a88","65d0cec8848da6578c813a8b","65d0cf8d848da6578c813ac4","65d0cf83848da6578c813ac1","65d0cf94848da6578c813ac7"]}}
[2024-02-19T16:21:38.909] [INFO] info - get params:{"roleName":"","total":"2","pageNum":"1","pageSize":"10"}
[2024-02-19T16:21:38.909] [INFO] info - post params:{}
[2024-02-19T16:21:41.256] [INFO] info - get params:{"applyState":"1","pageNum":"1","pageSize":"10","total":"0","type":"approve"}
[2024-02-19T16:21:41.256] [INFO] info - post params:{}
[2024-02-19T16:21:43.556] [INFO] info - get params:{"applyState":"1","pageNum":"1","pageSize":"10","total":"0","type":"approve"}
[2024-02-19T16:21:43.557] [INFO] info - post params:{}
[2024-02-19T16:21:45.056] [INFO] info - get params:{"applyState":"","pageNum":"1","pageSize":"10","total":"0","type":"approve"}
[2024-02-19T16:21:45.056] [INFO] info - post params:{}
[2024-02-19T16:21:53.113] [INFO] info - get params:{}
[2024-02-19T16:21:53.114] [INFO] info - post params:{}
[2024-02-19T16:21:53.115] [INFO] info - get params:{"state":"1","pageNum":"1","pageSize":"10"}
[2024-02-19T16:21:53.115] [INFO] info - post params:{}
[2024-02-19T16:21:53.116] [INFO] info - get params:{}
[2024-02-19T16:21:53.116] [INFO] info - post params:{}
[2024-02-19T16:21:53.713] [INFO] info - get params:{"roleName":"","total":"0","pageNum":"1","pageSize":"10"}
[2024-02-19T16:21:53.713] [INFO] info - post params:{}
[2024-02-19T16:21:54.021] [INFO] info - get params:{}
[2024-02-19T16:21:54.021] [INFO] info - post params:{}
[2024-02-19T16:21:57.154] [INFO] info - get params:{}
[2024-02-19T16:21:57.154] [INFO] info - post params:{"_id":"65d0c8b51388403ba81aa28e","permissionList":{"checkedKeys":["65d0cedb848da6578c813a8e","65d0cee3848da6578c813a91","65d0ceec848da6578c813a94","65d0cef3848da6578c813a97","65d0ceff848da6578c813a9a","65d0cf07848da6578c813a9d","65d0cf1e848da6578c813aa0","65d0cf23848da6578c813aa3","65d0cf2d848da6578c813aa6","65d0cf34848da6578c813aa9","65d0cf3b848da6578c813aac","65d0cf46848da6578c813aaf","65d0cf4f848da6578c813ab2","65d0cf5c848da6578c813ab5","65d0cf64848da6578c813ab8","65d0cf6e848da6578c813abb","65d0cf74848da6578c813abe","65d0cf9c848da6578c813aca","65d0cfa4848da6578c813acd","65d0cfa9848da6578c813ad0"],"halfCheckedKeys":["65d0ce8a848da6578c813a7f","65d0cea9848da6578c813a82","65d0ceb7848da6578c813a85","65d0cec1848da6578c813a88","65d0cec8848da6578c813a8b","65d0cf83848da6578c813ac1","65d0cf8d848da6578c813ac4","65d0cf94848da6578c813ac7"]}}
[2024-02-19T16:21:57.418] [INFO] info - get params:{"roleName":"","total":"2","pageNum":"1","pageSize":"10"}
[2024-02-19T16:21:57.418] [INFO] info - post params:{}
[2024-02-19T16:21:58.089] [INFO] info - get params:{"applyState":"1","pageNum":"1","pageSize":"10","total":"0","type":"approve"}
[2024-02-19T16:21:58.090] [INFO] info - post params:{}
[2024-02-19T16:22:00.486] [INFO] info - get params:{"applyState":"","pageNum":"1","pageSize":"10","total":"0","type":"approve"}
[2024-02-19T16:22:00.486] [INFO] info - post params:{}
[2024-02-19T16:22:04.094] [INFO] info - get params:{}
[2024-02-19T16:22:04.094] [INFO] info - post params:{}
[2024-02-19T16:22:04.241] [INFO] info - get params:{"applyState":"1","pageNum":"1","pageSize":"10","total":"0","type":"approve"}
[2024-02-19T16:22:04.241] [INFO] info - post params:{}
[2024-02-19T16:22:04.243] [INFO] info - get params:{}
[2024-02-19T16:22:04.243] [INFO] info - post params:{}
[2024-02-19T16:22:04.244] [INFO] info - get params:{}
[2024-02-19T16:22:04.244] [INFO] info - post params:{}
[2024-02-19T16:22:06.161] [INFO] info - get params:{"applyState":"1","pageNum":"1","pageSize":"10","total":"0"}
[2024-02-19T16:22:06.161] [INFO] info - post params:{}
[2024-02-19T16:22:06.848] [INFO] info - get params:{"applyState":"1","pageNum":"1","pageSize":"10","total":"0","type":"approve"}
[2024-02-19T16:22:06.849] [INFO] info - post params:{}
[2024-02-19T16:22:07.619] [INFO] info - get params:{"applyState":"1","pageNum":"1","pageSize":"10","total":"0"}
[2024-02-19T16:22:07.619] [INFO] info - post params:{}
[2024-02-19T16:22:12.252] [INFO] info - get params:{"roleName":"","total":"0","pageNum":"1","pageSize":"10"}
[2024-02-19T16:22:12.253] [INFO] info - post params:{}
[2024-02-19T16:22:12.495] [INFO] info - get params:{}
[2024-02-19T16:22:12.495] [INFO] info - post params:{}
[2024-02-19T16:22:18.845] [INFO] info - get params:{"applyState":"1","pageNum":"1","pageSize":"10","total":"0"}
[2024-02-19T16:22:18.845] [INFO] info - post params:{}
[2024-02-19T16:22:22.794] [INFO] info - get params:{"applyState":"1","pageNum":"1","pageSize":"10","total":"0","type":"approve"}
[2024-02-19T16:22:22.795] [INFO] info - post params:{}
[2024-02-19T16:22:25.236] [INFO] info - get params:{"applyState":"","pageNum":"1","pageSize":"10","total":"0","type":"approve"}
[2024-02-19T16:22:25.236] [INFO] info - post params:{}
[2024-02-19T16:23:39.606] [INFO] info - get params:{"roleName":"","total":"0","pageNum":"1","pageSize":"10"}
[2024-02-19T16:23:39.606] [INFO] info - post params:{}
[2024-02-19T16:23:39.607] [INFO] info - get params:{}
[2024-02-19T16:23:39.607] [INFO] info - post params:{}
[2024-02-19T16:23:40.915] [INFO] info - get params:{"state":"1","pageNum":"1","pageSize":"10"}
[2024-02-19T16:23:40.915] [INFO] info - post params:{}
[2024-02-19T16:23:41.228] [INFO] info - get params:{}
[2024-02-19T16:23:41.228] [INFO] info - post params:{}
[2024-02-19T16:23:41.229] [INFO] info - get params:{}
[2024-02-19T16:23:41.229] [INFO] info - post params:{}
[2024-02-19T16:23:59.008] [INFO] info - get params:{}
[2024-02-19T16:23:59.008] [INFO] info - post params:{"userName":"前端研发主管","userPwd":"123456"}
[2024-02-19T16:23:59.010] [INFO] info - User.findOne:{
  deptId: [ '65d1f9f4f66eb050ec4e4953' ],
  state: 1,
  role: 1,
  roleList: [ '65d0c8b51388403ba81aa28e' ],
  _id: 65d1fb5bf66eb050ec4e49ae,
  userId: 10324,
  userName: '前端研发主管',
  userEmail: '79191919140@imooc.com'
}
[2024-02-19T16:23:59.035] [INFO] info - get params:{}
[2024-02-19T16:23:59.035] [INFO] info - post params:{}
[2024-02-19T16:23:59.341] [INFO] info - get params:{}
[2024-02-19T16:23:59.341] [INFO] info - post params:{}
[2024-02-19T16:24:01.404] [INFO] info - get params:{"applyState":"1","pageNum":"1","pageSize":"10","total":"0","type":"approve"}
[2024-02-19T16:24:01.404] [INFO] info - post params:{}
[2024-02-19T16:24:03.199] [INFO] info - get params:{"applyState":"1","pageNum":"1","pageSize":"10","total":"0"}
[2024-02-19T16:24:03.199] [INFO] info - post params:{}
[2024-02-19T16:24:03.963] [INFO] info - get params:{"applyState":"1","pageNum":"1","pageSize":"10","total":"0","type":"approve"}
[2024-02-19T16:24:03.963] [INFO] info - post params:{}
[2024-02-19T16:24:05.288] [INFO] info - get params:{"applyState":"1","pageNum":"1","pageSize":"10","total":"0","type":"approve"}
[2024-02-19T16:24:05.288] [INFO] info - post params:{}
[2024-02-19T16:24:06.431] [INFO] info - get params:{"applyState":"","pageNum":"1","pageSize":"10","total":"0","type":"approve"}
[2024-02-19T16:24:06.431] [INFO] info - post params:{}
[2024-02-19T16:24:39.444] [INFO] info - get params:{}
[2024-02-19T16:24:39.445] [INFO] info - post params:{"userName":"人事主管","userPwd":"123456"}
[2024-02-19T16:24:39.447] [INFO] info - User.findOne:{
  deptId: [ '65d1f9a4f66eb050ec4e493c' ],
  state: 1,
  role: 1,
  roleList: [ '65d0c8b51388403ba81aa28e' ],
  _id: 65d1fb21f66eb050ec4e499e,
  userId: 10323,
  userName: '人事主管',
  userEmail: '791919148@imooc.com'
}
[2024-02-19T16:24:39.710] [INFO] info - get params:{}
[2024-02-19T16:24:39.710] [INFO] info - post params:{}
[2024-02-19T16:24:39.771] [INFO] info - get params:{}
[2024-02-19T16:24:39.771] [INFO] info - post params:{}
[2024-02-19T16:24:42.019] [INFO] info - get params:{"applyState":"1","pageNum":"1","pageSize":"10","total":"0"}
[2024-02-19T16:24:42.019] [INFO] info - post params:{}
[2024-02-19T16:24:42.885] [INFO] info - get params:{"applyState":"1","pageNum":"1","pageSize":"10","total":"0","type":"approve"}
[2024-02-19T16:24:42.885] [INFO] info - post params:{}
[2024-02-19T16:24:56.606] [INFO] info - get params:{}
[2024-02-19T16:24:56.606] [INFO] info - post params:{"userName":"员工1","userPwd":"123456"}
[2024-02-19T16:24:56.608] [INFO] info - User.findOne:{
  deptId: [ '65d1f9f4f66eb050ec4e4953' ],
  state: 1,
  role: 1,
  roleList: [ '65d0c8d71388403ba81aa295' ],
  _id: 65d0cc9b848da6578c813a3d,
  userId: 10320,
  userName: '员工1',
  userEmail: '791919140@imooc.com'
}
[2024-02-19T16:24:56.935] [INFO] info - get params:{}
[2024-02-19T16:24:56.935] [INFO] info - post params:{}
[2024-02-19T16:24:56.936] [INFO] info - get params:{}
[2024-02-19T16:24:56.936] [INFO] info - post params:{}
[2024-02-19T16:24:58.457] [INFO] info - get params:{"applyState":"1","pageNum":"1","pageSize":"10","total":"0"}
[2024-02-19T16:24:58.457] [INFO] info - post params:{}
[2024-02-19T16:25:00.878] [INFO] info - get params:{"applyState":"","pageNum":"1","pageSize":"10","total":"0"}
[2024-02-19T16:25:00.879] [INFO] info - post params:{}
[2024-02-19T16:25:14.163] [INFO] info - get params:{}
[2024-02-19T16:25:14.164] [INFO] info - post params:{"userName":"管理员","userPwd":"123456"}
[2024-02-19T16:25:14.165] [INFO] info - User.findOne:{
  deptId: [ '65d1f9a4f66eb050ec4e493c' ],
  state: 1,
  role: 1,
  roleList: [ '65d0c8b51388403ba81aa28e' ],
  _id: 65d0d056848da6578c813ae5,
  userId: 10321,
  userName: '管理员',
  userEmail: 'guanliyuan@imooc.com'
}
[2024-02-19T16:25:14.486] [INFO] info - get params:{}
[2024-02-19T16:25:14.486] [INFO] info - post params:{}
[2024-02-19T16:25:14.487] [INFO] info - get params:{}
[2024-02-19T16:25:14.487] [INFO] info - post params:{}
[2024-02-19T16:25:16.529] [INFO] info - get params:{"roleName":"","total":"0","pageNum":"1","pageSize":"10"}
[2024-02-19T16:25:16.529] [INFO] info - post params:{}
[2024-02-19T16:25:16.837] [INFO] info - get params:{}
[2024-02-19T16:25:16.838] [INFO] info - post params:{}
[2024-02-19T16:25:34.142] [INFO] info - get params:{"menuState":"1"}
[2024-02-19T16:25:34.142] [INFO] info - post params:{}
[2024-02-19T16:26:41.219] [INFO] info - get params:{"roleName":"","total":"0","pageNum":"1","pageSize":"10"}
[2024-02-19T16:26:41.219] [INFO] info - post params:{}
[2024-02-19T16:26:41.220] [INFO] info - get params:{}
[2024-02-19T16:26:41.220] [INFO] info - post params:{}
[2024-02-19T16:26:43.156] [INFO] info - get params:{"deptName":""}
[2024-02-19T16:26:43.156] [INFO] info - post params:{}
[2024-02-19T16:26:43.469] [INFO] info - get params:{}
[2024-02-19T16:26:43.469] [INFO] info - post params:{}
[2024-02-19T16:26:44.105] [INFO] info - get params:{"roleName":"","total":"0","pageNum":"1","pageSize":"10"}
[2024-02-19T16:26:44.105] [INFO] info - post params:{}
[2024-02-19T16:26:44.106] [INFO] info - get params:{}
[2024-02-19T16:26:44.106] [INFO] info - post params:{}
[2024-02-19T16:26:50.621] [INFO] info - get params:{"deptName":""}
[2024-02-19T16:26:50.622] [INFO] info - post params:{}
[2024-02-19T16:26:50.923] [INFO] info - get params:{}
[2024-02-19T16:26:50.924] [INFO] info - post params:{}
[2024-02-19T16:26:53.984] [INFO] info - get params:{"applyState":"1","pageNum":"1","pageSize":"10","total":"0","type":"approve"}
[2024-02-19T16:26:53.984] [INFO] info - post params:{}
[2024-02-19T16:27:00.108] [INFO] info - get params:{"applyState":"","pageNum":"1","pageSize":"10","total":"0","type":"approve"}
[2024-02-19T16:27:00.108] [INFO] info - post params:{}
[2024-02-19T16:33:01.501] [INFO] info - get params:{"applyState":"1","pageNum":"1","pageSize":"10","total":"0"}
[2024-02-19T16:33:01.501] [INFO] info - post params:{}
[2024-02-19T16:33:04.201] [INFO] info - get params:{"applyState":"1","pageNum":"1","pageSize":"10","total":"0","type":"approve"}
[2024-02-19T16:33:04.201] [INFO] info - post params:{}
[2024-02-19T16:33:05.423] [INFO] info - get params:{"applyState":"1","pageNum":"1","pageSize":"10","total":"0"}
[2024-02-19T16:33:05.423] [INFO] info - post params:{}
[2024-02-19T16:33:12.908] [INFO] info - get params:{"applyState":"1","pageNum":"1","pageSize":"10","total":"0","type":"approve"}
[2024-02-19T16:33:12.908] [INFO] info - post params:{}
[2024-02-19T16:33:13.912] [INFO] info - get params:{"applyState":"1","pageNum":"1","pageSize":"10","total":"0"}
[2024-02-19T16:33:13.912] [INFO] info - post params:{}
[2024-02-19T16:33:39.554] [INFO] info - get params:{"applyState":"1","pageNum":"1","pageSize":"10","total":"0","type":"approve"}
[2024-02-19T16:33:39.554] [INFO] info - post params:{}
[2024-02-19T16:33:55.211] [INFO] info - get params:{"applyState":"1","pageNum":"1","pageSize":"10","total":"0"}
[2024-02-19T16:33:55.211] [INFO] info - post params:{}
[2024-02-19T16:33:59.040] [INFO] info - get params:{"applyState":"1","pageNum":"1","pageSize":"10","total":"0","type":"approve"}
[2024-02-19T16:33:59.040] [INFO] info - post params:{}
[2024-02-19T16:34:00.601] [INFO] info - get params:{"applyState":"1","pageNum":"1","pageSize":"10","total":"0"}
[2024-02-19T16:34:00.601] [INFO] info - post params:{}
[2024-02-19T16:34:00.953] [INFO] info - get params:{"applyState":"1","pageNum":"1","pageSize":"10","total":"0","type":"approve"}
[2024-02-19T16:34:00.954] [INFO] info - post params:{}
[2024-02-19T16:34:48.074] [INFO] info - get params:{"applyState":"1","pageNum":"1","pageSize":"10","total":"0"}
[2024-02-19T16:34:48.074] [INFO] info - post params:{}
[2024-02-19T16:34:48.886] [INFO] info - get params:{"applyState":"1","pageNum":"1","pageSize":"10","total":"0","type":"approve"}
[2024-02-19T16:34:48.886] [INFO] info - post params:{}
[2024-02-19T16:34:51.575] [INFO] info - get params:{"applyState":"","pageNum":"1","pageSize":"10","total":"0","type":"approve"}
[2024-02-19T16:34:51.575] [INFO] info - post params:{}
[2024-02-19T16:35:12.919] [INFO] info - get params:{"state":"1","pageNum":"1","pageSize":"10"}
[2024-02-19T16:35:12.919] [INFO] info - post params:{}
[2024-02-19T16:35:12.920] [INFO] info - get params:{}
[2024-02-19T16:35:12.920] [INFO] info - post params:{}
[2024-02-19T16:35:12.921] [INFO] info - get params:{}
[2024-02-19T16:35:12.921] [INFO] info - post params:{}
[2024-02-19T16:35:17.025] [INFO] info - get params:{"roleName":"","total":"0","pageNum":"1","pageSize":"10"}
[2024-02-19T16:35:17.025] [INFO] info - post params:{}
[2024-02-19T16:35:17.332] [INFO] info - get params:{}
[2024-02-19T16:35:17.332] [INFO] info - post params:{}
[2024-02-19T16:35:28.043] [INFO] info - get params:{}
[2024-02-19T16:35:28.043] [INFO] info - post params:{"_id":"65d0c8b51388403ba81aa28e","permissionList":{"checkedKeys":["65d0cedb848da6578c813a8e","65d0cee3848da6578c813a91","65d0ceec848da6578c813a94","65d0cef3848da6578c813a97","65d0ceff848da6578c813a9a","65d0cf07848da6578c813a9d","65d0cf1e848da6578c813aa0","65d0cf23848da6578c813aa3","65d0cf2d848da6578c813aa6","65d0cf34848da6578c813aa9","65d0cf3b848da6578c813aac","65d0cf46848da6578c813aaf","65d0cf4f848da6578c813ab2","65d0cf5c848da6578c813ab5","65d0cf64848da6578c813ab8","65d0cf6e848da6578c813abb","65d0cf74848da6578c813abe","65d0cf9c848da6578c813aca","65d0cfa9848da6578c813ad0"],"halfCheckedKeys":["65d0ce8a848da6578c813a7f","65d0cea9848da6578c813a82","65d0ceb7848da6578c813a85","65d0cec1848da6578c813a88","65d0cec8848da6578c813a8b","65d0cf8d848da6578c813ac4","65d0cf83848da6578c813ac1","65d0cf94848da6578c813ac7"]}}
[2024-02-19T16:35:28.307] [INFO] info - get params:{"roleName":"","total":"2","pageNum":"1","pageSize":"10"}
[2024-02-19T16:35:28.307] [INFO] info - post params:{}
[2024-02-19T16:35:29.919] [INFO] info - get params:{"applyState":"1","pageNum":"1","pageSize":"10","total":"0"}
[2024-02-19T16:35:29.920] [INFO] info - post params:{}
[2024-02-19T16:35:31.094] [INFO] info - get params:{"applyState":"1","pageNum":"1","pageSize":"10","total":"0","type":"approve"}
[2024-02-19T16:35:31.094] [INFO] info - post params:{}
[2024-02-19T16:35:32.922] [INFO] info - get params:{"applyState":"","pageNum":"1","pageSize":"10","total":"0","type":"approve"}
[2024-02-19T16:35:32.922] [INFO] info - post params:{}
[2024-02-19T16:36:21.506] [INFO] info - get params:{"applyState":"","pageNum":"1","pageSize":"10","total":"2","type":"approve"}
[2024-02-19T16:36:21.507] [INFO] info - post params:{}
[2024-02-19T16:37:09.579] [INFO] info - get params:{"state":"1","pageNum":"1","pageSize":"10"}
[2024-02-19T16:37:09.580] [INFO] info - post params:{}
[2024-02-19T16:37:09.881] [INFO] info - get params:{}
[2024-02-19T16:37:09.881] [INFO] info - post params:{}
[2024-02-19T16:37:09.882] [INFO] info - get params:{}
[2024-02-19T16:37:09.882] [INFO] info - post params:{}
[2024-02-19T16:37:10.823] [INFO] info - get params:{"roleName":"","total":"0","pageNum":"1","pageSize":"10"}
[2024-02-19T16:37:10.823] [INFO] info - post params:{}
[2024-02-19T16:37:10.824] [INFO] info - get params:{}
[2024-02-19T16:37:10.824] [INFO] info - post params:{}
[2024-02-19T16:37:18.613] [INFO] info - get params:{}
[2024-02-19T16:37:18.613] [INFO] info - post params:{"_id":"65d0c8b51388403ba81aa28e","permissionList":{"checkedKeys":["65d0cedb848da6578c813a8e","65d0cee3848da6578c813a91","65d0ceec848da6578c813a94","65d0cef3848da6578c813a97","65d0ceff848da6578c813a9a","65d0cf07848da6578c813a9d","65d0cf1e848da6578c813aa0","65d0cf23848da6578c813aa3","65d0cf2d848da6578c813aa6","65d0cf34848da6578c813aa9","65d0cf3b848da6578c813aac","65d0cf46848da6578c813aaf","65d0cf4f848da6578c813ab2","65d0cf5c848da6578c813ab5","65d0cf64848da6578c813ab8","65d0cf6e848da6578c813abb","65d0cf74848da6578c813abe","65d0cf9c848da6578c813aca","65d0cfa4848da6578c813acd","65d0cfa9848da6578c813ad0"],"halfCheckedKeys":["65d0ce8a848da6578c813a7f","65d0cea9848da6578c813a82","65d0ceb7848da6578c813a85","65d0cec1848da6578c813a88","65d0cec8848da6578c813a8b","65d0cf83848da6578c813ac1","65d0cf8d848da6578c813ac4","65d0cf94848da6578c813ac7"]}}
[2024-02-19T16:37:18.932] [INFO] info - get params:{"roleName":"","total":"2","pageNum":"1","pageSize":"10"}
[2024-02-19T16:37:18.933] [INFO] info - post params:{}
[2024-02-19T16:37:20.055] [INFO] info - get params:{"state":"1","pageNum":"1","pageSize":"10"}
[2024-02-19T16:37:20.056] [INFO] info - post params:{}
[2024-02-19T16:37:20.364] [INFO] info - get params:{}
[2024-02-19T16:37:20.364] [INFO] info - post params:{}
[2024-02-19T16:37:20.365] [INFO] info - get params:{}
[2024-02-19T16:37:20.365] [INFO] info - post params:{}
[2024-02-19T16:37:29.788] [INFO] info - get params:{}
[2024-02-19T16:37:29.788] [INFO] info - post params:{}
[2024-02-19T16:37:29.890] [INFO] info - get params:{"state":"1","pageNum":"1","pageSize":"10"}
[2024-02-19T16:37:29.891] [INFO] info - post params:{}
[2024-02-19T16:37:29.893] [INFO] info - get params:{}
[2024-02-19T16:37:29.893] [INFO] info - post params:{}
[2024-02-19T16:37:29.895] [INFO] info - get params:{}
[2024-02-19T16:37:29.895] [INFO] info - post params:{}
[2024-02-19T16:37:29.898] [INFO] info - get params:{}
[2024-02-19T16:37:29.899] [INFO] info - post params:{}
[2024-02-19T16:37:29.901] [INFO] info - get params:{}
[2024-02-19T16:37:29.901] [INFO] info - post params:{}
[2024-02-19T16:38:01.466] [INFO] info - get params:{"menuState":"1"}
[2024-02-19T16:38:01.467] [INFO] info - post params:{}
[2024-02-19T16:38:19.251] [INFO] info - get params:{"roleName":"","total":"0","pageNum":"1","pageSize":"10"}
[2024-02-19T16:38:19.251] [INFO] info - post params:{}
[2024-02-19T16:38:19.553] [INFO] info - get params:{}
[2024-02-19T16:38:19.553] [INFO] info - post params:{}
[2024-02-19T16:39:56.398] [INFO] info - get params:{"applyState":"1","pageNum":"1","pageSize":"10","total":"0"}
[2024-02-19T16:39:56.399] [INFO] info - post params:{}
[2024-02-19T16:40:04.497] [INFO] info - get params:{"applyState":"1","pageNum":"1","pageSize":"10","total":"0","type":"approve"}
[2024-02-19T16:40:04.497] [INFO] info - post params:{}
[2024-02-19T16:40:07.696] [INFO] info - get params:{"applyState":"","pageNum":"1","pageSize":"10","total":"0","type":"approve"}
[2024-02-19T16:40:07.696] [INFO] info - post params:{}
[2024-02-19T16:42:30.010] [INFO] info - get params:{"menuState":"1"}
[2024-02-19T16:42:30.010] [INFO] info - post params:{}
[2024-02-19T16:55:38.773] [INFO] info - get params:{}
[2024-02-19T16:55:38.773] [INFO] info - post params:{}
[2024-02-19T16:55:38.774] [INFO] info - get params:{"roleName":"","total":"0","pageNum":"1","pageSize":"10"}
[2024-02-19T16:55:38.774] [INFO] info - post params:{}
[2024-02-19T16:57:20.097] [INFO] info - get params:{"deptName":""}
[2024-02-19T16:57:20.097] [INFO] info - post params:{}
[2024-02-19T16:57:20.343] [INFO] info - get params:{}
[2024-02-19T16:57:20.344] [INFO] info - post params:{}
[2024-02-19T17:01:33.389] [INFO] info - get params:{"applyState":"1","pageNum":"1","pageSize":"10","total":"0"}
[2024-02-19T17:01:33.390] [INFO] info - post params:{}
[2024-02-19T17:01:34.441] [INFO] info - get params:{"applyState":"1","pageNum":"1","pageSize":"10","total":"0","type":"approve"}
[2024-02-19T17:01:34.442] [INFO] info - post params:{}
[2024-02-19T17:01:35.896] [INFO] info - get params:{"applyState":"1","pageNum":"1","pageSize":"10","total":"0"}
[2024-02-19T17:01:35.896] [INFO] info - post params:{}
[2024-02-19T17:01:37.394] [INFO] info - get params:{"applyState":"1","pageNum":"1","pageSize":"10","total":"0","type":"approve"}
[2024-02-19T17:01:37.394] [INFO] info - post params:{}
[2024-02-19T19:42:58.970] [INFO] info - get params:{}
[2024-02-19T19:42:58.970] [INFO] info - post params:{}
[2024-02-19T19:43:11.901] [INFO] info - get params:{}
[2024-02-19T19:43:11.901] [INFO] info - post params:{}
[2024-02-19T19:43:17.172] [INFO] info - get params:{}
[2024-02-19T19:43:17.172] [INFO] info - post params:{"userName":"管理员","userPwd":"123456"}
[2024-02-19T19:43:17.175] [INFO] info - User.findOne:{
  deptId: [ '65d1f9a4f66eb050ec4e493c' ],
  state: 1,
  role: 1,
  roleList: [ '65d0c8b51388403ba81aa28e' ],
  _id: 65d0d056848da6578c813ae5,
  userId: 10321,
  userName: '管理员',
  userEmail: 'guanliyuan@imooc.com'
}
[2024-02-19T19:43:17.210] [INFO] info - get params:{}
[2024-02-19T19:43:17.210] [INFO] info - post params:{}
[2024-02-19T19:43:17.211] [INFO] info - get params:{}
[2024-02-19T19:43:17.211] [INFO] info - post params:{}
[2024-02-19T19:43:48.391] [INFO] info - get params:{}
[2024-02-19T19:43:48.391] [INFO] info - post params:{}
[2024-02-19T19:43:48.392] [INFO] info - get params:{}
[2024-02-19T19:43:48.392] [INFO] info - post params:{}
[2024-02-19T19:43:54.814] [INFO] info - get params:{}
[2024-02-19T19:43:54.814] [INFO] info - post params:{}
[2024-02-19T19:43:54.959] [INFO] info - get params:{}
[2024-02-19T19:43:54.960] [INFO] info - post params:{}
[2024-02-19T19:43:54.961] [INFO] info - get params:{}
[2024-02-19T19:43:54.961] [INFO] info - post params:{}
[2024-02-19T19:44:04.987] [INFO] info - get params:{"menuState":"1"}
[2024-02-19T19:44:04.988] [INFO] info - post params:{}
[2024-02-19T19:44:07.868] [INFO] info - get params:{}
[2024-02-19T19:44:07.868] [INFO] info - post params:{"userName":"admin","userPwd":"admin"}
[2024-02-19T19:44:07.870] [INFO] info - User.findOne:null
[2024-02-19T19:44:07.870] [INFO] info - get params:21232f297a57a5a743894a0e4a801fc3
[2024-02-19T19:44:10.961] [INFO] info - get params:{}
[2024-02-19T19:44:10.961] [INFO] info - post params:{"userName":"管理员","userPwd":"123456"}
[2024-02-19T19:44:10.964] [INFO] info - User.findOne:{
  deptId: [ '65d1f9a4f66eb050ec4e493c' ],
  state: 1,
  role: 1,
  roleList: [ '65d0c8b51388403ba81aa28e' ],
  _id: 65d0d056848da6578c813ae5,
  userId: 10321,
  userName: '管理员',
  userEmail: 'guanliyuan@imooc.com'
}
[2024-02-19T19:44:11.287] [INFO] info - get params:{}
[2024-02-19T19:44:11.287] [INFO] info - post params:{}
[2024-02-19T19:44:11.288] [INFO] info - get params:{}
[2024-02-19T19:44:11.288] [INFO] info - post params:{}
[2024-02-19T19:44:16.258] [INFO] info - get params:{"state":"1","pageNum":"1","pageSize":"10"}
[2024-02-19T19:44:16.259] [INFO] info - post params:{}
[2024-02-19T19:44:16.574] [INFO] info - get params:{}
[2024-02-19T19:44:16.574] [INFO] info - post params:{}
[2024-02-19T19:44:16.575] [INFO] info - get params:{}
[2024-02-19T19:44:16.575] [INFO] info - post params:{}
[2024-02-19T20:10:49.749] [INFO] info - get params:{"applyState":"1","pageNum":"1","pageSize":"10","total":"0"}
[2024-02-19T20:10:49.749] [INFO] info - post params:{}
[2024-02-19T20:14:07.373] [INFO] info - get params:{"applyState":"1","pageNum":"1","pageSize":"10","total":"0","type":"approve"}
[2024-02-19T20:14:07.374] [INFO] info - post params:{}
[2024-02-20T08:43:10.490] [INFO] info - get params:{}
[2024-02-20T08:43:10.491] [INFO] info - post params:{}
[2024-02-20T08:58:46.064] [INFO] info - get params:{}
[2024-02-20T08:58:46.064] [INFO] info - post params:{"userName":"管理员","userPwd":"123456"}
[2024-02-20T08:58:46.075] [INFO] info - User.findOne:{
  deptId: [ '65d1f9a4f66eb050ec4e493c' ],
  state: 1,
  role: 1,
  roleList: [ '65d0c8b51388403ba81aa28e' ],
  _id: 65d0d056848da6578c813ae5,
  userId: 10321,
  userName: '管理员',
  userEmail: 'guanliyuan@imooc.com'
}
[2024-02-20T08:58:46.334] [INFO] info - get params:{}
[2024-02-20T08:58:46.334] [INFO] info - post params:{}
[2024-02-20T08:58:46.387] [INFO] info - get params:{}
[2024-02-20T08:58:46.387] [INFO] info - post params:{}
[2024-02-20T10:58:20.030] [INFO] info - get params:{}
[2024-02-20T10:58:20.030] [INFO] info - post params:{}
[2024-02-20T10:58:20.091] [INFO] info - get params:{}
[2024-02-20T10:58:20.091] [INFO] info - post params:{}
[2024-02-20T10:58:20.093] [INFO] info - get params:{}
[2024-02-20T10:58:20.093] [INFO] info - post params:{}
[2024-02-20T16:06:29.936] [INFO] info - get params:{}
[2024-02-20T16:06:29.937] [INFO] info - post params:{}
[2024-03-04T22:20:56.387] [INFO] info - **数据库连接成功**
[2024-03-04T22:21:26.545] [INFO] info - get params:{}
[2024-03-04T22:21:26.545] [INFO] info - post params:{}
[2024-03-04T22:21:26.652] [INFO] info - get params:{}
[2024-03-04T22:21:26.652] [INFO] info - post params:{}
[2024-03-04T22:21:26.655] [INFO] info - get params:{}
[2024-03-04T22:21:26.656] [INFO] info - post params:{}
[2024-03-04T22:21:32.838] [INFO] info - get params:{}
[2024-03-04T22:21:32.838] [INFO] info - post params:{"userName":"管理员","userPwd":"123456"}
[2024-03-04T22:21:32.856] [INFO] info - User.findOne:{
  deptId: [ '65d1f9a4f66eb050ec4e493c' ],
  state: 1,
  role: 1,
  roleList: [ '65d0c8b51388403ba81aa28e' ],
  _id: 65d0d056848da6578c813ae5,
  userId: 10321,
  userName: '管理员',
  userEmail: 'guanliyuan@imooc.com'
}
[2024-03-04T22:21:32.874] [INFO] info - get params:{}
[2024-03-04T22:21:32.874] [INFO] info - post params:{}
[2024-03-04T22:21:33.177] [INFO] info - get params:{}
[2024-03-04T22:21:33.177] [INFO] info - post params:{}
[2024-03-04T22:43:20.788] [INFO] info - get params:{}
[2024-03-04T22:43:20.788] [INFO] info - post params:{"userName":"admin1","userPwd":"admin"}
[2024-03-04T22:43:20.790] [INFO] info - User.findOne:null
[2024-03-04T22:43:20.790] [INFO] info - get params:21232f297a57a5a743894a0e4a801fc3
[2024-03-04T22:51:43.118] [INFO] info - get params:{}
[2024-03-04T22:51:43.118] [INFO] info - post params:{"userName":"管理员","userPwd":"123456"}
[2024-03-04T22:51:43.120] [INFO] info - User.findOne:{
  deptId: [ '65d1f9a4f66eb050ec4e493c' ],
  state: 1,
  role: 1,
  roleList: [ '65d0c8b51388403ba81aa28e' ],
  _id: 65d0d056848da6578c813ae5,
  userId: 10321,
  userName: '管理员',
  userEmail: 'guanliyuan@imooc.com'
}
[2024-03-04T22:51:43.384] [INFO] info - get params:{}
[2024-03-04T22:51:43.384] [INFO] info - post params:{}
[2024-03-04T22:51:43.447] [INFO] info - get params:{}
[2024-03-04T22:51:43.447] [INFO] info - post params:{}
[2024-03-04T22:52:32.554] [INFO] info - get params:{}
[2024-03-04T22:52:32.554] [INFO] info - post params:{}
[2024-03-04T22:52:34.088] [INFO] info - get params:{}
[2024-03-04T22:52:34.088] [INFO] info - post params:{}
[2024-03-04T22:52:35.650] [INFO] info - get params:{}
[2024-03-04T22:52:35.650] [INFO] info - post params:{}
[2024-03-04T22:52:35.651] [INFO] info - get params:{}
[2024-03-04T22:52:35.651] [INFO] info - post params:{}
[2024-03-04T22:52:37.510] [INFO] info - get params:{"state":"1","pageNum":"1","pageSize":"10"}
[2024-03-04T22:52:37.510] [INFO] info - post params:{}
[2024-03-04T22:52:37.512] [INFO] info - get params:{}
[2024-03-04T22:52:37.512] [INFO] info - post params:{}
[2024-03-04T22:52:37.514] [INFO] info - get params:{}
[2024-03-04T22:52:37.514] [INFO] info - post params:{}
[2024-03-04T22:52:53.429] [INFO] info - get params:{"state":"1","userId":"10320","pageNum":"1","pageSize":"10","total":"5"}
[2024-03-04T22:52:53.429] [INFO] info - post params:{}
[2024-03-04T23:06:00.406] [INFO] info - get params:{}
[2024-03-04T23:06:00.407] [INFO] info - post params:{"userIds":[10320]}
[2024-03-04T23:06:00.671] [INFO] info - get params:{"state":"1","pageNum":"1","pageSize":"10","total":"1"}
[2024-03-04T23:06:00.671] [INFO] info - post params:{}
[2024-03-04T23:06:05.808] [INFO] info - get params:{"state":"1","pageNum":"1","pageSize":"10","total":"4"}
[2024-03-04T23:06:05.808] [INFO] info - post params:{}
[2024-03-04T23:06:12.066] [INFO] info - get params:{"menuState":"1"}
[2024-03-04T23:06:12.066] [INFO] info - post params:{}
[2024-03-04T23:06:13.299] [INFO] info - get params:{"state":"1","pageNum":"1","pageSize":"10"}
[2024-03-04T23:06:13.299] [INFO] info - post params:{}
[2024-03-04T23:06:13.603] [INFO] info - get params:{}
[2024-03-04T23:06:13.603] [INFO] info - post params:{}
[2024-03-04T23:06:13.604] [INFO] info - get params:{}
[2024-03-04T23:06:13.604] [INFO] info - post params:{}
[2024-03-04T23:06:18.100] [INFO] info - get params:{"state":"0","pageNum":"1","pageSize":"10","total":"4"}
[2024-03-04T23:06:18.100] [INFO] info - post params:{}
[2024-03-04T23:06:47.728] [INFO] info - get params:{}
[2024-03-04T23:06:47.728] [INFO] info - post params:{"state":3,"roleList":["65d0c8b51388403ba81aa28e"],"userName":"测试1","userEmail":"413123123213@imooc.com","mobile":"13632344564","job":"2","deptId":["65d1f9a4f66eb050ec4e493c"],"action":"add"}
[2024-03-04T23:06:47.738] [INFO] info - User.sequence_value:{ _id: 'userId', sequence_value: 10328 }
[2024-03-04T23:06:48.069] [INFO] info - get params:{"state":"0","pageNum":"1","pageSize":"10","total":"6"}
[2024-03-04T23:06:48.069] [INFO] info - post params:{}
[2024-03-04T23:06:53.957] [INFO] info - get params:{"state":"0","pageNum":"1","pageSize":"10","total":"7"}
[2024-03-04T23:06:53.957] [INFO] info - post params:{}
[2024-03-04T23:06:55.661] [INFO] info - get params:{}
[2024-03-04T23:06:55.662] [INFO] info - post params:{}
[2024-03-04T23:06:55.742] [INFO] info - get params:{"state":"1","pageNum":"1","pageSize":"10"}
[2024-03-04T23:06:55.742] [INFO] info - post params:{}
[2024-03-04T23:06:55.743] [INFO] info - get params:{}
[2024-03-04T23:06:55.744] [INFO] info - post params:{}
[2024-03-04T23:06:55.745] [INFO] info - get params:{}
[2024-03-04T23:06:55.745] [INFO] info - post params:{}
[2024-03-04T23:06:55.746] [INFO] info - get params:{}
[2024-03-04T23:06:55.746] [INFO] info - post params:{}
[2024-03-04T23:06:55.747] [INFO] info - get params:{}
[2024-03-04T23:06:55.747] [INFO] info - post params:{}
[2024-03-04T23:07:03.432] [INFO] info - get params:{"state":"0","pageNum":"1","pageSize":"10","total":"4"}
[2024-03-04T23:07:03.432] [INFO] info - post params:{}
[2024-03-04T23:07:09.054] [INFO] info - get params:{}
[2024-03-04T23:07:09.054] [INFO] info - post params:{"userIds":[10328]}
[2024-03-04T23:07:09.369] [INFO] info - get params:{"state":"0","pageNum":"1","pageSize":"10","total":"7"}
[2024-03-04T23:07:09.369] [INFO] info - post params:{}
[2024-03-04T23:07:11.567] [INFO] info - get params:{"state":"0","pageNum":"1","pageSize":"10","total":"7"}
[2024-03-04T23:07:11.568] [INFO] info - post params:{}
[2024-03-04T23:07:12.604] [INFO] info - get params:{"state":"0","pageNum":"1","pageSize":"10","total":"7"}
[2024-03-04T23:07:12.604] [INFO] info - post params:{}
[2024-03-04T23:07:16.847] [INFO] info - get params:{}
[2024-03-04T23:07:16.847] [INFO] info - post params:{}
[2024-03-04T23:07:17.095] [INFO] info - get params:{"state":"1","pageNum":"1","pageSize":"10"}
[2024-03-04T23:07:17.096] [INFO] info - post params:{}
[2024-03-04T23:07:17.097] [INFO] info - get params:{}
[2024-03-04T23:07:17.097] [INFO] info - post params:{}
[2024-03-04T23:07:17.099] [INFO] info - get params:{}
[2024-03-04T23:07:17.099] [INFO] info - post params:{}
[2024-03-04T23:07:17.101] [INFO] info - get params:{}
[2024-03-04T23:07:17.101] [INFO] info - post params:{}
[2024-03-04T23:07:17.103] [INFO] info - get params:{}
[2024-03-04T23:07:17.103] [INFO] info - post params:{}
[2024-03-04T23:07:21.423] [INFO] info - get params:{"state":"0","pageNum":"1","pageSize":"10","total":"4"}
[2024-03-04T23:07:21.423] [INFO] info - post params:{}
[2024-03-04T23:11:34.428] [INFO] info - get params:{}
[2024-03-04T23:11:34.428] [INFO] info - post params:{}
[2024-03-04T23:11:34.539] [INFO] info - get params:{"state":"1","pageNum":"1","pageSize":"10"}
[2024-03-04T23:11:34.539] [INFO] info - post params:{}
[2024-03-04T23:11:34.540] [INFO] info - get params:{}
[2024-03-04T23:11:34.540] [INFO] info - post params:{}
[2024-03-04T23:11:34.541] [INFO] info - get params:{}
[2024-03-04T23:11:34.541] [INFO] info - post params:{}
[2024-03-04T23:11:34.672] [INFO] info - get params:{}
[2024-03-04T23:11:34.673] [INFO] info - post params:{}
[2024-03-04T23:11:34.674] [INFO] info - get params:{}
[2024-03-04T23:11:34.674] [INFO] info - post params:{}
[2024-03-05T07:36:16.262] [INFO] info - get params:{}
[2024-03-05T07:36:16.262] [INFO] info - post params:{}
[2024-03-05T20:23:04.032] [INFO] info - **数据库连接成功**
[2024-03-05T20:23:21.804] [INFO] info - get params:{}
[2024-03-05T20:23:21.805] [INFO] info - post params:{}
[2024-03-05T20:23:21.908] [INFO] info - get params:{}
[2024-03-05T20:23:21.908] [INFO] info - post params:{}
[2024-03-05T20:23:21.911] [INFO] info - get params:{}
[2024-03-05T20:23:21.912] [INFO] info - post params:{}
[2024-03-05T20:23:34.534] [INFO] info - get params:{}
[2024-03-05T20:23:34.534] [INFO] info - post params:{"userName":"管理员","userPwd":"123456"}
[2024-03-05T20:23:34.551] [INFO] info - User.findOne:{
  deptId: [ '65d1f9a4f66eb050ec4e493c' ],
  state: 1,
  role: 1,
  roleList: [ '65d0c8b51388403ba81aa28e' ],
  _id: 65d0d056848da6578c813ae5,
  userId: 10321,
  userName: '管理员',
  userEmail: 'guanliyuan@imooc.com'
}
[2024-03-05T20:23:34.766] [INFO] info - get params:{}
[2024-03-05T20:23:34.766] [INFO] info - post params:{}
[2024-03-05T20:23:34.874] [INFO] info - get params:{}
[2024-03-05T20:23:34.875] [INFO] info - post params:{}
[2024-03-05T20:23:35.717] [INFO] info - get params:{}
[2024-03-05T20:23:35.717] [INFO] info - post params:{}
[2024-03-05T20:23:35.950] [INFO] info - get params:{}
[2024-03-05T20:23:35.951] [INFO] info - post params:{}
[2024-03-05T20:23:35.952] [INFO] info - get params:{}
[2024-03-05T20:23:35.952] [INFO] info - post params:{}
[2024-03-05T20:23:37.520] [INFO] info - get params:{"menuState":"1"}
[2024-03-05T20:23:37.520] [INFO] info - post params:{}
[2024-03-05T20:27:40.490] [INFO] info - get params:{}
[2024-03-05T20:27:40.491] [INFO] info - post params:{"parentId":[null],"menuType":1,"menuState":1,"menuName":"测试","icon":"Setting","path":"/system","component":"11","createTime":"2021-04-04T13:23:49.765Z","updateTime":"2023-05-17T16:10:33.549Z","_id":"65d0ce8a848da6578c813a7f","__v":0,"children":[{"parentId":["65d0ce8a848da6578c813a7f"],"createTime":"2021-04-04T13:23:49.765Z","updateTime":"2023-05-17T16:11:36.256Z","_id":"65d0cea9848da6578c813a82","menuType":1,"menuState":1,"menuName":"用户管理","icon":"User","path":"/system/user","__v":0,"component":"User","children":[{"parentId":["65d0ce8a848da6578c813a7f","65d0cea9848da6578c813a82"],"createTime":"2021-05-16T09:34:46.325Z","updateTime":"2021-05-16T09:34:46.325Z","_id":"65d0cedb848da6578c813a8e","menuType":2,"menuState":1,"menuName":"新增","__v":0,"menuCode":"user-create"},{"parentId":["65d0ce8a848da6578c813a7f","65d0cea9848da6578c813a82"],"createTime":"2021-05-16T09:34:46.325Z","updateTime":"2021-05-16T09:34:46.325Z","_id":"65d0cee3848da6578c813a91","menuType":2,"menuState":1,"menuName":"编辑","__v":0,"menuCode":"user-edit"},{"parentId":["65d0ce8a848da6578c813a7f","65d0cea9848da6578c813a82"],"createTime":"2021-05-16T09:34:46.325Z","updateTime":"2021-05-16T09:34:46.325Z","_id":"65d0ceec848da6578c813a94","menuType":2,"menuState":1,"menuName":"删除","__v":0,"menuCode":"user-delete"},{"parentId":["65d0ce8a848da6578c813a7f","65d0cea9848da6578c813a82"],"createTime":"2021-05-16T09:34:46.325Z","updateTime":"2021-05-16T09:34:46.325Z","_id":"65d0cef3848da6578c813a97","menuType":2,"menuState":1,"menuName":"批量删除","__v":0,"menuCode":"user-patch-delete"}],"action":[{"parentId":["65d0ce8a848da6578c813a7f","65d0cea9848da6578c813a82"],"createTime":"2021-05-16T09:34:46.325Z","updateTime":"2021-05-16T09:34:46.325Z","_id":"65d0cedb848da6578c813a8e","menuType":2,"menuState":1,"menuName":"新增","__v":0,"menuCode":"user-create"},{"parentId":["65d0ce8a848da6578c813a7f","65d0cea9848da6578c813a82"],"createTime":"2021-05-16T09:34:46.325Z","updateTime":"2021-05-16T09:34:46.325Z","_id":"65d0cee3848da6578c813a91","menuType":2,"menuState":1,"menuName":"编辑","__v":0,"menuCode":"user-edit"},{"parentId":["65d0ce8a848da6578c813a7f","65d0cea9848da6578c813a82"],"createTime":"2021-05-16T09:34:46.325Z","updateTime":"2021-05-16T09:34:46.325Z","_id":"65d0ceec848da6578c813a94","menuType":2,"menuState":1,"menuName":"删除","__v":0,"menuCode":"user-delete"},{"parentId":["65d0ce8a848da6578c813a7f","65d0cea9848da6578c813a82"],"createTime":"2021-05-16T09:34:46.325Z","updateTime":"2021-05-16T09:34:46.325Z","_id":"65d0cef3848da6578c813a97","menuType":2,"menuState":1,"menuName":"批量删除","__v":0,"menuCode":"user-patch-delete"}]},{"parentId":["65d0ce8a848da6578c813a7f"],"createTime":"2021-04-04T13:23:49.765Z","updateTime":"2023-05-17T16:11:57.210Z","_id":"65d0ceb7848da6578c813a85","menuType":1,"menuState":1,"menuName":"菜单管理","icon":"Menu","path":"/system/menu","__v":0,"component":"Menu","children":[{"parentId":["65d0ce8a848da6578c813a7f","65d0ceb7848da6578c813a85"],"createTime":"2021-04-24T05:00:05.659Z","updateTime":"2021-04-24T05:00:05.659Z","_id":"65d0ceff848da6578c813a9a","menuType":2,"menuState":1,"menuName":"查看","__v":0,"menuCode":"menu_query"},{"parentId":["65d0ce8a848da6578c813a7f","65d0ceb7848da6578c813a85"],"createTime":"2021-05-16T09:34:46.325Z","updateTime":"2021-05-16T09:34:46.325Z","_id":"65d0cf07848da6578c813a9d","menuType":2,"menuState":1,"menuName":"新增","__v":0,"menuCode":"menu-create"},{"parentId":["65d0ce8a848da6578c813a7f","65d0ceb7848da6578c813a85"],"createTime":"2021-05-16T09:34:46.325Z","updateTime":"2021-05-16T09:34:46.325Z","_id":"65d0cf1e848da6578c813aa0","menuType":2,"menuState":1,"menuName":"编辑","__v":0,"menuCode":"menu-edit"},{"parentId":["65d0ce8a848da6578c813a7f","65d0ceb7848da6578c813a85"],"createTime":"2021-05-16T09:34:46.325Z","updateTime":"2021-05-16T09:34:46.325Z","_id":"65d0cf23848da6578c813aa3","menuType":2,"menuState":1,"menuName":"删除","__v":0,"menuCode":"menu-delete"}],"action":[{"parentId":["65d0ce8a848da6578c813a7f","65d0ceb7848da6578c813a85"],"createTime":"2021-04-24T05:00:05.659Z","updateTime":"2021-04-24T05:00:05.659Z","_id":"65d0ceff848da6578c813a9a","menuType":2,"menuState":1,"menuName":"查看","__v":0,"menuCode":"menu_query"},{"parentId":["65d0ce8a848da6578c813a7f","65d0ceb7848da6578c813a85"],"createTime":"2021-05-16T09:34:46.325Z","updateTime":"2021-05-16T09:34:46.325Z","_id":"65d0cf07848da6578c813a9d","menuType":2,"menuState":1,"menuName":"新增","__v":0,"menuCode":"menu-create"},{"parentId":["65d0ce8a848da6578c813a7f","65d0ceb7848da6578c813a85"],"createTime":"2021-05-16T09:34:46.325Z","updateTime":"2021-05-16T09:34:46.325Z","_id":"65d0cf1e848da6578c813aa0","menuType":2,"menuState":1,"menuName":"编辑","__v":0,"menuCode":"menu-edit"},{"parentId":["65d0ce8a848da6578c813a7f","65d0ceb7848da6578c813a85"],"createTime":"2021-05-16T09:34:46.325Z","updateTime":"2021-05-16T09:34:46.325Z","_id":"65d0cf23848da6578c813aa3","menuType":2,"menuState":1,"menuName":"删除","__v":0,"menuCode":"menu-delete"}]},{"parentId":["65d0ce8a848da6578c813a7f"],"createTime":"2021-04-24T05:00:05.659Z","updateTime":"2023-05-17T16:12:29.690Z","_id":"65d0cec1848da6578c813a88","menuType":1,"menuState":1,"menuName":"角色管理","icon":"Connection","path":"/system/role","__v":0,"component":"Role","children":[{"parentId":["65d0ce8a848da6578c813a7f","65d0cec1848da6578c813a88"],"createTime":"2021-05-09T07:17:23.890Z","updateTime":"2021-05-16T09:40:51.253Z","_id":"65d0cf2d848da6578c813aa6","menuType":2,"menuState":1,"menuName":"查看","__v":0,"menuCode":"role-query"},{"parentId":["65d0ce8a848da6578c813a7f","65d0cec1848da6578c813a88"],"createTime":"2021-05-16T09:34:46.325Z","updateTime":"2021-05-16T09:34:46.325Z","_id":"65d0cf34848da6578c813aa9","menuType":2,"menuState":1,"menuName":"创建","__v":0,"menuCode":"role-create"},{"parentId":["65d0ce8a848da6578c813a7f","65d0cec1848da6578c813a88"],"createTime":"2021-05-16T09:34:46.325Z","updateTime":"2021-05-16T09:34:46.325Z","_id":"65d0cf3b848da6578c813aac","menuType":2,"menuState":1,"menuName":"编辑","__v":0,"menuCode":"role-edit"},{"parentId":["65d0ce8a848da6578c813a7f","65d0cec1848da6578c813a88"],"createTime":"2021-05-16T09:34:46.325Z","updateTime":"2021-05-16T09:34:46.325Z","_id":"65d0cf46848da6578c813aaf","menuType":2,"menuState":1,"menuName":"设置权限","__v":0,"menuCode":"role-setting"},{"parentId":["65d0ce8a848da6578c813a7f","65d0cec1848da6578c813a88"],"createTime":"2021-05-16T09:34:46.325Z","updateTime":"2021-05-16T09:34:46.325Z","_id":"65d0cf4f848da6578c813ab2","menuType":2,"menuState":1,"menuName":"删除","__v":0,"menuCode":"role-delete"}],"action":[{"parentId":["65d0ce8a848da6578c813a7f","65d0cec1848da6578c813a88"],"createTime":"2021-05-09T07:17:23.890Z","updateTime":"2021-05-16T09:40:51.253Z","_id":"65d0cf2d848da6578c813aa6","menuType":2,"menuState":1,"menuName":"查看","__v":0,"menuCode":"role-query"},{"parentId":["65d0ce8a848da6578c813a7f","65d0cec1848da6578c813a88"],"createTime":"2021-05-16T09:34:46.325Z","updateTime":"2021-05-16T09:34:46.325Z","_id":"65d0cf34848da6578c813aa9","menuType":2,"menuState":1,"menuName":"创建","__v":0,"menuCode":"role-create"},{"parentId":["65d0ce8a848da6578c813a7f","65d0cec1848da6578c813a88"],"createTime":"2021-05-16T09:34:46.325Z","updateTime":"2021-05-16T09:34:46.325Z","_id":"65d0cf3b848da6578c813aac","menuType":2,"menuState":1,"menuName":"编辑","__v":0,"menuCode":"role-edit"},{"parentId":["65d0ce8a848da6578c813a7f","65d0cec1848da6578c813a88"],"createTime":"2021-05-16T09:34:46.325Z","updateTime":"2021-05-16T09:34:46.325Z","_id":"65d0cf46848da6578c813aaf","menuType":2,"menuState":1,"menuName":"设置权限","__v":0,"menuCode":"role-setting"},{"parentId":["65d0ce8a848da6578c813a7f","65d0cec1848da6578c813a88"],"createTime":"2021-05-16T09:34:46.325Z","updateTime":"2021-05-16T09:34:46.325Z","_id":"65d0cf4f848da6578c813ab2","menuType":2,"menuState":1,"menuName":"删除","__v":0,"menuCode":"role-delete"}]},{"parentId":["65d0ce8a848da6578c813a7f"],"createTime":"2021-05-09T07:17:23.890Z","updateTime":"2023-05-17T16:12:42.794Z","_id":"65d0cec8848da6578c813a8b","menuType":1,"menuState":1,"menuName":"部门管理","icon":"Service","path":"/system/dept","__v":0,"component":"Dept","children":[{"parentId":["65d0ce8a848da6578c813a7f","65d0cec8848da6578c813a8b"],"createTime":"2021-05-09T07:17:23.890Z","updateTime":"2021-05-09T07:17:23.890Z","_id":"65d0cf5c848da6578c813ab5","menuType":2,"menuState":1,"menuName":"查看","__v":0,"menuCode":"dept-query"},{"parentId":["65d0ce8a848da6578c813a7f","65d0cec8848da6578c813a8b"],"createTime":"2021-05-09T07:17:23.890Z","updateTime":"2021-05-09T07:17:23.890Z","_id":"65d0cf64848da6578c813ab8","menuType":2,"menuState":1,"menuName":"创建","__v":0,"menuCode":"dept-create"},{"parentId":["65d0ce8a848da6578c813a7f","65d0cec8848da6578c813a8b"],"createTime":"2021-05-09T07:17:23.890Z","updateTime":"2021-05-09T07:17:23.890Z","_id":"65d0cf6e848da6578c813abb","menuType":2,"menuState":1,"menuName":"编辑","__v":0,"menuCode":"dept-edit"},{"parentId":["65d0ce8a848da6578c813a7f","65d0cec8848da6578c813a8b"],"createTime":"2021-05-09T07:17:23.890Z","updateTime":"2021-05-09T07:17:23.890Z","_id":"65d0cf74848da6578c813abe","menuType":2,"menuState":1,"menuName":"删除","__v":0,"menuCode":"dept-delete"}],"action":[{"parentId":["65d0ce8a848da6578c813a7f","65d0cec8848da6578c813a8b"],"createTime":"2021-05-09T07:17:23.890Z","updateTime":"2021-05-09T07:17:23.890Z","_id":"65d0cf5c848da6578c813ab5","menuType":2,"menuState":1,"menuName":"查看","__v":0,"menuCode":"dept-query"},{"parentId":["65d0ce8a848da6578c813a7f","65d0cec8848da6578c813a8b"],"createTime":"2021-05-09T07:17:23.890Z","updateTime":"2021-05-09T07:17:23.890Z","_id":"65d0cf64848da6578c813ab8","menuType":2,"menuState":1,"menuName":"创建","__v":0,"menuCode":"dept-create"},{"parentId":["65d0ce8a848da6578c813a7f","65d0cec8848da6578c813a8b"],"createTime":"2021-05-09T07:17:23.890Z","updateTime":"2021-05-09T07:17:23.890Z","_id":"65d0cf6e848da6578c813abb","menuType":2,"menuState":1,"menuName":"编辑","__v":0,"menuCode":"dept-edit"},{"parentId":["65d0ce8a848da6578c813a7f","65d0cec8848da6578c813a8b"],"createTime":"2021-05-09T07:17:23.890Z","updateTime":"2021-05-09T07:17:23.890Z","_id":"65d0cf74848da6578c813abe","menuType":2,"menuState":1,"menuName":"删除","__v":0,"menuCode":"dept-delete"}]}],"action":"add"}
[2024-03-05T20:27:40.753] [INFO] info - get params:{"menuState":"1"}
[2024-03-05T20:27:40.754] [INFO] info - post params:{}
[2024-03-05T20:27:42.702] [INFO] info - get params:{}
[2024-03-05T20:27:42.702] [INFO] info - post params:{"_id":"65e70fbc9b90dc340c9d560a","action":"delete"}
[2024-03-05T20:27:43.020] [INFO] info - get params:{"menuState":"1"}
[2024-03-05T20:27:43.020] [INFO] info - post params:{}
[2024-03-05T20:27:53.269] [INFO] info - get params:{}
[2024-03-05T20:27:53.269] [INFO] info - post params:{"parentId":[null],"menuType":1,"menuState":1,"menuName":"测试","createTime":"2021-04-04T13:23:49.765Z","updateTime":"2023-05-17T16:10:33.549Z","_id":"65d0ce8a848da6578c813a7f","__v":0,"children":[{"parentId":["65d0ce8a848da6578c813a7f"],"createTime":"2021-04-04T13:23:49.765Z","updateTime":"2023-05-17T16:11:36.256Z","_id":"65d0cea9848da6578c813a82","menuType":1,"menuState":1,"menuName":"用户管理","icon":"User","path":"/system/user","__v":0,"component":"User","children":[{"parentId":["65d0ce8a848da6578c813a7f","65d0cea9848da6578c813a82"],"createTime":"2021-05-16T09:34:46.325Z","updateTime":"2021-05-16T09:34:46.325Z","_id":"65d0cedb848da6578c813a8e","menuType":2,"menuState":1,"menuName":"新增","__v":0,"menuCode":"user-create"},{"parentId":["65d0ce8a848da6578c813a7f","65d0cea9848da6578c813a82"],"createTime":"2021-05-16T09:34:46.325Z","updateTime":"2021-05-16T09:34:46.325Z","_id":"65d0cee3848da6578c813a91","menuType":2,"menuState":1,"menuName":"编辑","__v":0,"menuCode":"user-edit"},{"parentId":["65d0ce8a848da6578c813a7f","65d0cea9848da6578c813a82"],"createTime":"2021-05-16T09:34:46.325Z","updateTime":"2021-05-16T09:34:46.325Z","_id":"65d0ceec848da6578c813a94","menuType":2,"menuState":1,"menuName":"删除","__v":0,"menuCode":"user-delete"},{"parentId":["65d0ce8a848da6578c813a7f","65d0cea9848da6578c813a82"],"createTime":"2021-05-16T09:34:46.325Z","updateTime":"2021-05-16T09:34:46.325Z","_id":"65d0cef3848da6578c813a97","menuType":2,"menuState":1,"menuName":"批量删除","__v":0,"menuCode":"user-patch-delete"}],"action":[{"parentId":["65d0ce8a848da6578c813a7f","65d0cea9848da6578c813a82"],"createTime":"2021-05-16T09:34:46.325Z","updateTime":"2021-05-16T09:34:46.325Z","_id":"65d0cedb848da6578c813a8e","menuType":2,"menuState":1,"menuName":"新增","__v":0,"menuCode":"user-create"},{"parentId":["65d0ce8a848da6578c813a7f","65d0cea9848da6578c813a82"],"createTime":"2021-05-16T09:34:46.325Z","updateTime":"2021-05-16T09:34:46.325Z","_id":"65d0cee3848da6578c813a91","menuType":2,"menuState":1,"menuName":"编辑","__v":0,"menuCode":"user-edit"},{"parentId":["65d0ce8a848da6578c813a7f","65d0cea9848da6578c813a82"],"createTime":"2021-05-16T09:34:46.325Z","updateTime":"2021-05-16T09:34:46.325Z","_id":"65d0ceec848da6578c813a94","menuType":2,"menuState":1,"menuName":"删除","__v":0,"menuCode":"user-delete"},{"parentId":["65d0ce8a848da6578c813a7f","65d0cea9848da6578c813a82"],"createTime":"2021-05-16T09:34:46.325Z","updateTime":"2021-05-16T09:34:46.325Z","_id":"65d0cef3848da6578c813a97","menuType":2,"menuState":1,"menuName":"批量删除","__v":0,"menuCode":"user-patch-delete"}]},{"parentId":["65d0ce8a848da6578c813a7f"],"createTime":"2021-04-04T13:23:49.765Z","updateTime":"2023-05-17T16:11:57.210Z","_id":"65d0ceb7848da6578c813a85","menuType":1,"menuState":1,"menuName":"菜单管理","icon":"Menu","path":"/system/menu","__v":0,"component":"Menu","children":[{"parentId":["65d0ce8a848da6578c813a7f","65d0ceb7848da6578c813a85"],"createTime":"2021-04-24T05:00:05.659Z","updateTime":"2021-04-24T05:00:05.659Z","_id":"65d0ceff848da6578c813a9a","menuType":2,"menuState":1,"menuName":"查看","__v":0,"menuCode":"menu_query"},{"parentId":["65d0ce8a848da6578c813a7f","65d0ceb7848da6578c813a85"],"createTime":"2021-05-16T09:34:46.325Z","updateTime":"2021-05-16T09:34:46.325Z","_id":"65d0cf07848da6578c813a9d","menuType":2,"menuState":1,"menuName":"新增","__v":0,"menuCode":"menu-create"},{"parentId":["65d0ce8a848da6578c813a7f","65d0ceb7848da6578c813a85"],"createTime":"2021-05-16T09:34:46.325Z","updateTime":"2021-05-16T09:34:46.325Z","_id":"65d0cf1e848da6578c813aa0","menuType":2,"menuState":1,"menuName":"编辑","__v":0,"menuCode":"menu-edit"},{"parentId":["65d0ce8a848da6578c813a7f","65d0ceb7848da6578c813a85"],"createTime":"2021-05-16T09:34:46.325Z","updateTime":"2021-05-16T09:34:46.325Z","_id":"65d0cf23848da6578c813aa3","menuType":2,"menuState":1,"menuName":"删除","__v":0,"menuCode":"menu-delete"}],"action":[{"parentId":["65d0ce8a848da6578c813a7f","65d0ceb7848da6578c813a85"],"createTime":"2021-04-24T05:00:05.659Z","updateTime":"2021-04-24T05:00:05.659Z","_id":"65d0ceff848da6578c813a9a","menuType":2,"menuState":1,"menuName":"查看","__v":0,"menuCode":"menu_query"},{"parentId":["65d0ce8a848da6578c813a7f","65d0ceb7848da6578c813a85"],"createTime":"2021-05-16T09:34:46.325Z","updateTime":"2021-05-16T09:34:46.325Z","_id":"65d0cf07848da6578c813a9d","menuType":2,"menuState":1,"menuName":"新增","__v":0,"menuCode":"menu-create"},{"parentId":["65d0ce8a848da6578c813a7f","65d0ceb7848da6578c813a85"],"createTime":"2021-05-16T09:34:46.325Z","updateTime":"2021-05-16T09:34:46.325Z","_id":"65d0cf1e848da6578c813aa0","menuType":2,"menuState":1,"menuName":"编辑","__v":0,"menuCode":"menu-edit"},{"parentId":["65d0ce8a848da6578c813a7f","65d0ceb7848da6578c813a85"],"createTime":"2021-05-16T09:34:46.325Z","updateTime":"2021-05-16T09:34:46.325Z","_id":"65d0cf23848da6578c813aa3","menuType":2,"menuState":1,"menuName":"删除","__v":0,"menuCode":"menu-delete"}]},{"parentId":["65d0ce8a848da6578c813a7f"],"createTime":"2021-04-24T05:00:05.659Z","updateTime":"2023-05-17T16:12:29.690Z","_id":"65d0cec1848da6578c813a88","menuType":1,"menuState":1,"menuName":"角色管理","icon":"Connection","path":"/system/role","__v":0,"component":"Role","children":[{"parentId":["65d0ce8a848da6578c813a7f","65d0cec1848da6578c813a88"],"createTime":"2021-05-09T07:17:23.890Z","updateTime":"2021-05-16T09:40:51.253Z","_id":"65d0cf2d848da6578c813aa6","menuType":2,"menuState":1,"menuName":"查看","__v":0,"menuCode":"role-query"},{"parentId":["65d0ce8a848da6578c813a7f","65d0cec1848da6578c813a88"],"createTime":"2021-05-16T09:34:46.325Z","updateTime":"2021-05-16T09:34:46.325Z","_id":"65d0cf34848da6578c813aa9","menuType":2,"menuState":1,"menuName":"创建","__v":0,"menuCode":"role-create"},{"parentId":["65d0ce8a848da6578c813a7f","65d0cec1848da6578c813a88"],"createTime":"2021-05-16T09:34:46.325Z","updateTime":"2021-05-16T09:34:46.325Z","_id":"65d0cf3b848da6578c813aac","menuType":2,"menuState":1,"menuName":"编辑","__v":0,"menuCode":"role-edit"},{"parentId":["65d0ce8a848da6578c813a7f","65d0cec1848da6578c813a88"],"createTime":"2021-05-16T09:34:46.325Z","updateTime":"2021-05-16T09:34:46.325Z","_id":"65d0cf46848da6578c813aaf","menuType":2,"menuState":1,"menuName":"设置权限","__v":0,"menuCode":"role-setting"},{"parentId":["65d0ce8a848da6578c813a7f","65d0cec1848da6578c813a88"],"createTime":"2021-05-16T09:34:46.325Z","updateTime":"2021-05-16T09:34:46.325Z","_id":"65d0cf4f848da6578c813ab2","menuType":2,"menuState":1,"menuName":"删除","__v":0,"menuCode":"role-delete"}],"action":[{"parentId":["65d0ce8a848da6578c813a7f","65d0cec1848da6578c813a88"],"createTime":"2021-05-09T07:17:23.890Z","updateTime":"2021-05-16T09:40:51.253Z","_id":"65d0cf2d848da6578c813aa6","menuType":2,"menuState":1,"menuName":"查看","__v":0,"menuCode":"role-query"},{"parentId":["65d0ce8a848da6578c813a7f","65d0cec1848da6578c813a88"],"createTime":"2021-05-16T09:34:46.325Z","updateTime":"2021-05-16T09:34:46.325Z","_id":"65d0cf34848da6578c813aa9","menuType":2,"menuState":1,"menuName":"创建","__v":0,"menuCode":"role-create"},{"parentId":["65d0ce8a848da6578c813a7f","65d0cec1848da6578c813a88"],"createTime":"2021-05-16T09:34:46.325Z","updateTime":"2021-05-16T09:34:46.325Z","_id":"65d0cf3b848da6578c813aac","menuType":2,"menuState":1,"menuName":"编辑","__v":0,"menuCode":"role-edit"},{"parentId":["65d0ce8a848da6578c813a7f","65d0cec1848da6578c813a88"],"createTime":"2021-05-16T09:34:46.325Z","updateTime":"2021-05-16T09:34:46.325Z","_id":"65d0cf46848da6578c813aaf","menuType":2,"menuState":1,"menuName":"设置权限","__v":0,"menuCode":"role-setting"},{"parentId":["65d0ce8a848da6578c813a7f","65d0cec1848da6578c813a88"],"createTime":"2021-05-16T09:34:46.325Z","updateTime":"2021-05-16T09:34:46.325Z","_id":"65d0cf4f848da6578c813ab2","menuType":2,"menuState":1,"menuName":"删除","__v":0,"menuCode":"role-delete"}]},{"parentId":["65d0ce8a848da6578c813a7f"],"createTime":"2021-05-09T07:17:23.890Z","updateTime":"2023-05-17T16:12:42.794Z","_id":"65d0cec8848da6578c813a8b","menuType":1,"menuState":1,"menuName":"部门管理","icon":"Service","path":"/system/dept","__v":0,"component":"Dept","children":[{"parentId":["65d0ce8a848da6578c813a7f","65d0cec8848da6578c813a8b"],"createTime":"2021-05-09T07:17:23.890Z","updateTime":"2021-05-09T07:17:23.890Z","_id":"65d0cf5c848da6578c813ab5","menuType":2,"menuState":1,"menuName":"查看","__v":0,"menuCode":"dept-query"},{"parentId":["65d0ce8a848da6578c813a7f","65d0cec8848da6578c813a8b"],"createTime":"2021-05-09T07:17:23.890Z","updateTime":"2021-05-09T07:17:23.890Z","_id":"65d0cf64848da6578c813ab8","menuType":2,"menuState":1,"menuName":"创建","__v":0,"menuCode":"dept-create"},{"parentId":["65d0ce8a848da6578c813a7f","65d0cec8848da6578c813a8b"],"createTime":"2021-05-09T07:17:23.890Z","updateTime":"2021-05-09T07:17:23.890Z","_id":"65d0cf6e848da6578c813abb","menuType":2,"menuState":1,"menuName":"编辑","__v":0,"menuCode":"dept-edit"},{"parentId":["65d0ce8a848da6578c813a7f","65d0cec8848da6578c813a8b"],"createTime":"2021-05-09T07:17:23.890Z","updateTime":"2021-05-09T07:17:23.890Z","_id":"65d0cf74848da6578c813abe","menuType":2,"menuState":1,"menuName":"删除","__v":0,"menuCode":"dept-delete"}],"action":[{"parentId":["65d0ce8a848da6578c813a7f","65d0cec8848da6578c813a8b"],"createTime":"2021-05-09T07:17:23.890Z","updateTime":"2021-05-09T07:17:23.890Z","_id":"65d0cf5c848da6578c813ab5","menuType":2,"menuState":1,"menuName":"查看","__v":0,"menuCode":"dept-query"},{"parentId":["65d0ce8a848da6578c813a7f","65d0cec8848da6578c813a8b"],"createTime":"2021-05-09T07:17:23.890Z","updateTime":"2021-05-09T07:17:23.890Z","_id":"65d0cf64848da6578c813ab8","menuType":2,"menuState":1,"menuName":"创建","__v":0,"menuCode":"dept-create"},{"parentId":["65d0ce8a848da6578c813a7f","65d0cec8848da6578c813a8b"],"createTime":"2021-05-09T07:17:23.890Z","updateTime":"2021-05-09T07:17:23.890Z","_id":"65d0cf6e848da6578c813abb","menuType":2,"menuState":1,"menuName":"编辑","__v":0,"menuCode":"dept-edit"},{"parentId":["65d0ce8a848da6578c813a7f","65d0cec8848da6578c813a8b"],"createTime":"2021-05-09T07:17:23.890Z","updateTime":"2021-05-09T07:17:23.890Z","_id":"65d0cf74848da6578c813abe","menuType":2,"menuState":1,"menuName":"删除","__v":0,"menuCode":"dept-delete"}]}],"action":"add"}
[2024-03-05T20:27:53.602] [INFO] info - get params:{"menuState":"1"}
[2024-03-05T20:27:53.602] [INFO] info - post params:{}
[2024-03-05T20:27:59.428] [INFO] info - get params:{}
[2024-03-05T20:27:59.428] [INFO] info - post params:{"parentId":["65e70fc99b90dc340c9d5610"],"menuType":1,"menuState":1,"menuName":"测试1","createTime":"2021-04-04T13:23:49.765Z","updateTime":"2023-05-17T16:10:33.549Z","_id":"65d0ce8a848da6578c813a7f","__v":0,"children":[{"parentId":["65d0ce8a848da6578c813a7f"],"createTime":"2021-04-04T13:23:49.765Z","updateTime":"2023-05-17T16:11:36.256Z","_id":"65d0cea9848da6578c813a82","menuType":1,"menuState":1,"menuName":"用户管理","icon":"User","path":"/system/user","__v":0,"component":"User","children":[{"parentId":["65d0ce8a848da6578c813a7f","65d0cea9848da6578c813a82"],"createTime":"2021-05-16T09:34:46.325Z","updateTime":"2021-05-16T09:34:46.325Z","_id":"65d0cedb848da6578c813a8e","menuType":2,"menuState":1,"menuName":"新增","__v":0,"menuCode":"user-create"},{"parentId":["65d0ce8a848da6578c813a7f","65d0cea9848da6578c813a82"],"createTime":"2021-05-16T09:34:46.325Z","updateTime":"2021-05-16T09:34:46.325Z","_id":"65d0cee3848da6578c813a91","menuType":2,"menuState":1,"menuName":"编辑","__v":0,"menuCode":"user-edit"},{"parentId":["65d0ce8a848da6578c813a7f","65d0cea9848da6578c813a82"],"createTime":"2021-05-16T09:34:46.325Z","updateTime":"2021-05-16T09:34:46.325Z","_id":"65d0ceec848da6578c813a94","menuType":2,"menuState":1,"menuName":"删除","__v":0,"menuCode":"user-delete"},{"parentId":["65d0ce8a848da6578c813a7f","65d0cea9848da6578c813a82"],"createTime":"2021-05-16T09:34:46.325Z","updateTime":"2021-05-16T09:34:46.325Z","_id":"65d0cef3848da6578c813a97","menuType":2,"menuState":1,"menuName":"批量删除","__v":0,"menuCode":"user-patch-delete"}],"action":[{"parentId":["65d0ce8a848da6578c813a7f","65d0cea9848da6578c813a82"],"createTime":"2021-05-16T09:34:46.325Z","updateTime":"2021-05-16T09:34:46.325Z","_id":"65d0cedb848da6578c813a8e","menuType":2,"menuState":1,"menuName":"新增","__v":0,"menuCode":"user-create"},{"parentId":["65d0ce8a848da6578c813a7f","65d0cea9848da6578c813a82"],"createTime":"2021-05-16T09:34:46.325Z","updateTime":"2021-05-16T09:34:46.325Z","_id":"65d0cee3848da6578c813a91","menuType":2,"menuState":1,"menuName":"编辑","__v":0,"menuCode":"user-edit"},{"parentId":["65d0ce8a848da6578c813a7f","65d0cea9848da6578c813a82"],"createTime":"2021-05-16T09:34:46.325Z","updateTime":"2021-05-16T09:34:46.325Z","_id":"65d0ceec848da6578c813a94","menuType":2,"menuState":1,"menuName":"删除","__v":0,"menuCode":"user-delete"},{"parentId":["65d0ce8a848da6578c813a7f","65d0cea9848da6578c813a82"],"createTime":"2021-05-16T09:34:46.325Z","updateTime":"2021-05-16T09:34:46.325Z","_id":"65d0cef3848da6578c813a97","menuType":2,"menuState":1,"menuName":"批量删除","__v":0,"menuCode":"user-patch-delete"}]},{"parentId":["65d0ce8a848da6578c813a7f"],"createTime":"2021-04-04T13:23:49.765Z","updateTime":"2023-05-17T16:11:57.210Z","_id":"65d0ceb7848da6578c813a85","menuType":1,"menuState":1,"menuName":"菜单管理","icon":"Menu","path":"/system/menu","__v":0,"component":"Menu","children":[{"parentId":["65d0ce8a848da6578c813a7f","65d0ceb7848da6578c813a85"],"createTime":"2021-04-24T05:00:05.659Z","updateTime":"2021-04-24T05:00:05.659Z","_id":"65d0ceff848da6578c813a9a","menuType":2,"menuState":1,"menuName":"查看","__v":0,"menuCode":"menu_query"},{"parentId":["65d0ce8a848da6578c813a7f","65d0ceb7848da6578c813a85"],"createTime":"2021-05-16T09:34:46.325Z","updateTime":"2021-05-16T09:34:46.325Z","_id":"65d0cf07848da6578c813a9d","menuType":2,"menuState":1,"menuName":"新增","__v":0,"menuCode":"menu-create"},{"parentId":["65d0ce8a848da6578c813a7f","65d0ceb7848da6578c813a85"],"createTime":"2021-05-16T09:34:46.325Z","updateTime":"2021-05-16T09:34:46.325Z","_id":"65d0cf1e848da6578c813aa0","menuType":2,"menuState":1,"menuName":"编辑","__v":0,"menuCode":"menu-edit"},{"parentId":["65d0ce8a848da6578c813a7f","65d0ceb7848da6578c813a85"],"createTime":"2021-05-16T09:34:46.325Z","updateTime":"2021-05-16T09:34:46.325Z","_id":"65d0cf23848da6578c813aa3","menuType":2,"menuState":1,"menuName":"删除","__v":0,"menuCode":"menu-delete"}],"action":[{"parentId":["65d0ce8a848da6578c813a7f","65d0ceb7848da6578c813a85"],"createTime":"2021-04-24T05:00:05.659Z","updateTime":"2021-04-24T05:00:05.659Z","_id":"65d0ceff848da6578c813a9a","menuType":2,"menuState":1,"menuName":"查看","__v":0,"menuCode":"menu_query"},{"parentId":["65d0ce8a848da6578c813a7f","65d0ceb7848da6578c813a85"],"createTime":"2021-05-16T09:34:46.325Z","updateTime":"2021-05-16T09:34:46.325Z","_id":"65d0cf07848da6578c813a9d","menuType":2,"menuState":1,"menuName":"新增","__v":0,"menuCode":"menu-create"},{"parentId":["65d0ce8a848da6578c813a7f","65d0ceb7848da6578c813a85"],"createTime":"2021-05-16T09:34:46.325Z","updateTime":"2021-05-16T09:34:46.325Z","_id":"65d0cf1e848da6578c813aa0","menuType":2,"menuState":1,"menuName":"编辑","__v":0,"menuCode":"menu-edit"},{"parentId":["65d0ce8a848da6578c813a7f","65d0ceb7848da6578c813a85"],"createTime":"2021-05-16T09:34:46.325Z","updateTime":"2021-05-16T09:34:46.325Z","_id":"65d0cf23848da6578c813aa3","menuType":2,"menuState":1,"menuName":"删除","__v":0,"menuCode":"menu-delete"}]},{"parentId":["65d0ce8a848da6578c813a7f"],"createTime":"2021-04-24T05:00:05.659Z","updateTime":"2023-05-17T16:12:29.690Z","_id":"65d0cec1848da6578c813a88","menuType":1,"menuState":1,"menuName":"角色管理","icon":"Connection","path":"/system/role","__v":0,"component":"Role","children":[{"parentId":["65d0ce8a848da6578c813a7f","65d0cec1848da6578c813a88"],"createTime":"2021-05-09T07:17:23.890Z","updateTime":"2021-05-16T09:40:51.253Z","_id":"65d0cf2d848da6578c813aa6","menuType":2,"menuState":1,"menuName":"查看","__v":0,"menuCode":"role-query"},{"parentId":["65d0ce8a848da6578c813a7f","65d0cec1848da6578c813a88"],"createTime":"2021-05-16T09:34:46.325Z","updateTime":"2021-05-16T09:34:46.325Z","_id":"65d0cf34848da6578c813aa9","menuType":2,"menuState":1,"menuName":"创建","__v":0,"menuCode":"role-create"},{"parentId":["65d0ce8a848da6578c813a7f","65d0cec1848da6578c813a88"],"createTime":"2021-05-16T09:34:46.325Z","updateTime":"2021-05-16T09:34:46.325Z","_id":"65d0cf3b848da6578c813aac","menuType":2,"menuState":1,"menuName":"编辑","__v":0,"menuCode":"role-edit"},{"parentId":["65d0ce8a848da6578c813a7f","65d0cec1848da6578c813a88"],"createTime":"2021-05-16T09:34:46.325Z","updateTime":"2021-05-16T09:34:46.325Z","_id":"65d0cf46848da6578c813aaf","menuType":2,"menuState":1,"menuName":"设置权限","__v":0,"menuCode":"role-setting"},{"parentId":["65d0ce8a848da6578c813a7f","65d0cec1848da6578c813a88"],"createTime":"2021-05-16T09:34:46.325Z","updateTime":"2021-05-16T09:34:46.325Z","_id":"65d0cf4f848da6578c813ab2","menuType":2,"menuState":1,"menuName":"删除","__v":0,"menuCode":"role-delete"}],"action":[{"parentId":["65d0ce8a848da6578c813a7f","65d0cec1848da6578c813a88"],"createTime":"2021-05-09T07:17:23.890Z","updateTime":"2021-05-16T09:40:51.253Z","_id":"65d0cf2d848da6578c813aa6","menuType":2,"menuState":1,"menuName":"查看","__v":0,"menuCode":"role-query"},{"parentId":["65d0ce8a848da6578c813a7f","65d0cec1848da6578c813a88"],"createTime":"2021-05-16T09:34:46.325Z","updateTime":"2021-05-16T09:34:46.325Z","_id":"65d0cf34848da6578c813aa9","menuType":2,"menuState":1,"menuName":"创建","__v":0,"menuCode":"role-create"},{"parentId":["65d0ce8a848da6578c813a7f","65d0cec1848da6578c813a88"],"createTime":"2021-05-16T09:34:46.325Z","updateTime":"2021-05-16T09:34:46.325Z","_id":"65d0cf3b848da6578c813aac","menuType":2,"menuState":1,"menuName":"编辑","__v":0,"menuCode":"role-edit"},{"parentId":["65d0ce8a848da6578c813a7f","65d0cec1848da6578c813a88"],"createTime":"2021-05-16T09:34:46.325Z","updateTime":"2021-05-16T09:34:46.325Z","_id":"65d0cf46848da6578c813aaf","menuType":2,"menuState":1,"menuName":"设置权限","__v":0,"menuCode":"role-setting"},{"parentId":["65d0ce8a848da6578c813a7f","65d0cec1848da6578c813a88"],"createTime":"2021-05-16T09:34:46.325Z","updateTime":"2021-05-16T09:34:46.325Z","_id":"65d0cf4f848da6578c813ab2","menuType":2,"menuState":1,"menuName":"删除","__v":0,"menuCode":"role-delete"}]},{"parentId":["65d0ce8a848da6578c813a7f"],"createTime":"2021-05-09T07:17:23.890Z","updateTime":"2023-05-17T16:12:42.794Z","_id":"65d0cec8848da6578c813a8b","menuType":1,"menuState":1,"menuName":"部门管理","icon":"Service","path":"/system/dept","__v":0,"component":"Dept","children":[{"parentId":["65d0ce8a848da6578c813a7f","65d0cec8848da6578c813a8b"],"createTime":"2021-05-09T07:17:23.890Z","updateTime":"2021-05-09T07:17:23.890Z","_id":"65d0cf5c848da6578c813ab5","menuType":2,"menuState":1,"menuName":"查看","__v":0,"menuCode":"dept-query"},{"parentId":["65d0ce8a848da6578c813a7f","65d0cec8848da6578c813a8b"],"createTime":"2021-05-09T07:17:23.890Z","updateTime":"2021-05-09T07:17:23.890Z","_id":"65d0cf64848da6578c813ab8","menuType":2,"menuState":1,"menuName":"创建","__v":0,"menuCode":"dept-create"},{"parentId":["65d0ce8a848da6578c813a7f","65d0cec8848da6578c813a8b"],"createTime":"2021-05-09T07:17:23.890Z","updateTime":"2021-05-09T07:17:23.890Z","_id":"65d0cf6e848da6578c813abb","menuType":2,"menuState":1,"menuName":"编辑","__v":0,"menuCode":"dept-edit"},{"parentId":["65d0ce8a848da6578c813a7f","65d0cec8848da6578c813a8b"],"createTime":"2021-05-09T07:17:23.890Z","updateTime":"2021-05-09T07:17:23.890Z","_id":"65d0cf74848da6578c813abe","menuType":2,"menuState":1,"menuName":"删除","__v":0,"menuCode":"dept-delete"}],"action":[{"parentId":["65d0ce8a848da6578c813a7f","65d0cec8848da6578c813a8b"],"createTime":"2021-05-09T07:17:23.890Z","updateTime":"2021-05-09T07:17:23.890Z","_id":"65d0cf5c848da6578c813ab5","menuType":2,"menuState":1,"menuName":"查看","__v":0,"menuCode":"dept-query"},{"parentId":["65d0ce8a848da6578c813a7f","65d0cec8848da6578c813a8b"],"createTime":"2021-05-09T07:17:23.890Z","updateTime":"2021-05-09T07:17:23.890Z","_id":"65d0cf64848da6578c813ab8","menuType":2,"menuState":1,"menuName":"创建","__v":0,"menuCode":"dept-create"},{"parentId":["65d0ce8a848da6578c813a7f","65d0cec8848da6578c813a8b"],"createTime":"2021-05-09T07:17:23.890Z","updateTime":"2021-05-09T07:17:23.890Z","_id":"65d0cf6e848da6578c813abb","menuType":2,"menuState":1,"menuName":"编辑","__v":0,"menuCode":"dept-edit"},{"parentId":["65d0ce8a848da6578c813a7f","65d0cec8848da6578c813a8b"],"createTime":"2021-05-09T07:17:23.890Z","updateTime":"2021-05-09T07:17:23.890Z","_id":"65d0cf74848da6578c813abe","menuType":2,"menuState":1,"menuName":"删除","__v":0,"menuCode":"dept-delete"}]}],"action":"add"}
[2024-03-05T20:27:59.755] [INFO] info - get params:{"menuState":"1"}
[2024-03-05T20:27:59.756] [INFO] info - post params:{}
[2024-03-05T20:29:18.002] [INFO] info - get params:{"roleName":"","total":"0","pageNum":"1","pageSize":"10"}
[2024-03-05T20:29:18.002] [INFO] info - post params:{}
[2024-03-05T20:29:18.141] [INFO] info - get params:{}
[2024-03-05T20:29:18.142] [INFO] info - post params:{}
[2024-03-05T20:31:19.085] [INFO] info - get params:{}
[2024-03-05T20:31:19.085] [INFO] info - post params:{"roleName":"测试","remark":"1","action":"create"}
[2024-03-05T20:31:19.334] [INFO] info - get params:{"roleName":"","total":"2","pageNum":"1","pageSize":"10"}
[2024-03-05T20:31:19.334] [INFO] info - post params:{}
[2024-03-05T20:32:39.498] [INFO] info - get params:{"deptName":""}
[2024-03-05T20:32:39.499] [INFO] info - post params:{}
[2024-03-05T20:32:39.705] [INFO] info - get params:{}
[2024-03-05T20:32:39.705] [INFO] info - post params:{}
[2024-03-05T20:34:55.643] [INFO] info - get params:{"applyState":"1","pageNum":"1","pageSize":"10","total":"0"}
[2024-03-05T20:34:55.643] [INFO] info - post params:{}
[2024-03-05T20:45:26.893] [INFO] info - get params:{}
[2024-03-05T20:45:26.893] [INFO] info - post params:{"applyType":1,"startTime":"2024-03-11T16:00:00.000Z","endTime":"2024-03-27T16:00:00.000Z","leaveTime":"17天","reasons":"111","action":"create"}
[2024-03-05T20:45:27.159] [INFO] info - get params:{"applyState":"1","pageNum":"1","pageSize":"10","total":"1"}
[2024-03-05T20:45:27.159] [INFO] info - post params:{}
[2024-03-05T20:47:28.631] [INFO] info - get params:{}
[2024-03-05T20:47:28.631] [INFO] info - post params:{"_id":"65e713e69b90dc340c9d5624","action":"delete"}
[2024-03-05T20:47:28.886] [INFO] info - get params:{"applyState":"1","pageNum":"1","pageSize":"10","total":"2"}
[2024-03-05T20:47:28.886] [INFO] info - post params:{}
[2024-03-05T20:47:31.795] [INFO] info - get params:{"applyState":"","pageNum":"1","pageSize":"10","total":"1"}
[2024-03-05T20:47:31.795] [INFO] info - post params:{}
[2024-03-05T20:47:56.443] [INFO] info - get params:{"applyState":"1","pageNum":"1","pageSize":"10","total":"0","type":"approve"}
[2024-03-05T20:47:56.444] [INFO] info - post params:{}
[2024-03-05T20:47:57.778] [INFO] info - get params:{"applyState":"1","pageNum":"1","pageSize":"10","total":"0"}
[2024-03-05T20:47:57.778] [INFO] info - post params:{}
[2024-03-05T20:48:07.083] [INFO] info - get params:{}
[2024-03-05T20:48:07.083] [INFO] info - post params:{"applyType":1,"startTime":"2024-03-06T16:00:00.000Z","endTime":"2024-03-13T16:00:00.000Z","leaveTime":"8天","reasons":"1111","action":"create"}
[2024-03-05T20:48:07.350] [INFO] info - get params:{"applyState":"1","pageNum":"1","pageSize":"10","total":"1"}
[2024-03-05T20:48:07.350] [INFO] info - post params:{}
[2024-03-05T20:48:08.489] [INFO] info - get params:{"applyState":"1","pageNum":"1","pageSize":"10","total":"0","type":"approve"}
[2024-03-05T20:48:08.489] [INFO] info - post params:{}
[2024-03-05T20:48:10.083] [INFO] info - get params:{"applyState":"1","pageNum":"1","pageSize":"10","total":"0"}
[2024-03-05T20:48:10.083] [INFO] info - post params:{}
[2024-03-05T20:48:16.201] [INFO] info - get params:{"applyState":"1","pageNum":"1","pageSize":"10","total":"0","type":"approve"}
[2024-03-05T20:48:16.201] [INFO] info - post params:{}
[2024-03-05T20:48:23.747] [INFO] info - get params:{}
[2024-03-05T20:48:23.747] [INFO] info - post params:{"userName":"人事主管","userPwd":"123456"}
[2024-03-05T20:48:23.749] [INFO] info - User.findOne:{
  deptId: [ '65d1f9a4f66eb050ec4e493c' ],
  state: 1,
  role: 1,
  roleList: [ '65d0c8b51388403ba81aa28e' ],
  _id: 65d1fb21f66eb050ec4e499e,
  userId: 10323,
  userName: '人事主管',
  userEmail: '791919148@imooc.com'
}
[2024-03-05T20:48:23.765] [INFO] info - get params:{}
[2024-03-05T20:48:23.765] [INFO] info - post params:{}
[2024-03-05T20:48:24.066] [INFO] info - get params:{}
[2024-03-05T20:48:24.066] [INFO] info - post params:{}
[2024-03-05T20:48:25.762] [INFO] info - get params:{"applyState":"1","pageNum":"1","pageSize":"10","total":"0"}
[2024-03-05T20:48:25.762] [INFO] info - post params:{}
[2024-03-05T20:48:26.041] [INFO] info - get params:{"applyState":"1","pageNum":"1","pageSize":"10","total":"0","type":"approve"}
[2024-03-05T20:48:26.041] [INFO] info - post params:{}
[2024-03-05T20:50:28.751] [INFO] info - get params:{}
[2024-03-05T20:50:28.752] [INFO] info - post params:{"action":"pass","remark":"11111","_id":"65e714879b90dc340c9d5637"}
[2024-03-05T20:50:29.017] [INFO] info - get params:{"applyState":"1","pageNum":"1","pageSize":"10","total":"3","type":"approve"}
[2024-03-05T20:50:29.017] [INFO] info - post params:{}
[2024-03-05T20:50:33.466] [INFO] info - get params:{"applyState":"1","pageNum":"1","pageSize":"10","total":"3","type":"approve"}
[2024-03-05T20:50:33.467] [INFO] info - post params:{}
[2024-03-05T20:50:34.919] [INFO] info - get params:{"applyState":"1","pageNum":"1","pageSize":"10","total":"0"}
[2024-03-05T20:50:34.919] [INFO] info - post params:{}
[2024-03-05T20:50:35.194] [INFO] info - get params:{"applyState":"1","pageNum":"1","pageSize":"10","total":"0","type":"approve"}
[2024-03-05T20:50:35.194] [INFO] info - post params:{}
[2024-03-05T20:50:59.524] [INFO] info - get params:{}
[2024-03-05T20:50:59.524] [INFO] info - post params:{"action":"pass","remark":"1323323","_id":"65e714879b90dc340c9d5637"}
[2024-03-05T20:50:59.789] [INFO] info - get params:{"applyState":"2","pageNum":"1","pageSize":"10","total":"3","type":"approve"}
[2024-03-05T20:50:59.789] [INFO] info - post params:{}
[2024-03-05T20:51:02.445] [INFO] info - get params:{"applyState":"2","pageNum":"1","pageSize":"10","total":"2","type":"approve"}
[2024-03-05T20:51:02.445] [INFO] info - post params:{}
[2024-03-05T20:51:04.315] [INFO] info - get params:{"applyState":"","pageNum":"1","pageSize":"10","total":"2","type":"approve"}
[2024-03-05T20:51:04.315] [INFO] info - post params:{}
[2024-03-05T20:58:45.742] [INFO] info - get params:{}
[2024-03-05T20:58:45.742] [INFO] info - post params:{}
[2024-03-05T20:58:45.743] [INFO] info - get params:{"state":"1","pageNum":"1","pageSize":"10"}
[2024-03-05T20:58:45.744] [INFO] info - post params:{}
[2024-03-05T20:58:45.745] [INFO] info - get params:{}
[2024-03-05T20:58:45.745] [INFO] info - post params:{}
[2024-03-05T20:58:50.400] [INFO] info - get params:{"state":"1","pageNum":"1","pageSize":"10","total":"4"}
[2024-03-05T20:58:50.400] [INFO] info - post params:{}
[2024-03-05T20:58:50.660] [INFO] info - get params:{"state":"1","pageNum":"1","pageSize":"10","total":"4"}
[2024-03-05T20:58:50.660] [INFO] info - post params:{}
[2024-03-05T20:58:50.723] [INFO] info - get params:{"state":"1","pageNum":"1","pageSize":"10","total":"4"}
[2024-03-05T20:58:50.723] [INFO] info - post params:{}
[2024-03-05T20:58:50.971] [INFO] info - get params:{"state":"1","pageNum":"1","pageSize":"10","total":"4"}
[2024-03-05T20:58:50.971] [INFO] info - post params:{}
[2024-03-05T20:58:51.032] [INFO] info - get params:{"state":"1","pageNum":"1","pageSize":"10","total":"4"}
[2024-03-05T20:58:51.032] [INFO] info - post params:{}
[2024-03-05T20:58:51.284] [INFO] info - get params:{"state":"1","pageNum":"1","pageSize":"10","total":"4"}
[2024-03-05T20:58:51.285] [INFO] info - post params:{}
[2024-03-05T20:58:51.347] [INFO] info - get params:{"state":"1","pageNum":"1","pageSize":"10","total":"4"}
[2024-03-05T20:58:51.348] [INFO] info - post params:{}
[2024-03-05T20:58:51.601] [INFO] info - get params:{"state":"1","pageNum":"1","pageSize":"10","total":"4"}
[2024-03-05T20:58:51.601] [INFO] info - post params:{}
[2024-03-05T21:00:12.292] [INFO] info - get params:{"state":"1","pageNum":"1","pageSize":"10","total":"4"}
[2024-03-05T21:00:12.292] [INFO] info - post params:{}
[2024-03-05T23:18:00.657] [INFO] info - get params:{}
[2024-03-05T23:18:00.658] [INFO] info - post params:{}
[2024-03-05T23:18:17.736] [INFO] info - get params:{}
[2024-03-05T23:18:17.737] [INFO] info - post params:{}
[2024-03-06T20:04:56.557] [INFO] info - **数据库连接成功**
[2024-04-07T14:40:36.705] [INFO] info - **数据库连接成功**
[2024-04-07T14:43:23.982] [INFO] info - get params:{}
[2024-04-07T14:43:23.982] [INFO] info - post params:{"userName":"管理员","userPwd":"12345"}
[2024-04-07T14:43:23.993] [INFO] info - User.findOne:null
[2024-04-07T14:43:23.993] [INFO] info - get params:827ccb0eea8a706c4c34a16891f84e7b
[2024-04-07T14:43:26.109] [INFO] info - get params:{}
[2024-04-07T14:43:26.110] [INFO] info - post params:{"userName":"管理员","userPwd":"123456"}
[2024-04-07T14:43:26.118] [INFO] info - User.findOne:{
  deptId: [ '65d1f9a4f66eb050ec4e493c' ],
  state: 1,
  role: 1,
  roleList: [ '65d0c8b51388403ba81aa28e' ],
  _id: 65d0d056848da6578c813ae5,
  userId: 10321,
  userName: '管理员',
  userEmail: 'guanliyuan@imooc.com'
}
[2024-04-07T14:43:26.207] [INFO] info - get params:{}
[2024-04-07T14:43:26.207] [INFO] info - post params:{}
[2024-04-07T14:43:26.211] [INFO] info - get params:{}
[2024-04-07T14:43:26.212] [INFO] info - post params:{}
[2024-04-07T14:43:32.433] [INFO] info - get params:{}
[2024-04-07T14:43:32.433] [INFO] info - post params:{}
[2024-04-07T14:43:32.435] [INFO] info - get params:{}
[2024-04-07T14:43:32.435] [INFO] info - post params:{}
[2024-04-07T14:43:33.510] [INFO] info - get params:{}
[2024-04-07T14:43:33.510] [INFO] info - post params:{}
[2024-04-07T14:43:33.551] [INFO] info - get params:{}
[2024-04-07T14:43:33.551] [INFO] info - post params:{}
[2024-04-07T14:43:33.553] [INFO] info - get params:{}
[2024-04-07T14:43:33.553] [INFO] info - post params:{}
[2024-04-07T14:43:36.521] [INFO] info - get params:{"state":"1","pageNum":"1","pageSize":"10"}
[2024-04-07T14:43:36.521] [INFO] info - post params:{}
[2024-04-07T14:43:36.523] [INFO] info - get params:{}
[2024-04-07T14:43:36.523] [INFO] info - post params:{}
[2024-04-07T14:43:36.524] [INFO] info - get params:{}
[2024-04-07T14:43:36.525] [INFO] info - post params:{}
[2024-04-07T14:43:37.331] [INFO] info - get params:{"menuState":"1"}
[2024-04-07T14:43:37.331] [INFO] info - post params:{}
[2024-04-07T14:43:37.867] [INFO] info - get params:{"state":"1","pageNum":"1","pageSize":"10"}
[2024-04-07T14:43:37.867] [INFO] info - post params:{}
[2024-04-07T14:43:37.868] [INFO] info - get params:{}
[2024-04-07T14:43:37.868] [INFO] info - post params:{}
[2024-04-07T14:43:37.869] [INFO] info - get params:{}
[2024-04-07T14:43:37.869] [INFO] info - post params:{}
[2024-04-07T14:43:38.353] [INFO] info - get params:{"menuState":"1"}
[2024-04-07T14:43:38.353] [INFO] info - post params:{}
[2024-04-07T14:43:38.744] [INFO] info - get params:{"state":"1","pageNum":"1","pageSize":"10"}
[2024-04-07T14:43:38.744] [INFO] info - post params:{}
[2024-04-07T14:43:38.745] [INFO] info - get params:{}
[2024-04-07T14:43:38.746] [INFO] info - post params:{}
[2024-04-07T14:43:38.747] [INFO] info - get params:{}
[2024-04-07T14:43:38.747] [INFO] info - post params:{}
[2024-04-07T14:43:46.976] [INFO] info - get params:{"applyState":"1","pageNum":"1","pageSize":"10","total":"0"}
[2024-04-07T14:43:46.976] [INFO] info - post params:{}
[2024-04-07T14:43:51.950] [INFO] info - get params:{"applyState":"1","pageNum":"1","pageSize":"10","total":"0","type":"approve"}
[2024-04-07T14:43:51.950] [INFO] info - post params:{}
[2024-04-07T14:43:53.459] [INFO] info - get params:{"applyState":"1","pageNum":"1","pageSize":"10","total":"0"}
[2024-04-07T14:43:53.459] [INFO] info - post params:{}
[2024-04-07T14:43:53.962] [INFO] info - get params:{"menuState":"1"}
[2024-04-07T14:43:53.963] [INFO] info - post params:{}
[2024-04-07T14:43:54.945] [INFO] info - get params:{"roleName":"","total":"0","pageNum":"1","pageSize":"10"}
[2024-04-07T14:43:54.945] [INFO] info - post params:{}
[2024-04-07T14:43:54.946] [INFO] info - get params:{}
[2024-04-07T14:43:54.947] [INFO] info - post params:{}
[2024-04-07T14:43:55.160] [INFO] info - get params:{"menuState":"1"}
[2024-04-07T14:43:55.160] [INFO] info - post params:{}
[2024-04-07T14:43:55.383] [INFO] info - get params:{"state":"1","pageNum":"1","pageSize":"10"}
[2024-04-07T14:43:55.383] [INFO] info - post params:{}
[2024-04-07T14:43:55.384] [INFO] info - get params:{}
[2024-04-07T14:43:55.384] [INFO] info - post params:{}
[2024-04-07T14:43:55.385] [INFO] info - get params:{}
[2024-04-07T14:43:55.385] [INFO] info - post params:{}
[2024-04-07T14:43:56.182] [INFO] info - get params:{"roleName":"","total":"0","pageNum":"1","pageSize":"10"}
[2024-04-07T14:43:56.182] [INFO] info - post params:{}
[2024-04-07T14:43:56.183] [INFO] info - get params:{}
[2024-04-07T14:43:56.183] [INFO] info - post params:{}
[2024-04-07T14:44:04.061] [INFO] info - get params:{"state":"1","pageNum":"1","pageSize":"10"}
[2024-04-07T14:44:04.061] [INFO] info - post params:{}
[2024-04-07T14:44:04.062] [INFO] info - get params:{}
[2024-04-07T14:44:04.062] [INFO] info - post params:{}
[2024-04-07T14:44:04.063] [INFO] info - get params:{}
[2024-04-07T14:44:04.063] [INFO] info - post params:{}
[2024-04-07T14:45:56.929] [INFO] info - get params:{}
[2024-04-07T14:45:56.929] [INFO] info - post params:{"userName":"admin","userPwd":"123456"}
[2024-04-07T14:45:56.931] [INFO] info - User.findOne:null
[2024-04-07T14:45:56.931] [INFO] info - get params:e10adc3949ba59abbe56e057f20f883e
[2024-04-07T14:46:03.816] [INFO] info - get params:{}
[2024-04-07T14:46:03.816] [INFO] info - post params:{"userName":"admin","userPwd":"1234566"}
[2024-04-07T14:46:03.818] [INFO] info - User.findOne:null
[2024-04-07T14:46:03.818] [INFO] info - get params:8d70d8ab2768f232ebe874175065ead3
[2024-04-07T14:46:07.031] [INFO] info - get params:{}
[2024-04-07T14:46:07.031] [INFO] info - post params:{"userName":"管理员","userPwd":"123456"}
[2024-04-07T14:46:07.033] [INFO] info - User.findOne:{
  deptId: [ '65d1f9a4f66eb050ec4e493c' ],
  state: 1,
  role: 1,
  roleList: [ '65d0c8b51388403ba81aa28e' ],
  _id: 65d0d056848da6578c813ae5,
  userId: 10321,
  userName: '管理员',
  userEmail: 'guanliyuan@imooc.com'
}
[2024-04-07T14:46:07.052] [INFO] info - get params:{}
[2024-04-07T14:46:07.052] [INFO] info - post params:{}
[2024-04-07T14:46:07.053] [INFO] info - get params:{}
[2024-04-07T14:46:07.053] [INFO] info - post params:{}
[2024-04-07T14:46:16.548] [INFO] info - get params:{}
[2024-04-07T14:46:16.548] [INFO] info - post params:{}
[2024-04-07T14:46:16.605] [INFO] info - get params:{}
[2024-04-07T14:46:16.605] [INFO] info - post params:{}
[2024-04-07T14:46:16.607] [INFO] info - get params:{}
[2024-04-07T14:46:16.607] [INFO] info - post params:{}
[2024-04-07T14:46:18.796] [INFO] info - get params:{"state":"1","pageNum":"1","pageSize":"10"}
[2024-04-07T14:46:18.797] [INFO] info - post params:{}
[2024-04-07T14:46:18.798] [INFO] info - get params:{}
[2024-04-07T14:46:18.798] [INFO] info - post params:{}
[2024-04-07T14:46:18.798] [INFO] info - get params:{}
[2024-04-07T14:46:18.799] [INFO] info - post params:{}
[2024-04-07T14:46:19.259] [INFO] info - get params:{"menuState":"1"}
[2024-04-07T14:46:19.259] [INFO] info - post params:{}
[2024-04-07T14:46:20.595] [INFO] info - get params:{"roleName":"","total":"0","pageNum":"1","pageSize":"10"}
[2024-04-07T14:46:20.595] [INFO] info - post params:{}
[2024-04-07T14:46:20.596] [INFO] info - get params:{}
[2024-04-07T14:46:20.596] [INFO] info - post params:{}
[2024-04-07T14:46:30.526] [INFO] info - get params:{}
[2024-04-07T14:46:30.526] [INFO] info - post params:{}
[2024-04-07T14:46:30.527] [INFO] info - get params:{"deptName":""}
[2024-04-07T14:46:30.527] [INFO] info - post params:{}
[2024-04-07T14:46:31.152] [INFO] info - get params:{"menuState":"1"}
[2024-04-07T14:46:31.153] [INFO] info - post params:{}
[2024-04-07T14:46:31.671] [INFO] info - get params:{"state":"1","pageNum":"1","pageSize":"10"}
[2024-04-07T14:46:31.671] [INFO] info - post params:{}
[2024-04-07T14:46:31.672] [INFO] info - get params:{}
[2024-04-07T14:46:31.672] [INFO] info - post params:{}
[2024-04-07T14:46:31.673] [INFO] info - get params:{}
[2024-04-07T14:46:31.673] [INFO] info - post params:{}
[2024-04-07T14:46:32.343] [INFO] info - get params:{"roleName":"","total":"0","pageNum":"1","pageSize":"10"}
[2024-04-07T14:46:32.343] [INFO] info - post params:{}
[2024-04-07T14:46:32.344] [INFO] info - get params:{}
[2024-04-07T14:46:32.344] [INFO] info - post params:{}
[2024-04-07T14:46:33.670] [INFO] info - get params:{"menuState":"1"}
[2024-04-07T14:46:33.671] [INFO] info - post params:{}
[2024-04-07T14:46:34.934] [INFO] info - get params:{"state":"1","pageNum":"1","pageSize":"10"}
[2024-04-07T14:46:34.934] [INFO] info - post params:{}
[2024-04-07T14:46:34.935] [INFO] info - get params:{}
[2024-04-07T14:46:34.935] [INFO] info - post params:{}
[2024-04-07T14:46:34.936] [INFO] info - get params:{}
[2024-04-07T14:46:34.936] [INFO] info - post params:{}
[2024-04-07T14:46:35.568] [INFO] info - get params:{"roleName":"","total":"0","pageNum":"1","pageSize":"10"}
[2024-04-07T14:46:35.569] [INFO] info - post params:{}
[2024-04-07T14:46:35.570] [INFO] info - get params:{}
[2024-04-07T14:46:35.570] [INFO] info - post params:{}
[2024-04-07T14:46:36.095] [INFO] info - get params:{"deptName":""}
[2024-04-07T14:46:36.095] [INFO] info - post params:{}
[2024-04-07T14:46:36.096] [INFO] info - get params:{}
[2024-04-07T14:46:36.096] [INFO] info - post params:{}
[2024-04-07T14:46:36.370] [INFO] info - get params:{"roleName":"","total":"0","pageNum":"1","pageSize":"10"}
[2024-04-07T14:46:36.371] [INFO] info - post params:{}
[2024-04-07T14:46:36.371] [INFO] info - get params:{}
[2024-04-07T14:46:36.372] [INFO] info - post params:{}
[2024-04-07T14:46:36.575] [INFO] info - get params:{"menuState":"1"}
[2024-04-07T14:46:36.575] [INFO] info - post params:{}
[2024-04-07T14:46:36.853] [INFO] info - get params:{}
[2024-04-07T14:46:36.853] [INFO] info - post params:{}
[2024-04-07T14:46:36.854] [INFO] info - get params:{"state":"1","pageNum":"1","pageSize":"10"}
[2024-04-07T14:46:36.854] [INFO] info - post params:{}
[2024-04-07T14:46:36.855] [INFO] info - get params:{}
[2024-04-07T14:46:36.855] [INFO] info - post params:{}
[2024-04-07T14:46:37.363] [INFO] info - get params:{"deptName":""}
[2024-04-07T14:46:37.363] [INFO] info - post params:{}
[2024-04-07T14:46:37.364] [INFO] info - get params:{}
[2024-04-07T14:46:37.364] [INFO] info - post params:{}
[2024-04-07T14:46:38.493] [INFO] info - get params:{"applyState":"1","pageNum":"1","pageSize":"10","total":"0"}
[2024-04-07T14:46:38.493] [INFO] info - post params:{}
[2024-04-07T14:46:39.217] [INFO] info - get params:{"applyState":"1","pageNum":"1","pageSize":"10","total":"0","type":"approve"}
[2024-04-07T14:46:39.218] [INFO] info - post params:{}
[2024-04-07T14:46:39.778] [INFO] info - get params:{"applyState":"1","pageNum":"1","pageSize":"10","total":"0"}
[2024-04-07T14:46:39.778] [INFO] info - post params:{}
[2024-04-07T14:48:16.916] [INFO] info - get params:{"state":"1","pageNum":"1","pageSize":"10"}
[2024-04-07T14:48:16.916] [INFO] info - post params:{}
[2024-04-07T14:48:16.917] [INFO] info - get params:{}
[2024-04-07T14:48:16.917] [INFO] info - post params:{}
[2024-04-07T14:48:16.918] [INFO] info - get params:{}
[2024-04-07T14:48:16.918] [INFO] info - post params:{}
[2024-04-07T14:48:17.729] [INFO] info - get params:{"applyState":"1","pageNum":"1","pageSize":"10","total":"0"}
[2024-04-07T14:48:17.729] [INFO] info - post params:{}
[2024-04-07T14:48:23.420] [INFO] info - get params:{"state":"1","pageNum":"1","pageSize":"10"}
[2024-04-07T14:48:23.420] [INFO] info - post params:{}
[2024-04-07T14:48:23.421] [INFO] info - get params:{}
[2024-04-07T14:48:23.422] [INFO] info - post params:{}
[2024-04-07T14:48:23.422] [INFO] info - get params:{}
[2024-04-07T14:48:23.423] [INFO] info - post params:{}
[2024-04-07T14:48:30.095] [INFO] info - get params:{"menuState":"1"}
[2024-04-07T14:48:30.095] [INFO] info - post params:{}
[2024-04-07T14:48:30.881] [INFO] info - get params:{"deptName":""}
[2024-04-07T14:48:30.882] [INFO] info - post params:{}
[2024-04-07T14:48:30.883] [INFO] info - get params:{}
[2024-04-07T14:48:30.883] [INFO] info - post params:{}
[2024-04-07T14:48:31.897] [INFO] info - get params:{"menuState":"1"}
[2024-04-07T14:48:31.897] [INFO] info - post params:{}
[2024-04-07T14:48:32.155] [INFO] info - get params:{"state":"1","pageNum":"1","pageSize":"10"}
[2024-04-07T14:48:32.155] [INFO] info - post params:{}
[2024-04-07T14:48:32.156] [INFO] info - get params:{}
[2024-04-07T14:48:32.156] [INFO] info - post params:{}
[2024-04-07T14:48:32.157] [INFO] info - get params:{}
[2024-04-07T14:48:32.157] [INFO] info - post params:{}
[2024-04-07T14:48:32.779] [INFO] info - get params:{"menuState":"1"}
[2024-04-07T14:48:32.779] [INFO] info - post params:{}
[2024-04-07T14:48:38.752] [INFO] info - get params:{"state":"1","pageNum":"1","pageSize":"10"}
[2024-04-07T14:48:38.752] [INFO] info - post params:{}
[2024-04-07T14:48:38.754] [INFO] info - get params:{}
[2024-04-07T14:48:38.754] [INFO] info - post params:{}
[2024-04-07T14:48:38.755] [INFO] info - get params:{}
[2024-04-07T14:48:38.755] [INFO] info - post params:{}
[2024-04-07T14:49:08.627] [INFO] info - get params:{}
[2024-04-07T14:49:08.627] [INFO] info - post params:{"state":3,"roleList":["65e710979b90dc340c9d5619"],"userName":"111","userEmail":"22@imooc.com","mobile":"13534523467","job":"2","deptId":["65d1f9f4f66eb050ec4e4953"],"action":"add"}
[2024-04-07T14:49:08.637] [INFO] info - User.sequence_value:{ _id: 'userId', sequence_value: 10329 }
[2024-04-07T14:49:08.664] [INFO] info - get params:{"state":"1","pageNum":"1","pageSize":"10","total":"4"}
[2024-04-07T14:49:08.665] [INFO] info - post params:{}
[2024-04-07T14:49:13.315] [INFO] info - get params:{"state":"1","pageNum":"1","pageSize":"10","total":"4"}
[2024-04-07T14:49:13.316] [INFO] info - post params:{}
[2024-04-07T14:49:14.499] [INFO] info - get params:{"state":"1","pageNum":"1","pageSize":"10","total":"4"}
[2024-04-07T14:49:14.499] [INFO] info - post params:{}
[2024-04-07T14:49:18.398] [INFO] info - get params:{"menuState":"1"}
[2024-04-07T14:49:18.398] [INFO] info - post params:{}
[2024-04-07T14:49:18.958] [INFO] info - get params:{}
[2024-04-07T14:49:18.958] [INFO] info - post params:{}
[2024-04-07T14:49:18.959] [INFO] info - get params:{"state":"1","pageNum":"1","pageSize":"10"}
[2024-04-07T14:49:18.959] [INFO] info - post params:{}
[2024-04-07T14:49:18.960] [INFO] info - get params:{}
[2024-04-07T14:49:18.960] [INFO] info - post params:{}
[2024-04-07T14:49:21.068] [INFO] info - get params:{}
[2024-04-07T14:49:21.068] [INFO] info - post params:{}
[2024-04-07T14:49:21.156] [INFO] info - get params:{}
[2024-04-07T14:49:21.156] [INFO] info - post params:{}
[2024-04-07T14:49:21.157] [INFO] info - get params:{}
[2024-04-07T14:49:21.157] [INFO] info - post params:{}
[2024-04-07T14:49:21.159] [INFO] info - get params:{}
[2024-04-07T14:49:21.159] [INFO] info - post params:{}
[2024-04-07T14:49:21.160] [INFO] info - get params:{"state":"1","pageNum":"1","pageSize":"10"}
[2024-04-07T14:49:21.161] [INFO] info - post params:{}
[2024-04-07T14:49:21.162] [INFO] info - get params:{}
[2024-04-07T14:49:21.162] [INFO] info - post params:{}
[2024-04-07T14:49:43.797] [INFO] info - get params:{"deptName":""}
[2024-04-07T14:49:43.797] [INFO] info - post params:{}
[2024-04-07T14:49:43.798] [INFO] info - get params:{}
[2024-04-07T14:49:43.799] [INFO] info - post params:{}
[2024-04-07T14:49:45.030] [INFO] info - get params:{"roleName":"","total":"0","pageNum":"1","pageSize":"10"}
[2024-04-07T14:49:45.031] [INFO] info - post params:{}
[2024-04-07T14:49:45.031] [INFO] info - get params:{}
[2024-04-07T14:49:45.031] [INFO] info - post params:{}
[2024-04-07T14:49:47.120] [INFO] info - get params:{"menuState":"1"}
[2024-04-07T14:49:47.120] [INFO] info - post params:{}
[2024-04-07T14:49:47.753] [INFO] info - get params:{"roleName":"","total":"0","pageNum":"1","pageSize":"10"}
[2024-04-07T14:49:47.753] [INFO] info - post params:{}
[2024-04-07T14:49:47.754] [INFO] info - get params:{}
[2024-04-07T14:49:47.754] [INFO] info - post params:{}
[2024-04-07T14:49:57.760] [INFO] info - get params:{"menuState":"1"}
[2024-04-07T14:49:57.760] [INFO] info - post params:{}
[2024-04-07T14:49:58.613] [INFO] info - get params:{"state":"1","pageNum":"1","pageSize":"10"}
[2024-04-07T14:49:58.613] [INFO] info - post params:{}
[2024-04-07T14:49:58.614] [INFO] info - get params:{}
[2024-04-07T14:49:58.614] [INFO] info - post params:{}
[2024-04-07T14:49:58.615] [INFO] info - get params:{}
[2024-04-07T14:49:58.615] [INFO] info - post params:{}
[2024-04-07T14:50:13.465] [INFO] info - get params:{"roleName":"","total":"0","pageNum":"1","pageSize":"10"}
[2024-04-07T14:50:13.465] [INFO] info - post params:{}
[2024-04-07T14:50:13.466] [INFO] info - get params:{}
[2024-04-07T14:50:13.466] [INFO] info - post params:{}
[2024-04-07T14:50:15.565] [INFO] info - get params:{"state":"1","pageNum":"1","pageSize":"10"}
[2024-04-07T14:50:15.565] [INFO] info - post params:{}
[2024-04-07T14:50:15.567] [INFO] info - get params:{}
[2024-04-07T14:50:15.567] [INFO] info - post params:{}
[2024-04-07T14:50:15.568] [INFO] info - get params:{}
[2024-04-07T14:50:15.568] [INFO] info - post params:{}
[2024-04-07T14:51:21.205] [INFO] info - get params:{}
[2024-04-07T14:51:21.206] [INFO] info - post params:{"state":3,"roleList":["65e710979b90dc340c9d5619"],"userName":"测试---1","userEmail":"22412@imooc.com","mobile":"13627635243","job":"测试","deptId":["65d1f9a4f66eb050ec4e493c"],"action":"add"}
[2024-04-07T14:51:21.208] [INFO] info - User.sequence_value:{ _id: 'userId', sequence_value: 10330 }
[2024-04-07T14:51:21.232] [INFO] info - get params:{"state":"1","pageNum":"1","pageSize":"10","total":"4"}
[2024-04-07T14:51:21.232] [INFO] info - post params:{}
[2024-04-07T14:51:41.710] [INFO] info - get params:{"state":"1","pageNum":"1","pageSize":"10","total":"4"}
[2024-04-07T14:51:41.710] [INFO] info - post params:{}
[2024-04-07T14:52:51.118] [INFO] info - get params:{}
[2024-04-07T14:52:51.118] [INFO] info - post params:{}
[2024-04-07T14:52:51.220] [INFO] info - get params:{"state":"1","pageNum":"1","pageSize":"10"}
[2024-04-07T14:52:51.220] [INFO] info - post params:{}
[2024-04-07T14:52:51.221] [INFO] info - get params:{}
[2024-04-07T14:52:51.222] [INFO] info - post params:{}
[2024-04-07T14:52:51.223] [INFO] info - get params:{}
[2024-04-07T14:52:51.223] [INFO] info - post params:{}
[2024-04-07T14:52:51.224] [INFO] info - get params:{}
[2024-04-07T14:52:51.224] [INFO] info - post params:{}
[2024-04-07T14:52:51.226] [INFO] info - get params:{}
[2024-04-07T14:52:51.226] [INFO] info - post params:{}
[2024-04-07T14:52:54.126] [INFO] info - get params:{"menuState":"1"}
[2024-04-07T14:52:54.126] [INFO] info - post params:{}
[2024-04-07T14:52:56.042] [INFO] info - get params:{"roleName":"","total":"0","pageNum":"1","pageSize":"10"}
[2024-04-07T14:52:56.042] [INFO] info - post params:{}
[2024-04-07T14:52:56.043] [INFO] info - get params:{}
[2024-04-07T14:52:56.043] [INFO] info - post params:{}
[2024-04-07T14:52:59.280] [INFO] info - get params:{"deptName":""}
[2024-04-07T14:52:59.280] [INFO] info - post params:{}
[2024-04-07T14:52:59.281] [INFO] info - get params:{}
[2024-04-07T14:52:59.281] [INFO] info - post params:{}
[2024-04-07T14:53:01.286] [INFO] info - get params:{"menuState":"1"}
[2024-04-07T14:53:01.287] [INFO] info - post params:{}
[2024-04-07T14:53:02.391] [INFO] info - get params:{"state":"1","pageNum":"1","pageSize":"10"}
[2024-04-07T14:53:02.391] [INFO] info - post params:{}
[2024-04-07T14:53:02.392] [INFO] info - get params:{}
[2024-04-07T14:53:02.393] [INFO] info - post params:{}
[2024-04-07T14:53:02.393] [INFO] info - get params:{}
[2024-04-07T14:53:02.393] [INFO] info - post params:{}
[2024-04-07T14:53:20.306] [INFO] info - get params:{"state":"0","pageNum":"1","pageSize":"10","total":"4"}
[2024-04-07T14:53:20.307] [INFO] info - post params:{}
[2024-04-07T14:53:49.251] [INFO] info - get params:{}
[2024-04-07T14:53:49.251] [INFO] info - post params:{}
[2024-04-07T14:53:49.379] [INFO] info - get params:{}
[2024-04-07T14:53:49.380] [INFO] info - post params:{}
[2024-04-07T14:53:49.381] [INFO] info - get params:{"state":"1","pageNum":"1","pageSize":"10"}
[2024-04-07T14:53:49.381] [INFO] info - post params:{}
[2024-04-07T14:53:49.383] [INFO] info - get params:{}
[2024-04-07T14:53:49.383] [INFO] info - post params:{}
[2024-04-07T14:53:49.384] [INFO] info - get params:{}
[2024-04-07T14:53:49.385] [INFO] info - post params:{}
[2024-04-07T14:53:49.388] [INFO] info - get params:{}
[2024-04-07T14:53:49.388] [INFO] info - post params:{}
[2024-04-07T14:54:05.087] [INFO] info - get params:{"state":"1","pageNum":"1","pageSize":"10","total":"4"}
[2024-04-07T14:54:05.087] [INFO] info - post params:{}
[2024-04-07T14:54:10.612] [INFO] info - get params:{"state":"1","pageNum":"1","pageSize":"10","total":"4"}
[2024-04-07T14:54:10.612] [INFO] info - post params:{}
[2024-04-07T14:54:32.782] [INFO] info - get params:{"menuState":"1"}
[2024-04-07T14:54:32.782] [INFO] info - post params:{}
[2024-04-07T14:54:33.405] [INFO] info - get params:{}
[2024-04-07T14:54:33.405] [INFO] info - post params:{}
[2024-04-07T14:54:33.406] [INFO] info - get params:{"roleName":"","total":"0","pageNum":"1","pageSize":"10"}
[2024-04-07T14:54:33.406] [INFO] info - post params:{}
[2024-04-07T14:54:33.920] [INFO] info - get params:{"deptName":""}
[2024-04-07T14:54:33.921] [INFO] info - post params:{}
[2024-04-07T14:54:33.921] [INFO] info - get params:{}
[2024-04-07T14:54:33.922] [INFO] info - post params:{}
[2024-04-07T14:54:36.178] [INFO] info - get params:{"roleName":"","total":"0","pageNum":"1","pageSize":"10"}
[2024-04-07T14:54:36.179] [INFO] info - post params:{}
[2024-04-07T14:54:36.180] [INFO] info - get params:{}
[2024-04-07T14:54:36.180] [INFO] info - post params:{}
[2024-04-07T14:54:36.424] [INFO] info - get params:{"menuState":"1"}
[2024-04-07T14:54:36.425] [INFO] info - post params:{}
[2024-04-07T14:54:36.812] [INFO] info - get params:{}
[2024-04-07T14:54:36.812] [INFO] info - post params:{}
[2024-04-07T14:54:36.813] [INFO] info - get params:{"state":"1","pageNum":"1","pageSize":"10"}
[2024-04-07T14:54:36.813] [INFO] info - post params:{}
[2024-04-07T14:54:36.814] [INFO] info - get params:{}
[2024-04-07T14:54:36.814] [INFO] info - post params:{}
[2024-04-07T14:54:37.100] [INFO] info - get params:{"roleName":"","total":"0","pageNum":"1","pageSize":"10"}
[2024-04-07T14:54:37.100] [INFO] info - post params:{}
[2024-04-07T14:54:37.101] [INFO] info - get params:{}
[2024-04-07T14:54:37.101] [INFO] info - post params:{}
[2024-04-07T14:54:37.541] [INFO] info - get params:{"deptName":""}
[2024-04-07T14:54:37.541] [INFO] info - post params:{}
[2024-04-07T14:54:37.542] [INFO] info - get params:{}
[2024-04-07T14:54:37.543] [INFO] info - post params:{}
[2024-04-07T14:54:38.694] [INFO] info - get params:{"menuState":"1"}
[2024-04-07T14:54:38.694] [INFO] info - post params:{}
[2024-04-07T14:54:39.401] [INFO] info - get params:{"state":"1","pageNum":"1","pageSize":"10"}
[2024-04-07T14:54:39.401] [INFO] info - post params:{}
[2024-04-07T14:54:39.402] [INFO] info - get params:{}
[2024-04-07T14:54:39.402] [INFO] info - post params:{}
[2024-04-07T14:54:39.403] [INFO] info - get params:{}
[2024-04-07T14:54:39.403] [INFO] info - post params:{}
[2024-04-07T14:54:43.905] [INFO] info - get params:{"roleName":"","total":"0","pageNum":"1","pageSize":"10"}
[2024-04-07T14:54:43.906] [INFO] info - post params:{}
[2024-04-07T14:54:43.906] [INFO] info - get params:{}
[2024-04-07T14:54:43.907] [INFO] info - post params:{}
[2024-04-07T14:54:45.388] [INFO] info - get params:{"menuState":"1"}
[2024-04-07T14:54:45.389] [INFO] info - post params:{}
[2024-04-07T14:54:48.981] [INFO] info - get params:{"deptName":""}
[2024-04-07T14:54:48.981] [INFO] info - post params:{}
[2024-04-07T14:54:48.982] [INFO] info - get params:{}
[2024-04-07T14:54:48.982] [INFO] info - post params:{}
[2024-04-07T14:54:52.327] [INFO] info - get params:{"applyState":"1","pageNum":"1","pageSize":"10","total":"0"}
[2024-04-07T14:54:52.327] [INFO] info - post params:{}
[2024-04-07T14:55:46.376] [INFO] info - get params:{}
[2024-04-07T14:55:46.376] [INFO] info - post params:{"userName":"人事主管","userPwd":"123456"}
[2024-04-07T14:55:46.378] [INFO] info - User.findOne:{
  deptId: [ '65d1f9a4f66eb050ec4e493c' ],
  state: 1,
  role: 1,
  roleList: [ '65d0c8b51388403ba81aa28e' ],
  _id: 65d1fb21f66eb050ec4e499e,
  userId: 10323,
  userName: '人事主管',
  userEmail: '791919148@imooc.com'
}
[2024-04-07T14:55:46.408] [INFO] info - get params:{}
[2024-04-07T14:55:46.408] [INFO] info - post params:{}
[2024-04-07T14:55:46.409] [INFO] info - get params:{}
[2024-04-07T14:55:46.410] [INFO] info - post params:{}
[2024-04-07T14:55:53.178] [INFO] info - get params:{"applyState":"1","pageNum":"1","pageSize":"10","total":"0","type":"approve"}
[2024-04-07T14:55:53.178] [INFO] info - post params:{}
[2024-04-07T14:56:17.581] [INFO] info - get params:{"state":"1","pageNum":"1","pageSize":"10"}
[2024-04-07T14:56:17.581] [INFO] info - post params:{}
[2024-04-07T14:56:17.582] [INFO] info - get params:{}
[2024-04-07T14:56:17.582] [INFO] info - post params:{}
[2024-04-07T14:56:17.583] [INFO] info - get params:{}
[2024-04-07T14:56:17.583] [INFO] info - post params:{}
[2024-04-07T14:56:27.174] [INFO] info - get params:{}
[2024-04-07T14:56:27.175] [INFO] info - post params:{"userName":"管理员","userPwd":"123456"}
[2024-04-07T14:56:27.176] [INFO] info - User.findOne:{
  deptId: [ '65d1f9a4f66eb050ec4e493c' ],
  state: 1,
  role: 1,
  roleList: [ '65d0c8b51388403ba81aa28e' ],
  _id: 65d0d056848da6578c813ae5,
  userId: 10321,
  userName: '管理员',
  userEmail: 'guanliyuan@imooc.com'
}
[2024-04-07T14:56:27.193] [INFO] info - get params:{}
[2024-04-07T14:56:27.193] [INFO] info - post params:{}
[2024-04-07T14:56:27.194] [INFO] info - get params:{}
[2024-04-07T14:56:27.194] [INFO] info - post params:{}
[2024-04-07T14:56:28.767] [INFO] info - get params:{}
[2024-04-07T14:56:28.767] [INFO] info - post params:{}
[2024-04-07T14:56:28.768] [INFO] info - get params:{"state":"1","pageNum":"1","pageSize":"10"}
[2024-04-07T14:56:28.768] [INFO] info - post params:{}
[2024-04-07T14:56:28.769] [INFO] info - get params:{}
[2024-04-07T14:56:28.769] [INFO] info - post params:{}
[2024-04-07T14:56:55.704] [INFO] info - get params:{"roleName":"","total":"0","pageNum":"1","pageSize":"10"}
[2024-04-07T14:56:55.704] [INFO] info - post params:{}
[2024-04-07T14:56:55.705] [INFO] info - get params:{}
[2024-04-07T14:56:55.705] [INFO] info - post params:{}
[2024-04-07T14:56:56.752] [INFO] info - get params:{"menuState":"1"}
[2024-04-07T14:56:56.753] [INFO] info - post params:{}
[2024-04-07T14:56:57.374] [INFO] info - get params:{"deptName":""}
[2024-04-07T14:56:57.375] [INFO] info - post params:{}
[2024-04-07T14:56:57.375] [INFO] info - get params:{}
[2024-04-07T14:56:57.376] [INFO] info - post params:{}
[2024-04-07T14:56:58.298] [INFO] info - get params:{"menuState":"1"}
[2024-04-07T14:56:58.298] [INFO] info - post params:{}
[2024-04-07T14:56:58.814] [INFO] info - get params:{"state":"1","pageNum":"1","pageSize":"10"}
[2024-04-07T14:56:58.814] [INFO] info - post params:{}
[2024-04-07T14:56:58.815] [INFO] info - get params:{}
[2024-04-07T14:56:58.815] [INFO] info - post params:{}
[2024-04-07T14:56:58.815] [INFO] info - get params:{}
[2024-04-07T14:56:58.815] [INFO] info - post params:{}
[2024-04-07T14:57:04.860] [INFO] info - get params:{"menuState":"1"}
[2024-04-07T14:57:04.860] [INFO] info - post params:{}
[2024-04-07T14:57:23.329] [INFO] info - get params:{"deptName":""}
[2024-04-07T14:57:23.329] [INFO] info - post params:{}
[2024-04-07T14:57:23.330] [INFO] info - get params:{}
[2024-04-07T14:57:23.330] [INFO] info - post params:{}
[2024-04-07T14:57:25.201] [INFO] info - get params:{"roleName":"","total":"0","pageNum":"1","pageSize":"10"}
[2024-04-07T14:57:25.201] [INFO] info - post params:{}
[2024-04-07T14:57:25.202] [INFO] info - get params:{}
[2024-04-07T14:57:25.202] [INFO] info - post params:{}
[2024-04-07T14:57:43.032] [INFO] info - get params:{}
[2024-04-07T14:57:43.032] [INFO] info - post params:{}
[2024-04-07T14:57:43.033] [INFO] info - get params:{}
[2024-04-07T14:57:43.033] [INFO] info - post params:{}
[2024-04-07T14:57:43.034] [INFO] info - get params:{"state":"1","pageNum":"1","pageSize":"10"}
[2024-04-07T14:57:43.034] [INFO] info - post params:{}
[2024-04-07T14:57:48.510] [INFO] info - get params:{"menuState":"1"}
[2024-04-07T14:57:48.511] [INFO] info - post params:{}
[2024-04-07T14:57:50.083] [INFO] info - get params:{"deptName":""}
[2024-04-07T14:57:50.083] [INFO] info - post params:{}
[2024-04-07T14:57:50.084] [INFO] info - get params:{}
[2024-04-07T14:57:50.084] [INFO] info - post params:{}
[2024-04-07T14:57:50.477] [INFO] info - get params:{"roleName":"","total":"0","pageNum":"1","pageSize":"10"}
[2024-04-07T14:57:50.477] [INFO] info - post params:{}
[2024-04-07T14:57:50.478] [INFO] info - get params:{}
[2024-04-07T14:57:50.478] [INFO] info - post params:{}
[2024-04-07T14:57:50.725] [INFO] info - get params:{"menuState":"1"}
[2024-04-07T14:57:50.725] [INFO] info - post params:{}
[2024-04-07T14:57:50.980] [INFO] info - get params:{}
[2024-04-07T14:57:50.980] [INFO] info - post params:{}
[2024-04-07T14:57:50.981] [INFO] info - get params:{"state":"1","pageNum":"1","pageSize":"10"}
[2024-04-07T14:57:50.981] [INFO] info - post params:{}
[2024-04-07T14:57:50.982] [INFO] info - get params:{}
[2024-04-07T14:57:50.982] [INFO] info - post params:{}
[2024-04-07T14:57:52.274] [INFO] info - get params:{"applyState":"1","pageNum":"1","pageSize":"10","total":"0"}
[2024-04-07T14:57:52.274] [INFO] info - post params:{}
[2024-04-07T14:57:53.722] [INFO] info - get params:{"applyState":"1","pageNum":"1","pageSize":"10","total":"0","type":"approve"}
[2024-04-07T14:57:53.722] [INFO] info - post params:{}
[2024-04-07T14:57:54.550] [INFO] info - get params:{"applyState":"1","pageNum":"1","pageSize":"10","total":"0"}
[2024-04-07T14:57:54.550] [INFO] info - post params:{}
[2024-04-07T14:57:59.127] [INFO] info - get params:{"menuState":"1"}
[2024-04-07T14:57:59.127] [INFO] info - post params:{}
[2024-04-07T14:58:19.925] [INFO] info - get params:{"applyState":"1","pageNum":"1","pageSize":"10","total":"0"}
[2024-04-07T14:58:19.925] [INFO] info - post params:{}
[2024-04-07T14:58:22.000] [INFO] info - get params:{"applyState":"1","pageNum":"1","pageSize":"10","total":"0","type":"approve"}
[2024-04-07T14:58:22.001] [INFO] info - post params:{}
[2024-04-07T14:58:23.099] [INFO] info - get params:{"applyState":"1","pageNum":"1","pageSize":"10","total":"0"}
[2024-04-07T14:58:23.099] [INFO] info - post params:{}
[2024-04-07T14:58:32.471] [INFO] info - get params:{"menuState":"1"}
[2024-04-07T14:58:32.471] [INFO] info - post params:{}
[2024-04-07T14:58:33.063] [INFO] info - get params:{"state":"1","pageNum":"1","pageSize":"10"}
[2024-04-07T14:58:33.063] [INFO] info - post params:{}
[2024-04-07T14:58:33.064] [INFO] info - get params:{}
[2024-04-07T14:58:33.064] [INFO] info - post params:{}
[2024-04-07T14:58:33.064] [INFO] info - get params:{}
[2024-04-07T14:58:33.064] [INFO] info - post params:{}
[2024-04-07T14:58:33.661] [INFO] info - get params:{"roleName":"","total":"0","pageNum":"1","pageSize":"10"}
[2024-04-07T14:58:33.661] [INFO] info - post params:{}
[2024-04-07T14:58:33.662] [INFO] info - get params:{}
[2024-04-07T14:58:33.662] [INFO] info - post params:{}
[2024-04-07T14:58:34.025] [INFO] info - get params:{"deptName":""}
[2024-04-07T14:58:34.025] [INFO] info - post params:{}
[2024-04-07T14:58:34.026] [INFO] info - get params:{}
[2024-04-07T14:58:34.026] [INFO] info - post params:{}
[2024-04-07T14:58:37.095] [INFO] info - get params:{"roleName":"","total":"0","pageNum":"1","pageSize":"10"}
[2024-04-07T14:58:37.095] [INFO] info - post params:{}
[2024-04-07T14:58:37.096] [INFO] info - get params:{}
[2024-04-07T14:58:37.096] [INFO] info - post params:{}
[2024-04-07T14:58:38.700] [INFO] info - get params:{"menuState":"1"}
[2024-04-07T14:58:38.700] [INFO] info - post params:{}
[2024-04-07T14:58:39.549] [INFO] info - get params:{"state":"1","pageNum":"1","pageSize":"10"}
[2024-04-07T14:58:39.549] [INFO] info - post params:{}
[2024-04-07T14:58:39.550] [INFO] info - get params:{}
[2024-04-07T14:58:39.550] [INFO] info - post params:{}
[2024-04-07T14:58:39.550] [INFO] info - get params:{}
[2024-04-07T14:58:39.551] [INFO] info - post params:{}
[2024-04-07T14:58:40.295] [INFO] info - get params:{"menuState":"1"}
[2024-04-07T14:58:40.295] [INFO] info - post params:{}
[2024-04-07T14:58:41.959] [INFO] info - get params:{"roleName":"","total":"0","pageNum":"1","pageSize":"10"}
[2024-04-07T14:58:41.959] [INFO] info - post params:{}
[2024-04-07T14:58:41.960] [INFO] info - get params:{}
[2024-04-07T14:58:41.960] [INFO] info - post params:{}
[2024-04-07T14:58:42.729] [INFO] info - get params:{"state":"1","pageNum":"1","pageSize":"10"}
[2024-04-07T14:58:42.729] [INFO] info - post params:{}
[2024-04-07T14:58:42.730] [INFO] info - get params:{}
[2024-04-07T14:58:42.730] [INFO] info - post params:{}
[2024-04-07T14:58:42.731] [INFO] info - get params:{}
[2024-04-07T14:58:42.731] [INFO] info - post params:{}
[2024-04-07T14:58:46.607] [INFO] info - get params:{"menuState":"1"}
[2024-04-07T14:58:46.607] [INFO] info - post params:{}
[2024-04-07T14:58:54.847] [INFO] info - get params:{"roleName":"","total":"0","pageNum":"1","pageSize":"10"}
[2024-04-07T14:58:54.848] [INFO] info - post params:{}
[2024-04-07T14:58:54.849] [INFO] info - get params:{}
[2024-04-07T14:58:54.849] [INFO] info - post params:{}
[2024-04-07T14:58:55.355] [INFO] info - get params:{"menuState":"1"}
[2024-04-07T14:58:55.355] [INFO] info - post params:{}
[2024-04-07T14:58:57.883] [INFO] info - get params:{"roleName":"","total":"0","pageNum":"1","pageSize":"10"}
[2024-04-07T14:58:57.883] [INFO] info - post params:{}
[2024-04-07T14:58:57.884] [INFO] info - get params:{}
[2024-04-07T14:58:57.885] [INFO] info - post params:{}
[2024-04-07T14:59:56.597] [INFO] info - get params:{"menuState":"1"}
[2024-04-07T14:59:56.597] [INFO] info - post params:{}
[2024-04-07T15:14:55.504] [INFO] info - get params:{"menuState":"1"}
[2024-04-07T15:14:55.504] [INFO] info - post params:{}
[2024-04-07T15:14:55.505] [INFO] info - get params:{}
[2024-04-07T15:14:55.506] [INFO] info - post params:{}
[2024-04-07T15:14:55.508] [INFO] info - get params:{}
[2024-04-07T15:14:55.508] [INFO] info - post params:{}
[2024-04-07T15:14:59.192] [INFO] info - get params:{}
[2024-04-07T15:14:59.193] [INFO] info - post params:{}
[2024-04-07T15:14:59.277] [INFO] info - get params:{"menuState":"1"}
[2024-04-07T15:14:59.277] [INFO] info - post params:{}
[2024-04-07T15:14:59.279] [INFO] info - get params:{}
[2024-04-07T15:14:59.279] [INFO] info - post params:{}
[2024-04-07T15:14:59.281] [INFO] info - get params:{}
[2024-04-07T15:14:59.281] [INFO] info - post params:{}
[2024-04-07T16:07:23.613] [INFO] info - get params:{}
[2024-04-07T16:07:23.614] [INFO] info - post params:{}
[2024-04-10T10:13:10.947] [INFO] info - **数据库连接成功**
[2024-04-10T10:13:21.084] [INFO] info - get params:{}
[2024-04-10T10:13:21.085] [INFO] info - post params:{}
[2024-04-10T10:13:21.172] [INFO] info - get params:{}
[2024-04-10T10:13:21.172] [INFO] info - post params:{}
[2024-04-10T10:13:21.175] [INFO] info - get params:{}
[2024-04-10T10:13:21.175] [INFO] info - post params:{}
[2024-04-10T10:13:27.368] [INFO] info - get params:{}
[2024-04-10T10:13:27.369] [INFO] info - post params:{"userName":"管理员","userPwd":"123456"}
[2024-04-10T10:13:27.397] [INFO] info - User.findOne:{
  deptId: [ '65d1f9a4f66eb050ec4e493c' ],
  state: 1,
  role: 1,
  roleList: [ '65d0c8b51388403ba81aa28e' ],
  _id: 65d0d056848da6578c813ae5,
  userId: 10321,
  userName: '管理员',
  userEmail: 'guanliyuan@imooc.com'
}
[2024-04-10T10:13:27.416] [INFO] info - get params:{}
[2024-04-10T10:13:27.416] [INFO] info - post params:{}
[2024-04-10T10:13:27.420] [INFO] info - get params:{}
[2024-04-10T10:13:27.421] [INFO] info - post params:{}
[2024-04-10T10:13:33.086] [INFO] info - get params:{}
[2024-04-10T10:13:33.086] [INFO] info - post params:{}
[2024-04-10T10:13:33.087] [INFO] info - get params:{}
[2024-04-10T10:13:33.088] [INFO] info - post params:{}
[2024-04-10T10:13:39.123] [INFO] info - get params:{}
[2024-04-10T10:13:39.123] [INFO] info - post params:{"userName":"管理员","userPwd":"123456"}
[2024-04-10T10:13:39.126] [INFO] info - User.findOne:{
  deptId: [ '65d1f9a4f66eb050ec4e493c' ],
  state: 1,
  role: 1,
  roleList: [ '65d0c8b51388403ba81aa28e' ],
  _id: 65d0d056848da6578c813ae5,
  userId: 10321,
  userName: '管理员',
  userEmail: 'guanliyuan@imooc.com'
}
[2024-04-10T10:13:39.141] [INFO] info - get params:{}
[2024-04-10T10:13:39.141] [INFO] info - post params:{}
[2024-04-10T10:13:39.143] [INFO] info - get params:{}
[2024-04-10T10:13:39.143] [INFO] info - post params:{}
[2024-04-10T10:13:42.009] [INFO] info - get params:{}
[2024-04-10T10:13:42.009] [INFO] info - post params:{}
[2024-04-10T10:13:42.011] [INFO] info - get params:{}
[2024-04-10T10:13:42.011] [INFO] info - post params:{}
[2024-04-10T10:14:06.573] [INFO] info - get params:{}
[2024-04-10T10:14:06.573] [INFO] info - post params:{}
[2024-04-10T10:14:06.574] [INFO] info - get params:{}
[2024-04-10T10:14:06.574] [INFO] info - post params:{}
[2024-04-10T14:36:05.601] [INFO] info - **数据库连接成功**
[2024-04-10T14:38:27.356] [INFO] info - get params:{}
[2024-04-10T14:38:27.356] [INFO] info - post params:{}
[2024-04-10T14:38:35.196] [INFO] info - get params:{}
[2024-04-10T14:38:35.196] [INFO] info - post params:{}
[2024-04-10T14:38:44.063] [INFO] info - get params:{}
[2024-04-10T14:38:44.063] [INFO] info - post params:{}
[2024-04-10T14:39:33.140] [INFO] info - get params:{}
[2024-04-10T14:39:33.140] [INFO] info - post params:{}
[2024-04-10T14:41:52.826] [INFO] info - **数据库连接成功**
[2024-04-10T14:41:56.286] [INFO] info - get params:{}
[2024-04-10T14:41:56.287] [INFO] info - post params:{}
[2024-04-10T14:42:05.005] [INFO] info - get params:{}
[2024-04-10T14:42:05.006] [INFO] info - post params:{}
[2024-04-10T14:42:29.058] [INFO] info - get params:{}
[2024-04-10T14:42:29.059] [INFO] info - post params:{}
[2024-04-10T14:42:35.787] [INFO] info - **数据库连接成功**
[2024-04-10T14:42:39.563] [INFO] info - get params:{}
[2024-04-10T14:42:39.564] [INFO] info - post params:{}
[2024-04-10T14:42:50.331] [INFO] info - get params:{}
[2024-04-10T14:42:50.332] [INFO] info - post params:{}
[2024-04-10T15:05:55.277] [INFO] info - **数据库连接成功**
[2024-04-10T15:05:59.443] [INFO] info - get params:{}
[2024-04-10T15:05:59.443] [INFO] info - post params:{}
[2024-04-10T15:06:13.162] [INFO] info - get params:{}
[2024-04-10T15:06:13.162] [INFO] info - post params:{"userName":"admin","userPwd":"123456","captcha":""}
[2024-04-10T15:10:08.733] [INFO] info - get params:{}
[2024-04-10T15:10:08.733] [INFO] info - post params:{}
[2024-04-10T15:11:26.230] [INFO] info - get params:{}
[2024-04-10T15:11:26.230] [INFO] info - post params:{}
[2024-04-10T15:11:32.767] [INFO] info - get params:{}
[2024-04-10T15:11:32.768] [INFO] info - post params:{}
[2024-04-10T15:15:34.991] [INFO] info - get params:{}
[2024-04-10T15:15:34.991] [INFO] info - post params:{"userName":"admin","userPwd":"123456","captcha":""}
[2024-04-10T15:22:48.433] [INFO] info - **数据库连接成功**
[2024-04-10T15:22:58.918] [INFO] info - get params:{}
[2024-04-10T15:22:58.919] [INFO] info - post params:{}
[2024-04-10T15:23:11.533] [INFO] info - get params:{}
[2024-04-10T15:23:11.533] [INFO] info - post params:{"userName":"管理员","userPwd":"123456","captcha":""}
[2024-04-10T15:23:16.491] [INFO] info - get params:{}
[2024-04-10T15:23:16.492] [INFO] info - post params:{"userName":"管理员","userPwd":"123456","captcha":""}
[2024-04-10T15:24:42.665] [INFO] info - get params:{}
[2024-04-10T15:24:42.666] [INFO] info - post params:{}
[2024-04-10T15:25:00.452] [INFO] info - get params:{}
[2024-04-10T15:25:00.452] [INFO] info - post params:{}
[2024-04-10T15:25:28.642] [INFO] info - get params:{}
[2024-04-10T15:25:28.642] [INFO] info - post params:{"userName":"管理员","userPwd":"123456","captcha":""}
[2024-04-10T15:26:29.363] [INFO] info - **数据库连接成功**
[2024-04-10T15:26:48.154] [INFO] info - get params:{}
[2024-04-10T15:26:48.154] [INFO] info - post params:{}
[2024-04-10T15:26:51.346] [INFO] info - get params:{}
[2024-04-10T15:26:51.346] [INFO] info - post params:{}
[2024-04-10T15:26:59.939] [INFO] info - get params:{}
[2024-04-10T15:26:59.940] [INFO] info - post params:{"userName":"admin","userPwd":"123456","captcha":""}
[2024-04-10T15:28:33.549] [INFO] info - get params:{}
[2024-04-10T15:28:33.549] [INFO] info - post params:{}
[2024-04-10T15:29:02.033] [INFO] info - get params:{}
[2024-04-10T15:29:02.033] [INFO] info - post params:{}
[2024-04-10T15:29:13.302] [INFO] info - get params:{}
[2024-04-10T15:29:13.302] [INFO] info - post params:{}
[2024-04-10T15:29:13.389] [INFO] info - get params:{}
[2024-04-10T15:29:13.389] [INFO] info - post params:{}
[2024-04-10T15:29:13.391] [INFO] info - get params:{}
[2024-04-10T15:29:13.391] [INFO] info - post params:{}
[2024-04-10T15:29:14.857] [INFO] info - get params:{}
[2024-04-10T15:29:14.857] [INFO] info - post params:{}
[2024-04-10T15:29:25.818] [INFO] info - get params:{}
[2024-04-10T15:29:25.818] [INFO] info - post params:{"userName":"管理员","userPwd":"123456","captcha":""}
[2024-04-10T15:30:10.235] [INFO] info - **数据库连接成功**
[2024-04-10T15:30:12.819] [INFO] info - get params:{}
[2024-04-10T15:30:12.820] [INFO] info - post params:{}
[2024-04-10T15:30:12.882] [INFO] info - get params:{}
[2024-04-10T15:30:12.883] [INFO] info - post params:{}
[2024-04-10T15:30:18.481] [INFO] info - get params:{}
[2024-04-10T15:30:18.482] [INFO] info - post params:{"userName":"管理员","userPwd":"123456","captcha":""}
[2024-04-10T15:30:18.497] [INFO] info - User.findOne:{
  deptId: [ '65d1f9a4f66eb050ec4e493c' ],
  state: 1,
  role: 1,
  roleList: [ '65d0c8b51388403ba81aa28e' ],
  _id: 65d0d056848da6578c813ae5,
  userId: 10321,
  userName: '管理员',
  userEmail: 'guanliyuan@imooc.com'
}
[2024-04-10T15:30:18.530] [INFO] info - get params:{}
[2024-04-10T15:30:18.530] [INFO] info - post params:{}
[2024-04-10T15:30:18.534] [INFO] info - get params:{}
[2024-04-10T15:30:18.534] [INFO] info - post params:{}
[2024-04-10T15:30:20.951] [INFO] info - get params:{}
[2024-04-10T15:30:20.951] [INFO] info - post params:{}
[2024-04-10T15:35:15.234] [INFO] info - **数据库连接成功**
[2024-04-10T15:35:27.479] [INFO] info - get params:{}
[2024-04-10T15:35:27.479] [INFO] info - post params:{}
[2024-04-10T15:36:39.007] [INFO] info - get params:{}
[2024-04-10T15:36:39.007] [INFO] info - post params:{}
[2024-04-10T15:36:43.612] [INFO] info - get params:{}
[2024-04-10T15:36:43.613] [INFO] info - post params:{}
[2024-04-10T15:36:50.390] [INFO] info - get params:{}
[2024-04-10T15:36:50.390] [INFO] info - post params:{}
[2024-04-10T15:38:11.388] [INFO] info - **数据库连接成功**
[2024-04-10T15:38:14.005] [INFO] info - get params:{}
[2024-04-10T15:38:14.005] [INFO] info - post params:{}
[2024-04-10T15:39:19.109] [INFO] info - get params:{}
[2024-04-10T15:39:19.110] [INFO] info - post params:{}
[2024-04-10T15:39:22.043] [INFO] info - get params:{}
[2024-04-10T15:39:22.044] [INFO] info - post params:{}
[2024-04-10T15:39:23.341] [INFO] info - get params:{}
[2024-04-10T15:39:23.342] [INFO] info - post params:{}
[2024-04-10T15:56:17.176] [INFO] info - get params:{}
[2024-04-10T15:56:17.177] [INFO] info - post params:{}
[2024-04-10T15:56:19.164] [INFO] info - get params:{}
[2024-04-10T15:56:19.164] [INFO] info - post params:{}
[2024-04-10T15:56:22.759] [INFO] info - get params:{}
[2024-04-10T15:56:22.760] [INFO] info - post params:{}
[2024-04-10T15:56:24.091] [INFO] info - get params:{}
[2024-04-10T15:56:24.092] [INFO] info - post params:{}
[2024-04-10T15:56:25.228] [INFO] info - get params:{}
[2024-04-10T15:56:25.228] [INFO] info - post params:{}
[2024-04-10T16:05:43.738] [INFO] info - get params:{}
[2024-04-10T16:05:43.738] [INFO] info - post params:{}
[2024-04-10T16:05:47.959] [INFO] info - get params:{}
[2024-04-10T16:05:47.959] [INFO] info - post params:{}
[2024-04-10T16:06:19.295] [INFO] info - get params:{}
[2024-04-10T16:06:19.295] [INFO] info - post params:{}
[2024-04-10T16:07:56.352] [INFO] info - get params:{}
[2024-04-10T16:07:56.353] [INFO] info - post params:{}
[2024-04-10T16:08:23.380] [INFO] info - get params:{}
[2024-04-10T16:08:23.380] [INFO] info - post params:{}
[2024-04-10T16:08:27.815] [INFO] info - get params:{}
[2024-04-10T16:08:27.815] [INFO] info - post params:{}
[2024-04-10T16:09:33.046] [INFO] info - get params:{}
[2024-04-10T16:09:33.046] [INFO] info - post params:{}
[2024-04-10T16:13:27.239] [INFO] info - **数据库连接成功**
[2024-04-10T16:13:31.667] [INFO] info - get params:{}
[2024-04-10T16:13:31.667] [INFO] info - post params:{}
[2024-04-10T16:13:35.938] [INFO] info - get params:{}
[2024-04-10T16:13:35.938] [INFO] info - post params:{}
[2024-04-10T16:19:41.110] [INFO] info - get params:{}
[2024-04-10T16:19:41.111] [INFO] info - post params:{}
[2024-04-10T16:19:44.145] [INFO] info - get params:{}
[2024-04-10T16:19:44.145] [INFO] info - post params:{}
[2024-04-10T16:19:49.762] [INFO] info - get params:{}
[2024-04-10T16:19:49.763] [INFO] info - post params:{}
[2024-04-10T16:20:47.983] [INFO] info - get params:{}
[2024-04-10T16:20:47.983] [INFO] info - post params:{}
[2024-04-10T16:20:54.126] [INFO] info - get params:{}
[2024-04-10T16:20:54.127] [INFO] info - post params:{}
[2024-04-10T16:21:14.682] [INFO] info - get params:{}
[2024-04-10T16:21:14.682] [INFO] info - post params:{}
[2024-04-10T16:21:46.232] [INFO] info - get params:{}
[2024-04-10T16:21:46.232] [INFO] info - post params:{}
[2024-04-10T16:22:28.532] [INFO] info - get params:{}
[2024-04-10T16:22:28.532] [INFO] info - post params:{}
[2024-04-10T16:22:33.889] [INFO] info - get params:{}
[2024-04-10T16:22:33.889] [INFO] info - post params:{}
[2024-04-10T16:24:16.017] [INFO] info - get params:{}
[2024-04-10T16:24:16.017] [INFO] info - post params:{}
[2024-04-10T16:25:14.997] [INFO] info - get params:{}
[2024-04-10T16:25:14.997] [INFO] info - post params:{}
[2024-04-10T16:25:22.817] [INFO] info - get params:{}
[2024-04-10T16:25:22.817] [INFO] info - post params:{}
[2024-04-10T16:25:48.556] [INFO] info - get params:{}
[2024-04-10T16:25:48.557] [INFO] info - post params:{}
[2024-04-10T16:27:00.223] [INFO] info - get params:{}
[2024-04-10T16:27:00.224] [INFO] info - post params:{}
[2024-04-10T16:27:04.152] [INFO] info - get params:{}
[2024-04-10T16:27:04.153] [INFO] info - post params:{"userName":"admin","userPwd":"123456","captcha":"2222"}
[2024-04-10T16:27:47.750] [INFO] info - **数据库连接成功**
[2024-04-10T16:27:50.880] [INFO] info - get params:{}
[2024-04-10T16:27:50.881] [INFO] info - post params:{}
[2024-04-10T16:27:58.488] [INFO] info - get params:{}
[2024-04-10T16:27:58.489] [INFO] info - post params:{"userName":"admin","userPwd":"123456","captcha":"BYVK"}
[2024-04-10T16:27:58.497] [INFO] info - captcha.findOne:null
[2024-04-10T16:28:55.171] [INFO] info - get params:{}
[2024-04-10T16:28:55.171] [INFO] info - post params:{"userName":"admin","userPwd":"123456","captcha":"BYVK"}
[2024-04-10T16:28:55.173] [INFO] info - captcha.findOne:null
[2024-04-10T16:29:55.584] [INFO] info - get params:{}
[2024-04-10T16:29:55.584] [INFO] info - post params:{}
[2024-04-10T16:30:21.219] [INFO] info - get params:{}
[2024-04-10T16:30:21.219] [INFO] info - post params:{"userName":"admin","userPwd":"123456","captcha":"hvu7"}
[2024-04-10T16:30:21.220] [INFO] info - captcha.findOne:null
[2024-04-10T16:32:21.225] [INFO] info - **数据库连接成功**
[2024-04-10T16:32:39.236] [INFO] info - get params:{}
[2024-04-10T16:32:39.237] [INFO] info - post params:{}
[2024-04-10T16:35:20.851] [INFO] info - **数据库连接成功**
[2024-04-10T16:35:24.082] [INFO] info - get params:{}
[2024-04-10T16:35:24.083] [INFO] info - post params:{}
[2024-04-10T16:35:42.206] [INFO] info - **数据库连接成功**
[2024-04-10T16:35:44.738] [INFO] info - get params:{}
[2024-04-10T16:35:44.739] [INFO] info - post params:{}
[2024-04-10T16:36:10.012] [INFO] info - **数据库连接成功**
[2024-04-10T16:36:12.894] [INFO] info - get params:{}
[2024-04-10T16:36:12.894] [INFO] info - post params:{}
[2024-04-10T16:36:59.429] [INFO] info - **数据库连接成功**
[2024-04-10T16:37:01.175] [INFO] info - get params:{}
[2024-04-10T16:37:01.175] [INFO] info - post params:{}
[2024-04-10T16:37:12.341] [INFO] info - get params:{}
[2024-04-10T16:37:12.341] [INFO] info - post params:{"userName":"admin","userPwd":"123456","captcha":"1111"}
[2024-04-10T16:37:12.343] [INFO] info - captcha.findOne:1111
[2024-04-10T16:37:12.348] [INFO] info - captcha.findOne:null
[2024-04-10T16:39:30.397] [INFO] info - get params:{}
[2024-04-10T16:39:30.398] [INFO] info - post params:{}
[2024-04-10T17:07:31.988] [INFO] info - get params:{}
[2024-04-10T17:07:31.988] [INFO] info - post params:{}
[2024-04-10T17:17:12.853] [INFO] info - get params:{}
[2024-04-10T17:17:12.854] [INFO] info - post params:{}
[2024-04-10T17:17:32.939] [INFO] info - get params:{}
[2024-04-10T17:17:32.939] [INFO] info - post params:{"userName":"admin","userPwd":"123456","captcha":"WUHY"}
[2024-04-10T17:17:32.939] [INFO] info - captcha.findOne:WUHY
[2024-04-10T17:17:32.941] [INFO] info - captcha.findOne:null
[2024-04-10T17:18:08.124] [INFO] info - get params:{}
[2024-04-10T17:18:08.124] [INFO] info - post params:{}
[2024-04-10T17:18:21.709] [INFO] info - get params:{}
[2024-04-10T17:18:21.709] [INFO] info - post params:{"userName":"admin","userPwd":"123456","captcha":"apNw"}
[2024-04-10T17:18:21.709] [INFO] info - captcha.findOne:apNw
[2024-04-10T17:18:21.711] [INFO] info - captcha.findOne:null
[2024-04-10T17:42:45.253] [INFO] info - **数据库连接成功**
[2024-04-10T17:42:49.120] [INFO] info - get params:{}
[2024-04-10T17:42:49.121] [INFO] info - post params:{}
[2024-04-10T17:42:57.809] [INFO] info - get params:{}
[2024-04-10T17:42:57.809] [INFO] info - post params:{"userName":"admin","userPwd":"123456","captcha":"o6HK"}
[2024-04-10T17:42:57.810] [INFO] info - captcha.findOne:o6HK
[2024-04-10T17:42:57.816] [INFO] info - captcha.findOne:null
[2024-04-10T17:55:13.996] [INFO] info - get params:{}
[2024-04-10T17:55:13.996] [INFO] info - post params:{}
[2024-04-10T17:55:22.501] [INFO] info - **数据库连接成功**
[2024-04-10T17:55:26.272] [INFO] info - get params:{}
[2024-04-10T17:55:26.273] [INFO] info - post params:{}
[2024-04-10T17:56:10.931] [INFO] info - get params:{}
[2024-04-10T17:56:10.931] [INFO] info - post params:{}
[2024-04-10T17:56:47.991] [INFO] info - **数据库连接成功**
[2024-04-10T17:56:49.980] [INFO] info - get params:{}
[2024-04-10T17:56:49.980] [INFO] info - post params:{}
[2024-04-10T17:56:49.984] [INFO] info - get params:[object Object]
[2024-04-10T17:56:50.000] [INFO] info - get params:{
  _id: 661662610d55054ccc4ad0bb,
  captchaText: 'aERu',
  expiresAt: 2024-04-10T10:01:49.994Z
}
[2024-04-10T17:57:42.411] [INFO] info - get params:{}
[2024-04-10T17:57:42.411] [INFO] info - post params:{}
[2024-04-10T17:57:42.413] [INFO] info - get params:[object Object]
[2024-04-10T17:57:42.416] [INFO] info - get params:{
  _id: 661662960d55054ccc4ad0bd,
  captchaText: 'eITe',
  expiresAt: 2024-04-10T10:02:42.416Z
}
[2024-04-10T17:57:57.773] [INFO] info - **数据库连接成功**
[2024-04-10T17:58:00.140] [INFO] info - get params:{}
[2024-04-10T17:58:00.141] [INFO] info - post params:{}
[2024-04-10T17:58:00.144] [INFO] info - getCaptcha params1:[object Object]
[2024-04-10T17:58:00.159] [INFO] info - getCaptcha params2:{
  _id: 661662a8606a542450721f3b,
  captchaText: 'Pppw',
  expiresAt: 2024-04-10T10:03:00.155Z
}
[2024-04-10T17:59:40.542] [INFO] info - **数据库连接成功**
[2024-04-10T17:59:44.307] [INFO] info - get params:{}
[2024-04-10T17:59:44.307] [INFO] info - post params:{}
[2024-04-10T17:59:44.312] [INFO] info - getCaptcha params1:[object Object]
[2024-04-10T17:59:44.327] [INFO] info - getCaptcha params2:{
  _id: 661663101a7ae46898c8c15c,
  captchaText: 'ok7k',
  expiresAt: 2024-04-10T10:04:44.323Z
}
[2024-04-10T18:00:00.603] [INFO] info - get params:{}
[2024-04-10T18:00:00.604] [INFO] info - post params:{"userName":"admin","userPwd":"123456","captcha":"ok7k"}
[2024-04-10T18:00:41.546] [INFO] info - get params:{}
[2024-04-10T18:00:41.547] [INFO] info - post params:{}
[2024-04-10T18:00:41.550] [INFO] info - getCaptcha params1:[object Object]
[2024-04-10T18:00:41.554] [INFO] info - getCaptcha params2:{
  _id: 661663491a7ae46898c8c160,
  captchaText: 'UeT1',
  expiresAt: 2024-04-10T10:05:41.553Z
}
[2024-04-10T18:00:52.155] [INFO] info - get params:{}
[2024-04-10T18:00:52.155] [INFO] info - post params:{"userName":"admin","userPwd":"123456","captcha":"UeT1"}
[2024-04-10T18:02:46.647] [INFO] info - **数据库连接成功**
[2024-04-10T18:02:54.808] [INFO] info - get params:{}
[2024-04-10T18:02:54.809] [INFO] info - post params:{}
[2024-04-10T18:02:54.812] [INFO] info - getCaptcha params1:[object Object]
[2024-04-10T18:02:54.828] [INFO] info - getCaptcha params2:{
  _id: 661663ce02eb7078e4057363,
  captchaText: 'jdUT',
  expiresAt: 2024-04-10T10:07:54.824Z
}
[2024-04-10T18:03:06.459] [INFO] info - get params:{}
[2024-04-10T18:03:06.460] [INFO] info - post params:{"userName":"admin","userPwd":"123456","captcha":"jdUT"}
[2024-04-10T18:03:06.461] [INFO] info - getCaptcha params3:jdUT
[2024-04-10T18:03:06.464] [INFO] info - getCaptcha params4:{
  _id: 661663ce02eb7078e4057363,
  captchaText: 'jdUT',
  expiresAt: 2024-04-10T10:07:54.824Z,
  __v: 0
}
[2024-04-10T18:04:36.838] [INFO] info - get params:{}
[2024-04-10T18:04:36.838] [INFO] info - post params:{}
[2024-04-10T18:04:36.841] [INFO] info - getCaptcha params1:[object Object]
[2024-04-10T18:04:36.844] [INFO] info - getCaptcha params2:{
  _id: 6616643402eb7078e4057367,
  captchaText: 'bkER',
  expiresAt: 2024-04-10T10:09:36.844Z
}
[2024-04-10T18:04:45.084] [INFO] info - get params:{}
[2024-04-10T18:04:45.085] [INFO] info - post params:{}
[2024-04-10T18:04:45.088] [INFO] info - getCaptcha params1:[object Object]
[2024-04-10T18:04:45.091] [INFO] info - getCaptcha params2:{
  _id: 6616643d02eb7078e405736a,
  captchaText: '9bE2',
  expiresAt: 2024-04-10T10:09:45.090Z
}
[2024-04-10T18:05:09.174] [INFO] info - get params:{}
[2024-04-10T18:05:09.174] [INFO] info - post params:{"userName":"admin","userPwd":"123456","captcha":"9bE2"}
[2024-04-10T18:05:09.174] [INFO] info - getCaptcha params3:9bE2
[2024-04-10T18:05:09.176] [INFO] info - getCaptcha params4:{
  _id: 6616643d02eb7078e405736a,
  captchaText: '9bE2',
  expiresAt: 2024-04-10T10:09:45.090Z,
  __v: 0
}
[2024-04-10T18:06:46.095] [INFO] info - get params:{}
[2024-04-10T18:06:46.095] [INFO] info - post params:{}
[2024-04-10T18:06:46.098] [INFO] info - getCaptcha params1:[object Object]
[2024-04-10T18:06:46.101] [INFO] info - getCaptcha params2:{
  _id: 661664b602eb7078e405736e,
  captchaText: 'm2pG',
  expiresAt: 2024-04-10T10:11:46.101Z
}
[2024-04-10T18:06:56.992] [INFO] info - get params:{}
[2024-04-10T18:06:56.993] [INFO] info - post params:{"userName":"admin","userPwd":"123456","captcha":"m2pG"}
[2024-04-10T18:06:56.993] [INFO] info - getCaptcha params3:m2pG
[2024-04-10T18:06:56.995] [INFO] info - getCaptcha params4:{
  _id: 661664b602eb7078e405736e,
  captchaText: 'm2pG',
  expiresAt: 2024-04-10T10:11:46.101Z,
  __v: 0
}
[2024-04-11T08:29:58.305] [INFO] info - **数据库连接成功**
[2024-04-11T08:30:54.230] [INFO] info - get params:{}
[2024-04-11T08:30:54.231] [INFO] info - post params:{}
[2024-04-11T08:30:54.276] [INFO] info - get params:{}
[2024-04-11T08:30:54.276] [INFO] info - post params:{}
[2024-04-11T08:30:54.279] [INFO] info - get params:{}
[2024-04-11T08:30:54.279] [INFO] info - post params:{}
[2024-04-11T08:30:55.848] [INFO] info - get params:{}
[2024-04-11T08:30:55.848] [INFO] info - post params:{}
[2024-04-11T08:31:55.662] [INFO] info - get params:{}
[2024-04-11T08:31:55.663] [INFO] info - post params:{}
[2024-04-11T08:32:10.168] [INFO] info - get params:{}
[2024-04-11T08:32:10.168] [INFO] info - post params:{}
[2024-04-11T08:32:10.215] [INFO] info - get params:{}
[2024-04-11T08:32:10.216] [INFO] info - post params:{}
[2024-04-11T08:32:25.426] [INFO] info - get params:{}
[2024-04-11T08:32:25.426] [INFO] info - post params:{}
[2024-04-11T08:32:35.564] [INFO] info - get params:{}
[2024-04-11T08:32:35.564] [INFO] info - post params:{"userName":"管理员","userPwd":"123456","captcha":""}
[2024-04-11T08:32:35.569] [INFO] info - User.findOne:{
  deptId: [ '65d1f9a4f66eb050ec4e493c' ],
  state: 1,
  role: 1,
  roleList: [ '65d0c8b51388403ba81aa28e' ],
  _id: 65d0d056848da6578c813ae5,
  userId: 10321,
  userName: '管理员',
  userEmail: 'guanliyuan@imooc.com'
}
[2024-04-11T08:32:35.858] [INFO] info - get params:{}
[2024-04-11T08:32:35.858] [INFO] info - post params:{}
[2024-04-11T08:32:35.890] [INFO] info - get params:{}
[2024-04-11T08:32:35.890] [INFO] info - post params:{}
[2024-04-11T08:33:50.581] [INFO] info - get params:{}
[2024-04-11T08:33:50.581] [INFO] info - post params:{}
[2024-04-11T08:33:50.637] [INFO] info - get params:{}
[2024-04-11T08:33:50.637] [INFO] info - post params:{}
[2024-04-11T08:33:50.644] [INFO] info - get params:{}
[2024-04-11T08:33:50.644] [INFO] info - post params:{}
[2024-04-11T08:34:00.574] [INFO] info - get params:{}
[2024-04-11T08:34:00.574] [INFO] info - post params:{}
[2024-04-11T08:34:02.373] [INFO] info - get params:{}
[2024-04-11T08:34:02.373] [INFO] info - post params:{}
[2024-04-11T08:34:02.375] [INFO] info - get params:{}
[2024-04-11T08:34:02.375] [INFO] info - post params:{}
[2024-04-11T08:36:12.117] [INFO] info - get params:{}
[2024-04-11T08:36:12.117] [INFO] info - post params:{}
[2024-04-11T08:36:12.182] [INFO] info - get params:{}
[2024-04-11T08:36:12.182] [INFO] info - post params:{}
[2024-04-11T08:36:12.183] [INFO] info - get params:{}
[2024-04-11T08:36:12.183] [INFO] info - post params:{}
[2024-04-11T08:38:20.573] [INFO] info - get params:{}
[2024-04-11T08:38:20.574] [INFO] info - post params:{}
[2024-04-11T08:38:20.659] [INFO] info - get params:{}
[2024-04-11T08:38:20.659] [INFO] info - post params:{}
[2024-04-11T08:38:20.662] [INFO] info - get params:{}
[2024-04-11T08:38:20.662] [INFO] info - post params:{}
[2024-04-11T08:39:09.505] [INFO] info - get params:{}
[2024-04-11T08:39:09.505] [INFO] info - post params:{}
[2024-04-11T08:39:09.519] [INFO] info - get params:{}
[2024-04-11T08:39:09.519] [INFO] info - post params:{}
[2024-04-11T08:39:09.578] [INFO] info - get params:{}
[2024-04-11T08:39:09.578] [INFO] info - post params:{}
[2024-04-11T08:39:09.579] [INFO] info - get params:{}
[2024-04-11T08:39:09.579] [INFO] info - post params:{}
[2024-04-11T08:39:14.857] [INFO] info - get params:{}
[2024-04-11T08:39:14.857] [INFO] info - post params:{}
[2024-04-11T08:39:14.923] [INFO] info - get params:{}
[2024-04-11T08:39:14.923] [INFO] info - post params:{}
[2024-04-11T08:39:14.925] [INFO] info - get params:{}
[2024-04-11T08:39:14.926] [INFO] info - post params:{}
[2024-04-11T08:42:19.191] [INFO] info - get params:{}
[2024-04-11T08:42:19.191] [INFO] info - post params:{}
[2024-04-11T08:42:19.259] [INFO] info - get params:{}
[2024-04-11T08:42:19.259] [INFO] info - post params:{}
[2024-04-11T08:42:19.261] [INFO] info - get params:{}
[2024-04-11T08:42:19.261] [INFO] info - post params:{}
[2024-04-11T08:43:29.955] [INFO] info - get params:{}
[2024-04-11T08:43:29.956] [INFO] info - post params:{}
[2024-04-11T08:43:30.020] [INFO] info - get params:{}
[2024-04-11T08:43:30.020] [INFO] info - post params:{}
[2024-04-11T08:43:30.022] [INFO] info - get params:{}
[2024-04-11T08:43:30.023] [INFO] info - post params:{}
[2024-04-11T08:43:51.392] [INFO] info - get params:{}
[2024-04-11T08:43:51.392] [INFO] info - post params:{}
[2024-04-11T08:43:51.462] [INFO] info - get params:{}
[2024-04-11T08:43:51.462] [INFO] info - post params:{}
[2024-04-11T08:43:51.466] [INFO] info - get params:{}
[2024-04-11T08:43:51.466] [INFO] info - post params:{}
[2024-04-11T08:44:06.227] [INFO] info - get params:{}
[2024-04-11T08:44:06.227] [INFO] info - post params:{}
[2024-04-11T08:44:36.870] [INFO] info - get params:{}
[2024-04-11T08:44:36.870] [INFO] info - post params:{}
[2024-04-11T08:44:36.871] [INFO] info - get params:{}
[2024-04-11T08:44:36.871] [INFO] info - post params:{}
[2024-04-11T08:44:50.086] [INFO] info - get params:{}
[2024-04-11T08:44:50.086] [INFO] info - post params:{}
[2024-04-11T08:44:51.474] [INFO] info - get params:{}
[2024-04-11T08:44:51.475] [INFO] info - post params:{}
[2024-04-11T08:44:51.476] [INFO] info - get params:{}
[2024-04-11T08:44:51.476] [INFO] info - post params:{}
[2024-04-11T08:44:53.315] [INFO] info - get params:{}
[2024-04-11T08:44:53.316] [INFO] info - post params:{}
[2024-04-11T08:44:54.431] [INFO] info - get params:{}
[2024-04-11T08:44:54.431] [INFO] info - post params:{}
[2024-04-11T08:44:54.747] [INFO] info - get params:{}
[2024-04-11T08:44:54.747] [INFO] info - post params:{}
[2024-04-11T08:45:04.806] [INFO] info - get params:{}
[2024-04-11T08:45:04.806] [INFO] info - post params:{}
[2024-04-11T08:45:06.000] [INFO] info - get params:{}
[2024-04-11T08:45:06.000] [INFO] info - post params:{}
[2024-04-11T08:45:06.300] [INFO] info - get params:{}
[2024-04-11T08:45:06.300] [INFO] info - post params:{}
[2024-04-11T08:46:02.884] [INFO] info - get params:{}
[2024-04-11T08:46:02.885] [INFO] info - post params:{}
[2024-04-11T08:46:02.958] [INFO] info - get params:{}
[2024-04-11T08:46:02.958] [INFO] info - post params:{}
[2024-04-11T08:46:02.966] [INFO] info - get params:{}
[2024-04-11T08:46:02.966] [INFO] info - post params:{}
[2024-04-11T08:46:07.625] [INFO] info - get params:{}
[2024-04-11T08:46:07.626] [INFO] info - post params:{}
[2024-04-11T08:46:07.678] [INFO] info - get params:{}
[2024-04-11T08:46:07.678] [INFO] info - post params:{}
[2024-04-11T08:46:07.680] [INFO] info - get params:{}
[2024-04-11T08:46:07.680] [INFO] info - post params:{}
[2024-04-11T08:46:17.483] [INFO] info - get params:{"state":"1","pageNum":"1","pageSize":"10"}
[2024-04-11T08:46:17.484] [INFO] info - post params:{}
[2024-04-11T08:46:17.614] [INFO] info - get params:{}
[2024-04-11T08:46:17.614] [INFO] info - post params:{}
[2024-04-11T08:46:17.798] [INFO] info - get params:{}
[2024-04-11T08:46:17.799] [INFO] info - post params:{}
[2024-04-11T08:46:25.918] [INFO] info - get params:{"state":"1","pageNum":"1","pageSize":"10"}
[2024-04-11T08:46:25.918] [INFO] info - post params:{}
[2024-04-11T08:46:25.919] [INFO] info - get params:{}
[2024-04-11T08:46:25.919] [INFO] info - post params:{}
[2024-04-11T08:46:25.920] [INFO] info - get params:{}
[2024-04-11T08:46:25.921] [INFO] info - post params:{}
[2024-04-11T08:46:27.262] [INFO] info - get params:{"deptName":""}
[2024-04-11T08:46:27.262] [INFO] info - post params:{}
[2024-04-11T08:46:27.263] [INFO] info - get params:{}
[2024-04-11T08:46:27.263] [INFO] info - post params:{}
[2024-04-11T08:46:28.682] [INFO] info - get params:{"menuState":"1"}
[2024-04-11T08:46:28.682] [INFO] info - post params:{}
[2024-04-11T08:48:31.407] [INFO] info - get params:{}
[2024-04-11T08:48:31.407] [INFO] info - post params:{"parentId":["6616721827df5d2720f9db6c","6616726827df5d2720f9db6f"],"menuType":1,"menuState":1,"createTime":"2024-04-10T10:08:49.990Z","updateTime":"2024-04-10T11:27:06.035Z","_id":"6616774327df5d2720f9dc39","menuName":"cesium练习","__v":0,"path":"/three/cesium/cesium1","component":"Cesium/cesium1","action":"edit"}
[2024-04-11T08:48:31.654] [INFO] info - get params:{"menuState":"1"}
[2024-04-11T08:48:31.654] [INFO] info - post params:{}
[2024-04-11T08:48:54.433] [INFO] info - get params:{}
[2024-04-11T08:48:54.433] [INFO] info - post params:{}
[2024-04-11T08:48:54.452] [INFO] info - get params:{}
[2024-04-11T08:48:54.452] [INFO] info - post params:{}
[2024-04-11T08:48:54.474] [INFO] info - get params:{}
[2024-04-11T08:48:54.475] [INFO] info - post params:{}
[2024-04-11T08:48:54.554] [INFO] info - get params:{"menuState":"1"}
[2024-04-11T08:48:54.554] [INFO] info - post params:{}
[2024-04-11T08:48:54.556] [INFO] info - get params:{}
[2024-04-11T08:48:54.557] [INFO] info - post params:{}
[2024-04-11T08:48:54.558] [INFO] info - get params:{}
[2024-04-11T08:48:54.558] [INFO] info - post params:{}
[2024-04-11T08:49:54.942] [INFO] info - get params:{}
[2024-04-11T08:49:54.942] [INFO] info - post params:{}
[2024-04-11T08:49:54.958] [INFO] info - get params:{}
[2024-04-11T08:49:54.958] [INFO] info - post params:{}
[2024-04-11T08:49:55.156] [INFO] info - get params:{"menuState":"1"}
[2024-04-11T08:49:55.156] [INFO] info - post params:{}
[2024-04-11T08:49:55.158] [INFO] info - get params:{}
[2024-04-11T08:49:55.158] [INFO] info - post params:{}
[2024-04-11T08:49:55.159] [INFO] info - get params:{}
[2024-04-11T08:49:55.159] [INFO] info - post params:{}
[2024-04-11T08:50:02.048] [INFO] info - get params:{}
[2024-04-11T08:50:02.048] [INFO] info - post params:{}
[2024-04-11T08:50:02.061] [INFO] info - get params:{}
[2024-04-11T08:50:02.061] [INFO] info - post params:{}
[2024-04-11T08:50:02.142] [INFO] info - get params:{"menuState":"1"}
[2024-04-11T08:50:02.142] [INFO] info - post params:{}
[2024-04-11T08:50:02.144] [INFO] info - get params:{}
[2024-04-11T08:50:02.145] [INFO] info - post params:{}
[2024-04-11T08:50:02.146] [INFO] info - get params:{}
[2024-04-11T08:50:02.146] [INFO] info - post params:{}
[2024-04-11T08:50:12.359] [INFO] info - get params:{"roleName":"","total":"0","pageNum":"1","pageSize":"10"}
[2024-04-11T08:50:12.359] [INFO] info - post params:{}
[2024-04-11T08:50:12.362] [INFO] info - get params:{}
[2024-04-11T08:50:12.362] [INFO] info - post params:{}
[2024-04-11T08:50:25.155] [INFO] info - get params:{"menuState":"1"}
[2024-04-11T08:50:25.155] [INFO] info - post params:{}
[2024-04-11T08:51:17.795] [INFO] info - get params:{"menuState":"1"}
[2024-04-11T08:51:17.795] [INFO] info - post params:{}
[2024-04-11T08:52:08.798] [INFO] info - get params:{"menuState":"1"}
[2024-04-11T08:52:08.798] [INFO] info - post params:{}
[2024-04-11T08:52:41.114] [INFO] info - get params:{"menuState":"1"}
[2024-04-11T08:52:41.115] [INFO] info - post params:{}
[2024-04-11T08:52:47.035] [INFO] info - get params:{"menuState":"1"}
[2024-04-11T08:52:47.035] [INFO] info - post params:{}
[2024-04-11T08:53:19.819] [INFO] info - get params:{"menuState":"1"}
[2024-04-11T08:53:19.819] [INFO] info - post params:{}
[2024-04-11T08:53:27.349] [INFO] info - get params:{"menuState":"1"}
[2024-04-11T08:53:27.349] [INFO] info - post params:{}
[2024-04-11T08:56:40.514] [INFO] info - get params:{"state":"1","pageNum":"1","pageSize":"10"}
[2024-04-11T08:56:40.515] [INFO] info - post params:{}
[2024-04-11T08:56:40.688] [INFO] info - get params:{}
[2024-04-11T08:56:40.688] [INFO] info - post params:{}
[2024-04-11T08:56:40.828] [INFO] info - get params:{}
[2024-04-11T08:56:40.828] [INFO] info - post params:{}
[2024-04-11T08:57:19.421] [INFO] info - get params:{"applyState":"1","pageNum":"1","pageSize":"10","total":"0"}
[2024-04-11T08:57:19.421] [INFO] info - post params:{}
[2024-04-11T08:57:20.114] [INFO] info - get params:{"roleName":"","total":"0","pageNum":"1","pageSize":"10"}
[2024-04-11T08:57:20.114] [INFO] info - post params:{}
[2024-04-11T08:57:20.115] [INFO] info - get params:{}
[2024-04-11T08:57:20.115] [INFO] info - post params:{}
[2024-04-11T08:57:20.525] [INFO] info - get params:{"deptName":""}
[2024-04-11T08:57:20.525] [INFO] info - post params:{}
[2024-04-11T08:57:20.828] [INFO] info - get params:{}
[2024-04-11T08:57:20.828] [INFO] info - post params:{}
[2024-04-11T08:57:22.526] [INFO] info - get params:{"roleName":"","total":"0","pageNum":"1","pageSize":"10"}
[2024-04-11T08:57:22.526] [INFO] info - post params:{}
[2024-04-11T08:57:22.527] [INFO] info - get params:{}
[2024-04-11T08:57:22.527] [INFO] info - post params:{}
[2024-04-11T08:57:23.029] [INFO] info - get params:{"deptName":""}
[2024-04-11T08:57:23.029] [INFO] info - post params:{}
[2024-04-11T08:57:23.337] [INFO] info - get params:{}
[2024-04-11T08:57:23.337] [INFO] info - post params:{}
[2024-04-11T08:57:24.145] [INFO] info - get params:{"roleName":"","total":"0","pageNum":"1","pageSize":"10"}
[2024-04-11T08:57:24.145] [INFO] info - post params:{}
[2024-04-11T08:57:24.146] [INFO] info - get params:{}
[2024-04-11T08:57:24.146] [INFO] info - post params:{}
[2024-04-11T08:57:24.484] [INFO] info - get params:{"menuState":"1"}
[2024-04-11T08:57:24.485] [INFO] info - post params:{}
[2024-04-11T08:57:31.112] [INFO] info - get params:{"roleName":"","total":"0","pageNum":"1","pageSize":"10"}
[2024-04-11T08:57:31.112] [INFO] info - post params:{}
[2024-04-11T08:57:31.113] [INFO] info - get params:{}
[2024-04-11T08:57:31.113] [INFO] info - post params:{}
[2024-04-11T08:57:33.973] [INFO] info - get params:{"deptName":""}
[2024-04-11T08:57:33.973] [INFO] info - post params:{}
[2024-04-11T08:57:34.289] [INFO] info - get params:{}
[2024-04-11T08:57:34.289] [INFO] info - post params:{}
[2024-04-11T08:57:39.668] [INFO] info - get params:{"state":"1","pageNum":"1","pageSize":"10"}
[2024-04-11T08:57:39.668] [INFO] info - post params:{}
[2024-04-11T08:57:39.669] [INFO] info - get params:{}
[2024-04-11T08:57:39.669] [INFO] info - post params:{}
[2024-04-11T08:57:39.670] [INFO] info - get params:{}
[2024-04-11T08:57:39.670] [INFO] info - post params:{}
[2024-04-11T09:06:16.914] [INFO] info - get params:{}
[2024-04-11T09:06:16.914] [INFO] info - post params:{}
[2024-04-11T09:06:16.929] [INFO] info - get params:{}
[2024-04-11T09:06:16.930] [INFO] info - post params:{}
[2024-04-11T09:06:17.071] [INFO] info - get params:{}
[2024-04-11T09:06:17.071] [INFO] info - post params:{}
[2024-04-11T09:06:17.072] [INFO] info - get params:{"state":"1","pageNum":"1","pageSize":"10"}
[2024-04-11T09:06:17.072] [INFO] info - post params:{}
[2024-04-11T09:06:17.073] [INFO] info - get params:{}
[2024-04-11T09:06:17.073] [INFO] info - post params:{}
[2024-04-11T09:06:17.074] [INFO] info - get params:{}
[2024-04-11T09:06:17.074] [INFO] info - post params:{}
[2024-04-11T09:06:17.262] [INFO] info - get params:{}
[2024-04-11T09:06:17.262] [INFO] info - post params:{}
[2024-04-11T09:06:20.970] [INFO] info - get params:{}
[2024-04-11T09:06:20.970] [INFO] info - post params:{}
[2024-04-11T09:06:57.722] [INFO] info - get params:{}
[2024-04-11T09:06:57.722] [INFO] info - post params:{"userName":"管理员","userPwd":"123456","captcha":""}
[2024-04-11T09:06:57.725] [INFO] info - User.findOne:{
  deptId: [ '65d1f9a4f66eb050ec4e493c' ],
  state: 1,
  role: 1,
  roleList: [ '65d0c8b51388403ba81aa28e' ],
  _id: 65d0d056848da6578c813ae5,
  userId: 10321,
  userName: '管理员',
  userEmail: 'guanliyuan@imooc.com'
}
[2024-04-11T09:06:57.779] [INFO] info - get params:{}
[2024-04-11T09:06:57.780] [INFO] info - post params:{}
[2024-04-11T09:06:57.781] [INFO] info - get params:{}
[2024-04-11T09:06:57.781] [INFO] info - post params:{}
[2024-04-11T09:09:46.510] [INFO] info - **数据库连接成功**
[2024-04-11T09:09:53.603] [INFO] info - get params:{}
[2024-04-11T09:09:53.603] [INFO] info - post params:{}
[2024-04-11T09:10:00.544] [INFO] info - get params:{}
[2024-04-11T09:10:00.544] [INFO] info - post params:{"userName":"管理员","userPwd":"123456","captcha":""}
[2024-04-11T09:10:25.604] [INFO] info - get params:{}
[2024-04-11T09:10:25.605] [INFO] info - post params:{}
[2024-04-11T09:10:30.780] [INFO] info - get params:{}
[2024-04-11T09:10:30.780] [INFO] info - post params:{"userName":"admin","userPwd":"123456","captcha":""}
[2024-04-11T09:13:01.768] [INFO] info - **数据库连接成功**
[2024-04-11T09:13:07.764] [INFO] info - get params:{}
[2024-04-11T09:13:07.765] [INFO] info - post params:{"userName":"管理员","userPwd":"123456","captcha":""}
[2024-04-11T09:13:07.766] [INFO] info - User.findOne:[object Object]
[2024-04-11T09:19:31.504] [INFO] info - **数据库连接成功**
[2024-04-11T09:19:41.578] [INFO] info - get params:{}
[2024-04-11T09:19:41.578] [INFO] info - post params:{}
[2024-04-11T09:19:48.460] [INFO] info - get params:{}
[2024-04-11T09:19:48.460] [INFO] info - post params:{"userName":"管理员","userPwd":"123456","captcha":""}
[2024-04-11T09:19:48.465] [INFO] info - User.findOne:{
  lastLoginTime: 2024-04-11T01:19:48.462Z,
  _id: 65d0d056848da6578c813ae5
}
[2024-04-11T09:19:48.500] [INFO] info - get params:{}
[2024-04-11T09:19:48.501] [INFO] info - post params:{}
[2024-04-11T09:19:48.808] [INFO] info - get params:{}
[2024-04-11T09:19:48.808] [INFO] info - post params:{}
[2024-04-11T09:21:23.625] [INFO] info - **数据库连接成功**
[2024-04-11T09:21:28.545] [INFO] info - get params:{}
[2024-04-11T09:21:28.545] [INFO] info - post params:{}
[2024-04-11T09:21:28.598] [INFO] info - get params:{}
[2024-04-11T09:21:28.599] [INFO] info - post params:{}
[2024-04-11T09:21:28.605] [INFO] info - get params:{}
[2024-04-11T09:21:28.605] [INFO] info - post params:{}
[2024-04-11T09:21:37.399] [INFO] info - get params:{}
[2024-04-11T09:21:37.400] [INFO] info - post params:{}
[2024-04-11T09:21:37.619] [INFO] info - get params:{}
[2024-04-11T09:21:37.619] [INFO] info - post params:{}
[2024-04-11T09:21:37.621] [INFO] info - get params:{}
[2024-04-11T09:21:37.622] [INFO] info - post params:{}
[2024-04-11T09:22:06.559] [INFO] info - get params:{}
[2024-04-11T09:22:06.559] [INFO] info - post params:{}
[2024-04-11T09:22:12.153] [INFO] info - get params:{}
[2024-04-11T09:22:12.153] [INFO] info - post params:{"userName":"管理员","userPwd":"123456","captcha":""}
[2024-04-11T09:22:12.164] [INFO] info - User.findOne:{
  deptId: [ '65d1f9a4f66eb050ec4e493c' ],
  state: 1,
  role: 1,
  roleList: [ '65d0c8b51388403ba81aa28e' ],
  createTime: 2024-02-17T15:07:41.178Z,
  lastLoginTime: 2024-02-17T15:07:41.178Z,
  _id: 65d0d056848da6578c813ae5,
  userId: 10321,
  userName: '管理员',
  userPwd: 'e10adc3949ba59abbe56e057f20f883e',
  userEmail: 'guanliyuan@imooc.com',
  __v: 0,
  job: null,
  mobile: null
}
[2024-04-11T09:22:12.207] [INFO] info - get params:{}
[2024-04-11T09:22:12.207] [INFO] info - post params:{}
[2024-04-11T09:22:12.210] [INFO] info - get params:{}
[2024-04-11T09:22:12.210] [INFO] info - post params:{}
[2024-04-11T09:24:18.499] [INFO] info - get params:{}
[2024-04-11T09:24:18.499] [INFO] info - post params:{}
[2024-04-11T09:24:24.238] [INFO] info - **数据库连接成功**
[2024-04-11T09:24:26.327] [INFO] info - get params:{}
[2024-04-11T09:24:26.328] [INFO] info - post params:{}
[2024-04-11T09:24:32.394] [INFO] info - get params:{}
[2024-04-11T09:24:32.395] [INFO] info - post params:{"userName":"管理员","userPwd":"123456","captcha":""}
[2024-04-11T09:24:32.403] [INFO] info - User.findOne:{
  deptId: [ '65d1f9a4f66eb050ec4e493c' ],
  state: 1,
  role: 1,
  roleList: [ '65d0c8b51388403ba81aa28e' ],
  createTime: 2024-02-17T15:07:41.178Z,
  lastLoginTime: 2024-04-11T01:22:12.154Z,
  _id: 65d0d056848da6578c813ae5,
  userId: 10321,
  userName: '管理员',
  userPwd: 'e10adc3949ba59abbe56e057f20f883e',
  userEmail: 'guanliyuan@imooc.com',
  __v: 0,
  job: null,
  mobile: null
}
[2024-04-11T09:24:32.438] [INFO] info - get params:{}
[2024-04-11T09:24:32.438] [INFO] info - post params:{}
[2024-04-11T09:24:32.442] [INFO] info - get params:{}
[2024-04-11T09:24:32.443] [INFO] info - post params:{}
[2024-04-11T09:26:13.821] [INFO] info - get params:{}
[2024-04-11T09:26:13.821] [INFO] info - post params:{}
[2024-04-11T09:26:15.549] [INFO] info - get params:{}
[2024-04-11T09:26:15.549] [INFO] info - post params:{}
[2024-04-11T09:26:22.085] [INFO] info - get params:{}
[2024-04-11T09:26:22.085] [INFO] info - post params:{"userName":"管理员","userPwd":"123456","captcha":""}
[2024-04-11T09:26:22.089] [INFO] info - User.findOne:{
  deptId: [ '65d1f9a4f66eb050ec4e493c' ],
  state: 1,
  role: 1,
  roleList: [ '65d0c8b51388403ba81aa28e' ],
  createTime: 2024-02-17T15:07:41.178Z,
  lastLoginTime: 2024-04-11T01:24:32.396Z,
  _id: 65d0d056848da6578c813ae5,
  userId: 10321,
  userName: '管理员',
  userPwd: 'e10adc3949ba59abbe56e057f20f883e',
  userEmail: 'guanliyuan@imooc.com',
  __v: 0,
  job: null,
  mobile: null
}
[2024-04-11T09:26:22.143] [INFO] info - get params:{}
[2024-04-11T09:26:22.144] [INFO] info - post params:{}
[2024-04-11T09:26:22.450] [INFO] info - get params:{}
[2024-04-11T09:26:22.450] [INFO] info - post params:{}
[2024-04-11T09:27:01.525] [INFO] info - **数据库连接成功**
[2024-04-11T09:27:04.354] [INFO] info - get params:{}
[2024-04-11T09:27:04.354] [INFO] info - post params:{}
[2024-04-11T09:27:13.740] [INFO] info - get params:{}
[2024-04-11T09:27:13.740] [INFO] info - post params:{"userName":"管理员","userPwd":"123456","captcha":""}
[2024-04-11T09:27:13.746] [INFO] info - User.findOne:{
  deptId: [ '65d1f9a4f66eb050ec4e493c' ],
  state: 1,
  role: 1,
  roleList: [ '65d0c8b51388403ba81aa28e' ],
  _id: 65d0d056848da6578c813ae5,
  userId: 10321,
  userName: '管理员',
  userEmail: 'guanliyuan@imooc.com'
}
[2024-04-11T09:27:14.085] [INFO] info - get params:{}
[2024-04-11T09:27:14.085] [INFO] info - post params:{}
[2024-04-11T09:27:14.089] [INFO] info - get params:{}
[2024-04-11T09:27:14.089] [INFO] info - post params:{}
[2024-04-11T09:29:37.184] [INFO] info - get params:{}
[2024-04-11T09:29:37.185] [INFO] info - post params:{}
[2024-04-11T09:29:37.479] [INFO] info - get params:{"state":"1","pageNum":"1","pageSize":"10"}
[2024-04-11T09:29:37.479] [INFO] info - post params:{}
[2024-04-11T09:29:37.513] [INFO] info - get params:{}
[2024-04-11T09:29:37.513] [INFO] info - post params:{}
[2024-04-11T09:29:37.791] [INFO] info - get params:{}
[2024-04-11T09:29:37.791] [INFO] info - post params:{}
[2024-04-11T09:31:48.346] [INFO] info - **数据库连接成功**
[2024-04-11T09:31:52.436] [INFO] info - get params:{}
[2024-04-11T09:31:52.436] [INFO] info - post params:{}
[2024-04-11T09:31:53.722] [INFO] info - get params:{}
[2024-04-11T09:31:53.722] [INFO] info - post params:{}
[2024-04-11T09:31:57.940] [INFO] info - get params:{}
[2024-04-11T09:31:57.941] [INFO] info - post params:{"userName":"管理员","userPwd":"123456","captcha":""}
[2024-04-11T09:34:23.875] [INFO] info - **数据库连接成功**
[2024-04-11T09:34:30.659] [INFO] info - get params:{}
[2024-04-11T09:34:30.660] [INFO] info - post params:{"userName":"管理员","userPwd":"123456","captcha":""}
[2024-04-11T09:34:30.675] [INFO] info - User-login.findOne:{
  deptId: [ '65d1f9a4f66eb050ec4e493c' ],
  state: 1,
  role: 1,
  roleList: [ '65d0c8b51388403ba81aa28e' ],
  createTime: 2024-02-17T15:07:41.178Z,
  lastLoginTime: 2024-04-11T01:34:30.661Z,
  _id: 65d0d056848da6578c813ae5,
  userId: 10321,
  userName: '管理员',
  userPwd: 'e10adc3949ba59abbe56e057f20f883e',
  userEmail: 'guanliyuan@imooc.com',
  __v: 0,
  job: null,
  mobile: null
}
[2024-04-11T09:34:30.930] [INFO] info - get params:{}
[2024-04-11T09:34:30.931] [INFO] info - post params:{}
[2024-04-11T09:34:30.996] [INFO] info - get params:{}
[2024-04-11T09:34:30.996] [INFO] info - post params:{}
[2024-04-11T09:35:12.599] [INFO] info - get params:{}
[2024-04-11T09:35:12.599] [INFO] info - post params:{}
[2024-04-11T09:35:12.668] [INFO] info - get params:{"state":"1","pageNum":"1","pageSize":"10"}
[2024-04-11T09:35:12.668] [INFO] info - post params:{}
[2024-04-11T09:35:12.671] [INFO] info - get params:{}
[2024-04-11T09:35:12.671] [INFO] info - post params:{}
[2024-04-11T09:35:12.982] [INFO] info - get params:{}
[2024-04-11T09:35:12.982] [INFO] info - post params:{}
[2024-04-11T09:52:52.213] [INFO] info - get params:{"roleName":"","total":"0","pageNum":"1","pageSize":"10"}
[2024-04-11T09:52:52.213] [INFO] info - post params:{}
[2024-04-11T09:52:52.431] [INFO] info - get params:{}
[2024-04-11T09:52:52.431] [INFO] info - post params:{}
[2024-04-11T09:52:52.788] [INFO] info - get params:{"deptName":""}
[2024-04-11T09:52:52.788] [INFO] info - post params:{}
[2024-04-11T09:52:53.100] [INFO] info - get params:{}
[2024-04-11T09:52:53.100] [INFO] info - post params:{}
[2024-04-11T09:52:53.931] [INFO] info - get params:{"menuState":"1"}
[2024-04-11T09:52:53.932] [INFO] info - post params:{}
[2024-04-11T09:52:55.445] [INFO] info - get params:{"state":"1","pageNum":"1","pageSize":"10"}
[2024-04-11T09:52:55.446] [INFO] info - post params:{}
[2024-04-11T09:52:55.756] [INFO] info - get params:{}
[2024-04-11T09:52:55.756] [INFO] info - post params:{}
[2024-04-11T09:52:55.757] [INFO] info - get params:{}
[2024-04-11T09:52:55.758] [INFO] info - post params:{}
[2024-04-11T09:52:56.610] [INFO] info - get params:{"menuState":"1"}
[2024-04-11T09:52:56.611] [INFO] info - post params:{}
[2024-04-11T09:52:57.088] [INFO] info - get params:{"roleName":"","total":"0","pageNum":"1","pageSize":"10"}
[2024-04-11T09:52:57.088] [INFO] info - post params:{}
[2024-04-11T09:52:57.390] [INFO] info - get params:{}
[2024-04-11T09:52:57.390] [INFO] info - post params:{}
[2024-04-11T09:52:58.518] [INFO] info - get params:{"menuState":"1"}
[2024-04-11T09:52:58.518] [INFO] info - post params:{}
[2024-04-11T09:55:22.179] [INFO] info - get params:{}
[2024-04-11T09:55:22.179] [INFO] info - post params:{"parentId":["6616721827df5d2720f9db6c","6616726827df5d2720f9db6f"],"menuType":1,"menuState":1,"createTime":"2021-04-04T13:23:49.765Z","updateTime":"2024-04-10T11:45:00.060Z","_id":"6616726827df5d2720f9db6f","menuName":"cesium图层调整","__v":0,"path":"/three/cesium","component":"/three/cesium/cesium2","icon":"Menu","children":[{"parentId":["6616721827df5d2720f9db6c","6616726827df5d2720f9db6f"],"createTime":"2024-04-10T10:08:49.990Z","updateTime":"2024-04-11T00:48:31.408Z","_id":"6616774327df5d2720f9dc39","menuType":1,"menuState":1,"menuName":"cesium练习","__v":0,"path":"/three/cesium/cesium1","component":"Cesium/cesium1"}],"action":"add"}
[2024-04-11T09:55:22.444] [INFO] info - get params:{"menuState":"1"}
[2024-04-11T09:55:22.445] [INFO] info - post params:{}
[2024-04-11T09:55:48.900] [INFO] info - get params:{}
[2024-04-11T09:55:48.900] [INFO] info - post params:{"parentId":["6616721827df5d2720f9db6c","6616726827df5d2720f9db6f"],"menuType":1,"menuState":1,"createTime":"2021-04-04T13:23:49.765Z","updateTime":"2024-04-10T11:45:00.060Z","_id":"6617430abca54a496ca60311","menuName":"cesium图层调整","__v":0,"path":"/three/cesium/cesium2","component":"Cesium/cesium2","icon":"Menu","children":[{"parentId":["6616721827df5d2720f9db6c","6616726827df5d2720f9db6f"],"createTime":"2024-04-10T10:08:49.990Z","updateTime":"2024-04-11T00:48:31.408Z","_id":"6616774327df5d2720f9dc39","menuType":1,"menuState":1,"menuName":"cesium练习","__v":0,"path":"/three/cesium/cesium1","component":"Cesium/cesium1"}],"action":"edit"}
[2024-04-11T09:55:49.235] [INFO] info - get params:{"menuState":"1"}
[2024-04-11T09:55:49.235] [INFO] info - post params:{}
[2024-04-11T09:56:07.724] [INFO] info - get params:{"state":"1","pageNum":"1","pageSize":"10"}
[2024-04-11T09:56:07.724] [INFO] info - post params:{}
[2024-04-11T09:56:08.039] [INFO] info - get params:{}
[2024-04-11T09:56:08.039] [INFO] info - post params:{}
[2024-04-11T09:56:08.040] [INFO] info - get params:{}
[2024-04-11T09:56:08.040] [INFO] info - post params:{}
[2024-04-11T09:56:13.099] [INFO] info - get params:{"roleName":"","total":"0","pageNum":"1","pageSize":"10"}
[2024-04-11T09:56:13.099] [INFO] info - post params:{}
[2024-04-11T09:56:13.100] [INFO] info - get params:{}
[2024-04-11T09:56:13.100] [INFO] info - post params:{}
[2024-04-11T09:56:17.409] [INFO] info - get params:{}
[2024-04-11T09:56:17.409] [INFO] info - post params:{"_id":"65d0c8b51388403ba81aa28e","permissionList":{"checkedKeys":["65d0cedb848da6578c813a8e","65d0cee3848da6578c813a91","65d0ceec848da6578c813a94","65d0cef3848da6578c813a97","65d0ceff848da6578c813a9a","65d0cf07848da6578c813a9d","65d0cf1e848da6578c813aa0","65d0cf23848da6578c813aa3","65d0cf2d848da6578c813aa6","65d0cf34848da6578c813aa9","65d0cf3b848da6578c813aac","65d0cf46848da6578c813aaf","65d0cf4f848da6578c813ab2","65d0cf5c848da6578c813ab5","65d0cf64848da6578c813ab8","65d0cf6e848da6578c813abb","65d0cf74848da6578c813abe","65d0cf9c848da6578c813aca","65d0cfa4848da6578c813acd","65d0cfa9848da6578c813ad0","6616774327df5d2720f9dc39","6617430abca54a496ca60311"],"halfCheckedKeys":["65d0ce8a848da6578c813a7f","65d0cea9848da6578c813a82","65d0ceb7848da6578c813a85","65d0cec1848da6578c813a88","65d0cec8848da6578c813a8b","65d0cf83848da6578c813ac1","65d0cf8d848da6578c813ac4","65d0cf94848da6578c813ac7","6616721827df5d2720f9db6c","6616726827df5d2720f9db6f"]}}
[2024-04-11T09:56:17.740] [INFO] info - get params:{"roleName":"","total":"3","pageNum":"1","pageSize":"10"}
[2024-04-11T09:56:17.740] [INFO] info - post params:{}
[2024-04-11T09:56:34.208] [INFO] info - get params:{}
[2024-04-11T09:56:34.209] [INFO] info - post params:{}
[2024-04-11T09:56:34.225] [INFO] info - get params:{}
[2024-04-11T09:56:34.225] [INFO] info - post params:{}
[2024-04-11T09:56:34.316] [INFO] info - get params:{"roleName":"","total":"0","pageNum":"1","pageSize":"10"}
[2024-04-11T09:56:34.316] [INFO] info - post params:{}
[2024-04-11T09:56:34.318] [INFO] info - get params:{}
[2024-04-11T09:56:34.318] [INFO] info - post params:{}
[2024-04-11T09:56:34.319] [INFO] info - get params:{}
[2024-04-11T09:56:34.319] [INFO] info - post params:{}
[2024-04-11T09:56:34.321] [INFO] info - get params:{}
[2024-04-11T09:56:34.321] [INFO] info - post params:{}
[2024-04-11T09:56:43.806] [INFO] info - get params:{"menuState":"1"}
[2024-04-11T09:56:43.806] [INFO] info - post params:{}
[2024-04-11T09:56:54.844] [INFO] info - get params:{}
[2024-04-11T09:56:54.844] [INFO] info - post params:{"parentId":["6616721827df5d2720f9db6c","6616726827df5d2720f9db6f"],"menuType":1,"menuState":1,"createTime":"2021-04-04T13:23:49.765Z","updateTime":"2024-04-11T01:55:48.901Z","_id":"6617430abca54a496ca60311","menuName":"cesium图层调整","__v":0,"path":"/three/cesium/cesium2","component":"Cesium/cesium2","icon":"","action":"edit"}
[2024-04-11T09:56:54.866] [INFO] info - get params:{"menuState":"1"}
[2024-04-11T09:56:54.866] [INFO] info - post params:{}
[2024-04-11T09:56:59.820] [INFO] info - get params:{}
[2024-04-11T09:56:59.821] [INFO] info - post params:{}
[2024-04-11T09:56:59.864] [INFO] info - get params:{}
[2024-04-11T09:56:59.865] [INFO] info - post params:{}
[2024-04-11T09:56:59.964] [INFO] info - get params:{"menuState":"1"}
[2024-04-11T09:56:59.964] [INFO] info - post params:{}
[2024-04-11T09:56:59.965] [INFO] info - get params:{}
[2024-04-11T09:56:59.965] [INFO] info - post params:{}
[2024-04-11T09:56:59.967] [INFO] info - get params:{}
[2024-04-11T09:56:59.967] [INFO] info - post params:{}
[2024-04-11T09:57:24.459] [INFO] info - get params:{"menuState":"1"}
[2024-04-11T09:57:24.459] [INFO] info - post params:{}
[2024-04-11T09:57:38.794] [INFO] info - get params:{}
[2024-04-11T09:57:38.794] [INFO] info - post params:{"parentId":["6616721827df5d2720f9db6c","6616726827df5d2720f9db6f"],"menuType":1,"menuState":1,"createTime":"2021-04-04T13:23:49.765Z","updateTime":"2024-04-11T01:56:54.845Z","_id":"6617430abca54a496ca60311","menuName":"图层调整","__v":0,"path":"/three/cesium/cesium2","component":"Cesium/cesium2","icon":"","action":"edit"}
[2024-04-11T09:57:38.817] [INFO] info - get params:{"menuState":"1"}
[2024-04-11T09:57:38.817] [INFO] info - post params:{}
[2024-04-11T09:58:15.122] [INFO] info - get params:{}
[2024-04-11T09:58:15.123] [INFO] info - post params:{"parentId":["6616721827df5d2720f9db6c","6616726827df5d2720f9db6f"],"menuType":1,"menuState":1,"createTime":"2021-04-04T13:23:49.765Z","updateTime":"2024-04-11T01:56:54.845Z","_id":"6617430abca54a496ca60311","menuName":"图层调整2","__v":0,"path":"/three/cesium/cesium2","component":"Cesium/cesium2","action":"add"}
[2024-04-11T09:58:15.387] [INFO] info - get params:{"menuState":"1"}
[2024-04-11T09:58:15.387] [INFO] info - post params:{}
[2024-04-11T09:58:23.025] [INFO] info - get params:{}
[2024-04-11T09:58:23.025] [INFO] info - post params:{"parentId":["6616721827df5d2720f9db6c","6616726827df5d2720f9db6f"],"menuType":1,"menuState":1,"createTime":"2021-04-04T13:23:49.765Z","updateTime":"2024-04-11T01:56:54.845Z","_id":"661743b7bca54a496ca60338","menuName":"图层调整2","__v":0,"path":"/three/cesium/cesium3","component":"Cesium/cesium3","action":"edit"}
[2024-04-11T09:58:23.347] [INFO] info - get params:{"menuState":"1"}
[2024-04-11T09:58:23.347] [INFO] info - post params:{}
[2024-04-11T09:58:24.795] [INFO] info - get params:{}
[2024-04-11T09:58:24.795] [INFO] info - post params:{}
[2024-04-11T09:58:24.934] [INFO] info - get params:{}
[2024-04-11T09:58:24.935] [INFO] info - post params:{}
[2024-04-11T09:58:25.065] [INFO] info - get params:{"menuState":"1"}
[2024-04-11T09:58:25.065] [INFO] info - post params:{}
[2024-04-11T09:58:25.066] [INFO] info - get params:{}
[2024-04-11T09:58:25.066] [INFO] info - post params:{}
[2024-04-11T09:58:25.067] [INFO] info - get params:{}
[2024-04-11T09:58:25.068] [INFO] info - post params:{}
[2024-04-11T09:58:27.788] [INFO] info - get params:{}
[2024-04-11T09:58:27.788] [INFO] info - post params:{}
[2024-04-11T09:58:27.790] [INFO] info - get params:{"roleName":"","total":"0","pageNum":"1","pageSize":"10"}
[2024-04-11T09:58:27.790] [INFO] info - post params:{}
[2024-04-11T09:58:33.740] [INFO] info - get params:{}
[2024-04-11T09:58:33.740] [INFO] info - post params:{"_id":"65d0c8b51388403ba81aa28e","permissionList":{"checkedKeys":["65d0cedb848da6578c813a8e","65d0cee3848da6578c813a91","65d0ceec848da6578c813a94","65d0cef3848da6578c813a97","65d0ceff848da6578c813a9a","65d0cf07848da6578c813a9d","65d0cf1e848da6578c813aa0","65d0cf23848da6578c813aa3","65d0cf2d848da6578c813aa6","65d0cf34848da6578c813aa9","65d0cf3b848da6578c813aac","65d0cf46848da6578c813aaf","65d0cf4f848da6578c813ab2","65d0cf5c848da6578c813ab5","65d0cf64848da6578c813ab8","65d0cf6e848da6578c813abb","65d0cf74848da6578c813abe","65d0cf9c848da6578c813aca","65d0cfa4848da6578c813acd","65d0cfa9848da6578c813ad0","6616774327df5d2720f9dc39","6617430abca54a496ca60311","661743b7bca54a496ca60338"],"halfCheckedKeys":["65d0ce8a848da6578c813a7f","65d0cea9848da6578c813a82","65d0ceb7848da6578c813a85","65d0cec1848da6578c813a88","65d0cec8848da6578c813a8b","65d0cf83848da6578c813ac1","65d0cf8d848da6578c813ac4","65d0cf94848da6578c813ac7","6616721827df5d2720f9db6c","6616726827df5d2720f9db6f"]}}
[2024-04-11T09:58:34.007] [INFO] info - get params:{"roleName":"","total":"3","pageNum":"1","pageSize":"10"}
[2024-04-11T09:58:34.008] [INFO] info - post params:{}
[2024-04-11T09:58:37.976] [INFO] info - get params:{}
[2024-04-11T09:58:37.976] [INFO] info - post params:{}
[2024-04-11T09:58:38.151] [INFO] info - get params:{}
[2024-04-11T09:58:38.152] [INFO] info - post params:{}
[2024-04-11T09:58:38.237] [INFO] info - get params:{"roleName":"","total":"0","pageNum":"1","pageSize":"10"}
[2024-04-11T09:58:38.237] [INFO] info - post params:{}
[2024-04-11T09:58:38.239] [INFO] info - get params:{}
[2024-04-11T09:58:38.239] [INFO] info - post params:{}
[2024-04-11T09:58:38.240] [INFO] info - get params:{}
[2024-04-11T09:58:38.240] [INFO] info - post params:{}
[2024-04-11T09:58:38.241] [INFO] info - get params:{}
[2024-04-11T09:58:38.241] [INFO] info - post params:{}
[2024-04-11T09:58:58.596] [INFO] info - get params:{"state":"1","pageNum":"1","pageSize":"10"}
[2024-04-11T09:58:58.596] [INFO] info - post params:{}
[2024-04-11T09:58:58.597] [INFO] info - get params:{}
[2024-04-11T09:58:58.597] [INFO] info - post params:{}
[2024-04-11T09:58:58.598] [INFO] info - get params:{}
[2024-04-11T09:58:58.598] [INFO] info - post params:{}
[2024-04-11T09:59:00.630] [INFO] info - get params:{"menuState":"1"}
[2024-04-11T09:59:00.631] [INFO] info - post params:{}
[2024-04-11T09:59:19.284] [INFO] info - get params:{}
[2024-04-11T09:59:19.284] [INFO] info - post params:{"parentId":["6616721827df5d2720f9db6c","6616726827df5d2720f9db6f"],"menuType":1,"menuState":1,"createTime":"2021-04-04T13:23:49.765Z","updateTime":"2024-04-11T01:58:23.025Z","_id":"661743b7bca54a496ca60338","menuName":"加载图层","__v":0,"path":"/three/cesium/cesium3","component":"Cesium/cesium3","icon":"","action":"edit"}
[2024-04-11T09:59:19.306] [INFO] info - get params:{"menuState":"1"}
[2024-04-11T09:59:19.306] [INFO] info - post params:{}
[2024-04-11T09:59:25.202] [INFO] info - get params:{}
[2024-04-11T09:59:25.202] [INFO] info - post params:{"parentId":["6616721827df5d2720f9db6c","6616726827df5d2720f9db6f"],"menuType":1,"menuState":1,"createTime":"2021-04-04T13:23:49.765Z","updateTime":"2024-04-11T01:57:38.794Z","_id":"6617430abca54a496ca60311","menuName":"图层调整","__v":0,"path":"/three/cesium/cesium2","component":"Cesium/cesium2","icon":"","action":"edit"}
[2024-04-11T09:59:25.468] [INFO] info - get params:{"menuState":"1"}
[2024-04-11T09:59:25.468] [INFO] info - post params:{}
[2024-04-11T09:59:26.887] [INFO] info - get params:{}
[2024-04-11T09:59:26.887] [INFO] info - post params:{}
[2024-04-11T09:59:27.020] [INFO] info - get params:{}
[2024-04-11T09:59:27.021] [INFO] info - post params:{}
[2024-04-11T09:59:27.151] [INFO] info - get params:{"menuState":"1"}
[2024-04-11T09:59:27.152] [INFO] info - post params:{}
[2024-04-11T09:59:27.153] [INFO] info - get params:{}
[2024-04-11T09:59:27.154] [INFO] info - post params:{}
[2024-04-11T09:59:27.155] [INFO] info - get params:{}
[2024-04-11T09:59:27.155] [INFO] info - post params:{}
[2024-04-11T09:59:49.378] [INFO] info - get params:{}
[2024-04-11T09:59:49.379] [INFO] info - post params:{}
[2024-04-11T09:59:49.391] [INFO] info - get params:{}
[2024-04-11T09:59:49.391] [INFO] info - post params:{}
[2024-04-11T09:59:49.497] [INFO] info - get params:{"menuState":"1"}
[2024-04-11T09:59:49.497] [INFO] info - post params:{}
[2024-04-11T09:59:49.498] [INFO] info - get params:{}
[2024-04-11T09:59:49.498] [INFO] info - post params:{}
[2024-04-11T09:59:49.500] [INFO] info - get params:{}
[2024-04-11T09:59:49.500] [INFO] info - post params:{}
[2024-04-11T10:05:46.891] [INFO] info - get params:{"applyState":"1","pageNum":"1","pageSize":"10","total":"0","type":"approve"}
[2024-04-11T10:05:46.891] [INFO] info - post params:{}
[2024-04-11T10:05:47.683] [INFO] info - get params:{"applyState":"1","pageNum":"1","pageSize":"10","total":"0"}
[2024-04-11T10:05:47.683] [INFO] info - post params:{}
[2024-04-11T10:05:48.434] [INFO] info - get params:{"state":"1","pageNum":"1","pageSize":"10"}
[2024-04-11T10:05:48.434] [INFO] info - post params:{}
[2024-04-11T10:05:48.672] [INFO] info - get params:{}
[2024-04-11T10:05:48.672] [INFO] info - post params:{}
[2024-04-11T10:05:48.750] [INFO] info - get params:{}
[2024-04-11T10:05:48.751] [INFO] info - post params:{}
[2024-04-11T10:05:50.654] [INFO] info - get params:{"roleName":"","total":"0","pageNum":"1","pageSize":"10"}
[2024-04-11T10:05:50.654] [INFO] info - post params:{}
[2024-04-11T10:05:50.968] [INFO] info - get params:{}
[2024-04-11T10:05:50.968] [INFO] info - post params:{}
[2024-04-11T10:05:52.054] [INFO] info - get params:{"menuState":"1"}
[2024-04-11T10:05:52.055] [INFO] info - post params:{}
[2024-04-11T10:05:55.374] [INFO] info - get params:{"deptName":""}
[2024-04-11T10:05:55.375] [INFO] info - post params:{}
[2024-04-11T10:05:55.686] [INFO] info - get params:{}
[2024-04-11T10:05:55.686] [INFO] info - post params:{}
[2024-04-11T10:05:56.352] [INFO] info - get params:{"roleName":"","total":"0","pageNum":"1","pageSize":"10"}
[2024-04-11T10:05:56.352] [INFO] info - post params:{}
[2024-04-11T10:05:56.353] [INFO] info - get params:{}
[2024-04-11T10:05:56.354] [INFO] info - post params:{}
[2024-04-11T10:05:56.959] [INFO] info - get params:{"deptName":""}
[2024-04-11T10:05:56.959] [INFO] info - post params:{}
[2024-04-11T10:05:57.271] [INFO] info - get params:{}
[2024-04-11T10:05:57.271] [INFO] info - post params:{}
[2024-04-11T10:05:58.364] [INFO] info - get params:{"menuState":"1"}
[2024-04-11T10:05:58.364] [INFO] info - post params:{}
[2024-04-11T10:07:47.383] [INFO] info - get params:{"applyState":"1","pageNum":"1","pageSize":"10","total":"0","type":"approve"}
[2024-04-11T10:07:47.383] [INFO] info - post params:{}
[2024-04-11T10:07:48.249] [INFO] info - get params:{"applyState":"1","pageNum":"1","pageSize":"10","total":"0"}
[2024-04-11T10:07:48.249] [INFO] info - post params:{}
[2024-04-11T10:07:49.758] [INFO] info - get params:{"applyState":"1","pageNum":"1","pageSize":"10","total":"0","type":"approve"}
[2024-04-11T10:07:49.759] [INFO] info - post params:{}
[2024-04-11T10:07:50.030] [INFO] info - get params:{"applyState":"1","pageNum":"1","pageSize":"10","total":"0"}
[2024-04-11T10:07:50.030] [INFO] info - post params:{}
[2024-04-11T10:11:31.277] [INFO] info - get params:{"applyState":"1","pageNum":"1","pageSize":"10","total":"0","type":"approve"}
[2024-04-11T10:11:31.277] [INFO] info - post params:{}
[2024-04-11T10:33:10.860] [INFO] info - get params:{}
[2024-04-11T10:33:10.860] [INFO] info - post params:{}
[2024-04-11T10:33:10.874] [INFO] info - get params:{}
[2024-04-11T10:33:10.875] [INFO] info - post params:{}
[2024-04-11T10:33:10.994] [INFO] info - get params:{"applyState":"1","pageNum":"1","pageSize":"10","total":"0","type":"approve"}
[2024-04-11T10:33:10.994] [INFO] info - post params:{}
[2024-04-11T10:33:10.996] [INFO] info - get params:{}
[2024-04-11T10:33:10.996] [INFO] info - post params:{}
[2024-04-11T10:33:10.998] [INFO] info - get params:{}
[2024-04-11T10:33:10.998] [INFO] info - post params:{}
[2024-04-11T10:38:54.362] [INFO] info - get params:{"state":"1","pageNum":"1","pageSize":"10"}
[2024-04-11T10:38:54.362] [INFO] info - post params:{}
[2024-04-11T10:38:54.365] [INFO] info - get params:{}
[2024-04-11T10:38:54.365] [INFO] info - post params:{}
[2024-04-11T10:38:54.676] [INFO] info - get params:{}
[2024-04-11T10:38:54.676] [INFO] info - post params:{}
[2024-04-11T10:38:55.067] [INFO] info - get params:{"menuState":"1"}
[2024-04-11T10:38:55.067] [INFO] info - post params:{}
[2024-04-11T10:38:55.934] [INFO] info - get params:{}
[2024-04-11T10:38:55.935] [INFO] info - post params:{}
[2024-04-11T14:00:27.099] [INFO] info - get params:{}
[2024-04-11T14:00:27.100] [INFO] info - post params:{}
[2024-04-11T14:00:27.185] [INFO] info - get params:{}
[2024-04-11T14:00:27.185] [INFO] info - post params:{}
[2024-04-11T14:08:05.245] [INFO] info - get params:{}
[2024-04-11T14:08:05.246] [INFO] info - post params:{}
[2024-04-11T14:08:20.645] [INFO] info - get params:{}
[2024-04-11T14:08:20.645] [INFO] info - post params:{}
[2024-04-11T14:08:40.376] [INFO] info - get params:{}
[2024-04-11T14:08:40.377] [INFO] info - post params:{}
[2024-04-11T14:08:40.623] [INFO] info - get params:{}
[2024-04-11T14:08:40.624] [INFO] info - post params:{}
[2024-04-11T14:08:50.459] [INFO] info - get params:{}
[2024-04-11T14:08:50.459] [INFO] info - post params:{"userName":"管理员","userPwd":"123456","captcha":"vnhr"}
[2024-04-11T14:08:50.465] [INFO] info - getCaptcha params4:{
  _id: 66177e68bca54a496ca603a5,
  captchaText: 'vnhr',
  expiresAt: 2024-04-11T06:13:40.625Z,
  __v: 0
}
[2024-04-11T14:08:50.774] [INFO] info - get params:{}
[2024-04-11T14:08:50.774] [INFO] info - post params:{"userName":"管理员","userPwd":"123456","captcha":"vnhr"}
[2024-04-11T14:08:50.778] [INFO] info - User-login.findOne:{
  deptId: [ '65d1f9a4f66eb050ec4e493c' ],
  state: 1,
  role: 1,
  roleList: [ '65d0c8b51388403ba81aa28e' ],
  createTime: 2024-02-17T15:07:41.178Z,
  lastLoginTime: 2024-04-11T06:08:50.775Z,
  _id: 65d0d056848da6578c813ae5,
  userId: 10321,
  userName: '管理员',
  userPwd: 'e10adc3949ba59abbe56e057f20f883e',
  userEmail: 'guanliyuan@imooc.com',
  __v: 0,
  job: null,
  mobile: null
}
[2024-04-11T14:08:51.076] [INFO] info - get params:{}
[2024-04-11T14:08:51.076] [INFO] info - post params:{}
[2024-04-11T14:08:51.101] [INFO] info - get params:{}
[2024-04-11T14:08:51.101] [INFO] info - post params:{}
[2024-04-11T14:08:59.334] [INFO] info - get params:{}
[2024-04-11T14:08:59.335] [INFO] info - post params:{}
[2024-04-11T14:08:59.400] [INFO] info - get params:{"state":"1","pageNum":"1","pageSize":"10"}
[2024-04-11T14:08:59.401] [INFO] info - post params:{}
[2024-04-11T14:08:59.717] [INFO] info - get params:{}
[2024-04-11T14:08:59.717] [INFO] info - post params:{}
[2024-04-11T14:08:59.718] [INFO] info - get params:{}
[2024-04-11T14:08:59.718] [INFO] info - post params:{}
[2024-04-11T14:12:08.411] [INFO] info - get params:{}
[2024-04-11T14:12:08.412] [INFO] info - post params:{}
[2024-04-11T14:12:08.427] [INFO] info - get params:{}
[2024-04-11T14:12:08.427] [INFO] info - post params:{}
[2024-04-11T14:12:08.513] [INFO] info - get params:{"state":"1","pageNum":"1","pageSize":"10"}
[2024-04-11T14:12:08.513] [INFO] info - post params:{}
[2024-04-11T14:12:08.515] [INFO] info - get params:{}
[2024-04-11T14:12:08.515] [INFO] info - post params:{}
[2024-04-11T14:12:08.517] [INFO] info - get params:{}
[2024-04-11T14:12:08.517] [INFO] info - post params:{}
[2024-04-11T14:12:08.518] [INFO] info - get params:{}
[2024-04-11T14:12:08.518] [INFO] info - post params:{}
[2024-04-11T14:12:08.818] [INFO] info - get params:{}
[2024-04-11T14:12:08.818] [INFO] info - post params:{}
[2024-04-11T14:13:28.697] [INFO] info - get params:{}
[2024-04-11T14:13:28.698] [INFO] info - post params:{}
[2024-04-11T14:13:28.711] [INFO] info - get params:{}
[2024-04-11T14:13:28.712] [INFO] info - post params:{}
[2024-04-11T14:13:28.789] [INFO] info - get params:{"state":"1","pageNum":"1","pageSize":"10"}
[2024-04-11T14:13:28.789] [INFO] info - post params:{}
[2024-04-11T14:13:28.791] [INFO] info - get params:{}
[2024-04-11T14:13:28.791] [INFO] info - post params:{}
[2024-04-11T14:13:28.793] [INFO] info - get params:{}
[2024-04-11T14:13:28.793] [INFO] info - post params:{}
[2024-04-11T14:13:28.794] [INFO] info - get params:{}
[2024-04-11T14:13:28.795] [INFO] info - post params:{}
[2024-04-11T14:13:29.095] [INFO] info - get params:{}
[2024-04-11T14:13:29.095] [INFO] info - post params:{}
[2024-04-11T14:14:05.558] [INFO] info - get params:{}
[2024-04-11T14:14:05.559] [INFO] info - post params:{"state":1,"roleList":["65e710979b90dc340c9d5619"],"userName":"测试11","userEmail":"123445646@imooc.com","mobile":"","job":"1","deptId":["65d1f9a4f66eb050ec4e493c"],"action":"add"}
[2024-04-11T14:14:05.563] [INFO] info - User.sequence_value:{ _id: 'userId', sequence_value: 10331 }
[2024-04-11T14:14:05.586] [INFO] info - get params:{"state":"1","pageNum":"1","pageSize":"10","total":"4"}
[2024-04-11T14:14:05.586] [INFO] info - post params:{}
[2024-04-11T14:14:45.808] [INFO] info - get params:{}
[2024-04-11T14:14:45.808] [INFO] info - post params:{"state":1,"roleList":["65e710979b90dc340c9d5619"],"userName":"测试22","userEmail":"121313213123@imooc.com","job":"22","deptId":["65d1f9a4f66eb050ec4e493c"],"action":"add","userPwd":"222222"}
[2024-04-11T14:14:45.810] [INFO] info - User.sequence_value:{ _id: 'userId', sequence_value: 10332 }
[2024-04-11T14:14:46.058] [INFO] info - get params:{"state":"1","pageNum":"1","pageSize":"10","total":"5"}
[2024-04-11T14:14:46.058] [INFO] info - post params:{}
[2024-04-11T14:15:02.487] [INFO] info - get params:{"state":"1","pageNum":"1","pageSize":"10","total":"6"}
[2024-04-11T14:15:02.487] [INFO] info - post params:{}
[2024-04-11T14:15:50.429] [INFO] info - get params:{}
[2024-04-11T14:15:50.430] [INFO] info - post params:{}
[2024-04-11T14:15:56.266] [INFO] info - get params:{}
[2024-04-11T14:15:56.266] [INFO] info - post params:{}
[2024-04-11T14:16:07.555] [INFO] info - get params:{}
[2024-04-11T14:16:07.555] [INFO] info - post params:{"userName":"测试22","userPwd":"123456","captcha":"eNKl"}
[2024-04-11T14:16:07.556] [INFO] info - getCaptcha params4:{
  _id: 6617801cbca54a496ca603da,
  captchaText: 'eNKl',
  expiresAt: 2024-04-11T06:20:56.268Z,
  __v: 0
}
[2024-04-11T14:16:07.817] [INFO] info - get params:{}
[2024-04-11T14:16:07.817] [INFO] info - post params:{"userName":"测试22","userPwd":"123456","captcha":"eNKl"}
[2024-04-11T14:16:07.820] [INFO] info - User-login.findOne:{
  deptId: [ '65d1f9a4f66eb050ec4e493c' ],
  state: 1,
  role: 1,
  roleList: [ '65e710979b90dc340c9d5619' ],
  createTime: 2024-04-11T01:34:23.799Z,
  lastLoginTime: 2024-04-11T06:16:07.818Z,
  _id: 66177fd5bca54a496ca603d0,
  userId: 10332,
  userName: '测试22',
  userPwd: 'e10adc3949ba59abbe56e057f20f883e',
  userEmail: '121313213123@imooc.com',
  job: '22',
  __v: 0
}
[2024-04-11T14:16:07.885] [INFO] info - get params:{}
[2024-04-11T14:16:07.886] [INFO] info - post params:{}
[2024-04-11T14:16:08.128] [INFO] info - get params:{}
[2024-04-11T14:16:08.128] [INFO] info - post params:{}
[2024-04-11T14:16:23.327] [INFO] info - get params:{}
[2024-04-11T14:16:23.327] [INFO] info - post params:{}
[2024-04-11T14:16:26.019] [INFO] info - get params:{}
[2024-04-11T14:16:26.019] [INFO] info - post params:{}
[2024-04-11T14:16:36.590] [INFO] info - get params:{}
[2024-04-11T14:16:36.591] [INFO] info - post params:{"userName":"管理员","userPwd":"123456","captcha":"7lh1"}
[2024-04-11T14:16:36.592] [INFO] info - getCaptcha params4:{
  _id: 6617803abca54a496ca603e5,
  captchaText: '7lh1',
  expiresAt: 2024-04-11T06:21:26.021Z,
  __v: 0
}
[2024-04-11T14:16:36.898] [INFO] info - get params:{}
[2024-04-11T14:16:36.898] [INFO] info - post params:{"userName":"管理员","userPwd":"123456","captcha":"7lh1"}
[2024-04-11T14:16:36.900] [INFO] info - User-login.findOne:{
  deptId: [ '65d1f9a4f66eb050ec4e493c' ],
  state: 1,
  role: 1,
  roleList: [ '65d0c8b51388403ba81aa28e' ],
  createTime: 2024-02-17T15:07:41.178Z,
  lastLoginTime: 2024-04-11T06:16:36.899Z,
  _id: 65d0d056848da6578c813ae5,
  userId: 10321,
  userName: '管理员',
  userPwd: 'e10adc3949ba59abbe56e057f20f883e',
  userEmail: 'guanliyuan@imooc.com',
  __v: 0,
  job: null,
  mobile: null
}
[2024-04-11T14:16:37.162] [INFO] info - get params:{}
[2024-04-11T14:16:37.163] [INFO] info - post params:{}
[2024-04-11T14:16:37.224] [INFO] info - get params:{}
[2024-04-11T14:16:37.225] [INFO] info - post params:{}
[2024-04-11T14:16:40.735] [INFO] info - get params:{"state":"1","pageNum":"1","pageSize":"10"}
[2024-04-11T14:16:40.735] [INFO] info - post params:{}
[2024-04-11T14:16:41.036] [INFO] info - get params:{}
[2024-04-11T14:16:41.036] [INFO] info - post params:{}
[2024-04-11T14:16:41.037] [INFO] info - get params:{}
[2024-04-11T14:16:41.037] [INFO] info - post params:{}
[2024-04-11T14:18:39.552] [INFO] info - **数据库连接成功**
[2024-04-11T14:18:42.332] [INFO] info - get params:{"state":"1","pageNum":"1","pageSize":"10","total":"6"}
[2024-04-11T14:18:42.332] [INFO] info - post params:{}
[2024-04-11T14:18:44.296] [INFO] info - get params:{}
[2024-04-11T14:18:44.296] [INFO] info - post params:{}
[2024-04-11T14:18:44.505] [INFO] info - get params:{}
[2024-04-11T14:18:44.505] [INFO] info - post params:{}
[2024-04-11T14:18:44.583] [INFO] info - get params:{}
[2024-04-11T14:18:44.584] [INFO] info - post params:{}
[2024-04-11T14:18:44.585] [INFO] info - get params:{"state":"1","pageNum":"1","pageSize":"10"}
[2024-04-11T14:18:44.585] [INFO] info - post params:{}
[2024-04-11T14:18:44.587] [INFO] info - get params:{}
[2024-04-11T14:18:44.587] [INFO] info - post params:{}
[2024-04-11T14:18:44.590] [INFO] info - get params:{}
[2024-04-11T14:18:44.590] [INFO] info - post params:{}
[2024-04-11T14:18:44.644] [INFO] info - get params:{}
[2024-04-11T14:18:44.645] [INFO] info - post params:{}
[2024-04-11T14:18:46.603] [INFO] info - get params:{}
[2024-04-11T14:18:46.603] [INFO] info - post params:{"userIds":[10331]}
[2024-04-11T14:18:46.616] [INFO] info - get params:{"state":"1","pageNum":"1","pageSize":"10","total":"6"}
[2024-04-11T14:18:46.616] [INFO] info - post params:{}
[2024-04-11T14:18:54.798] [INFO] info - get params:{}
[2024-04-11T14:18:54.798] [INFO] info - post params:{"userIds":[10332]}
[2024-04-11T14:18:54.807] [INFO] info - get params:{"state":"1","pageNum":"1","pageSize":"10","total":"5"}
[2024-04-11T14:18:54.807] [INFO] info - post params:{}
[2024-04-11T14:19:12.670] [INFO] info - get params:{}
[2024-04-11T14:19:12.670] [INFO] info - post params:{"state":1,"roleList":["65d0c8b51388403ba81aa28e"],"deptId":["65d1f9f4f66eb050ec4e4953"],"role":1,"createTime":"2024-02-18T12:30:57.187Z","lastLoginTime":"2024-02-18T12:30:57.187Z","userId":10324,"userName":"前端研发主管","userEmail":"79191919140@imooc.com@imooc.com","job":"22","__v":0,"userPwd":"222222","mobile":"13645345456","action":"add"}
[2024-04-11T14:19:23.035] [INFO] info - get params:{}
[2024-04-11T14:19:23.035] [INFO] info - post params:{"state":1,"roleList":["65d0c8b51388403ba81aa28e"],"deptId":["65d1f9f4f66eb050ec4e4953"],"role":1,"createTime":"2024-02-18T12:30:57.187Z","lastLoginTime":"2024-02-18T12:30:57.187Z","userId":10324,"userName":"测试222","userEmail":"79191919140@imooc.com@imooc.com@imooc.com","job":"22","__v":0,"userPwd":"222222","mobile":"13645345456","action":"add"}
[2024-04-11T14:19:23.042] [INFO] info - User.sequence_value:{ _id: 'userId', sequence_value: 10333 }
[2024-04-11T14:19:23.042] [INFO] info - User.userPwd:222222
[2024-04-11T14:19:23.300] [INFO] info - get params:{"state":"1","pageNum":"1","pageSize":"10","total":"4"}
[2024-04-11T14:19:23.300] [INFO] info - post params:{}
[2024-04-11T14:20:11.318] [INFO] info - get params:{"state":"0","pageNum":"1","pageSize":"10","total":"5"}
[2024-04-11T14:20:11.318] [INFO] info - post params:{}
[2024-04-11T14:20:38.152] [INFO] info - get params:{}
[2024-04-11T14:20:38.152] [INFO] info - post params:{"userIds":[10330]}
[2024-04-11T14:20:38.417] [INFO] info - get params:{"state":"0","pageNum":"1","pageSize":"10","total":"12"}
[2024-04-11T14:20:38.417] [INFO] info - post params:{}
[2024-04-11T14:25:09.908] [INFO] info - get params:{"state":"1","pageNum":"1","pageSize":"10","total":"12"}
[2024-04-11T14:25:09.909] [INFO] info - post params:{}
[2024-04-11T14:25:17.545] [INFO] info - get params:{}
[2024-04-11T14:25:17.545] [INFO] info - post params:{}
[2024-04-11T14:25:21.466] [INFO] info - get params:{}
[2024-04-11T14:25:21.466] [INFO] info - post params:{}
[2024-04-11T14:25:21.736] [INFO] info - get params:{}
[2024-04-11T14:25:21.737] [INFO] info - post params:{}
[2024-04-11T14:25:31.763] [INFO] info - get params:{}
[2024-04-11T14:25:31.763] [INFO] info - post params:{"userName":"测试222","userPwd":"123456","captcha":"ySBI"}
[2024-04-11T14:25:31.766] [INFO] info - getCaptcha params4:{
  _id: 66178251fee08c0b08b240ba,
  captchaText: 'ySBI',
  expiresAt: 2024-04-11T06:30:21.739Z,
  __v: 0
}
[2024-04-11T14:25:32.026] [INFO] info - get params:{}
[2024-04-11T14:25:32.026] [INFO] info - post params:{"userName":"测试222","userPwd":"123456","captcha":"ySBI"}
[2024-04-11T14:25:32.028] [INFO] info - User-login.findOne:null
[2024-04-11T14:25:32.028] [INFO] info - get params:e10adc3949ba59abbe56e057f20f883e
[2024-04-11T14:25:37.199] [INFO] info - get params:{}
[2024-04-11T14:25:37.199] [INFO] info - post params:{"userName":"测试222","userPwd":"222222","captcha":"ySBI"}
[2024-04-11T14:25:37.200] [INFO] info - getCaptcha params4:null
[2024-04-11T14:25:44.880] [INFO] info - get params:{}
[2024-04-11T14:25:44.880] [INFO] info - post params:{"userName":"测试222","userPwd":"22222","captcha":"ySBI"}
[2024-04-11T14:25:44.881] [INFO] info - getCaptcha params4:null
[2024-04-11T14:25:47.095] [INFO] info - get params:{}
[2024-04-11T14:25:47.095] [INFO] info - post params:{"userName":"测试222","userPwd":"222222","captcha":"ySBI"}
[2024-04-11T14:25:47.097] [INFO] info - getCaptcha params4:null
[2024-04-11T14:25:56.618] [INFO] info - get params:{}
[2024-04-11T14:25:56.618] [INFO] info - post params:{}
[2024-04-11T14:26:10.980] [INFO] info - get params:{}
[2024-04-11T14:26:10.980] [INFO] info - post params:{"userName":"测试222","userPwd":"222222","captcha":"nGMH"}
[2024-04-11T14:26:10.981] [INFO] info - getCaptcha params4:{
  _id: 66178274fee08c0b08b240c2,
  captchaText: 'nGMH',
  expiresAt: 2024-04-11T06:30:56.621Z,
  __v: 0
}
[2024-04-11T14:26:11.301] [INFO] info - get params:{}
[2024-04-11T14:26:11.301] [INFO] info - post params:{"userName":"测试222","userPwd":"222222","captcha":"nGMH"}
[2024-04-11T14:26:11.303] [INFO] info - User-login.findOne:{
  deptId: [ '65d1f9f4f66eb050ec4e4953' ],
  state: 1,
  role: 1,
  roleList: [ '65d0c8b51388403ba81aa28e' ],
  createTime: 2024-04-11T06:18:39.203Z,
  lastLoginTime: 2024-04-11T06:26:11.301Z,
  _id: 661780ebfee08c0b08b240a8,
  userId: 10333,
  userName: '测试222',
  userPwd: 'e3ceb5881a0a1fdaad01296d7554868d',
  userEmail: '79191919140@imooc.com@imooc.com@imooc.com',
  job: '22',
  mobile: '13645345456',
  __v: 0
}
[2024-04-11T14:26:11.571] [INFO] info - get params:{}
[2024-04-11T14:26:11.571] [INFO] info - post params:{}
[2024-04-11T14:26:11.612] [INFO] info - get params:{}
[2024-04-11T14:26:11.612] [INFO] info - post params:{}
[2024-04-11T14:26:16.358] [INFO] info - get params:{"state":"1","pageNum":"1","pageSize":"10"}
[2024-04-11T14:26:16.358] [INFO] info - post params:{}
[2024-04-11T14:26:16.360] [INFO] info - get params:{}
[2024-04-11T14:26:16.360] [INFO] info - post params:{}
[2024-04-11T14:26:16.670] [INFO] info - get params:{}
[2024-04-11T14:26:16.670] [INFO] info - post params:{}
[2024-04-11T14:26:21.344] [INFO] info - get params:{}
[2024-04-11T14:26:21.344] [INFO] info - post params:{"userIds":[10333]}
[2024-04-11T14:26:21.608] [INFO] info - get params:{"state":"1","pageNum":"1","pageSize":"10","total":"5"}
[2024-04-11T14:26:21.608] [INFO] info - post params:{}
[2024-04-11T14:26:27.070] [INFO] info - get params:{}
[2024-04-11T14:26:27.071] [INFO] info - post params:{}
[2024-04-11T14:26:33.904] [INFO] info - get params:{}
[2024-04-11T14:26:33.904] [INFO] info - post params:{}
[2024-04-11T14:26:46.495] [INFO] info - get params:{}
[2024-04-11T14:26:46.495] [INFO] info - post params:{"userName":"测试222","userPwd":"222222","captcha":"e6ln"}
[2024-04-11T14:26:46.497] [INFO] info - getCaptcha params4:{
  _id: 66178299fee08c0b08b240d4,
  captchaText: 'e6ln',
  expiresAt: 2024-04-11T06:31:33.907Z,
  __v: 0
}
[2024-04-11T14:26:46.812] [INFO] info - get params:{}
[2024-04-11T14:26:46.813] [INFO] info - post params:{"userName":"测试222","userPwd":"222222","captcha":"e6ln"}
[2024-04-11T14:26:46.815] [INFO] info - User-login.findOne:{
  deptId: [ '65d1f9f4f66eb050ec4e4953' ],
  state: 2,
  role: 1,
  roleList: [ '65d0c8b51388403ba81aa28e' ],
  createTime: 2024-04-11T06:18:39.203Z,
  lastLoginTime: 2024-04-11T06:26:46.813Z,
  _id: 661780ebfee08c0b08b240a8,
  userId: 10333,
  userName: '测试222',
  userPwd: 'e3ceb5881a0a1fdaad01296d7554868d',
  userEmail: '79191919140@imooc.com@imooc.com@imooc.com',
  job: '22',
  mobile: '13645345456',
  __v: 0
}
[2024-04-11T14:26:47.077] [INFO] info - get params:{}
[2024-04-11T14:26:47.077] [INFO] info - post params:{}
[2024-04-11T14:26:47.137] [INFO] info - get params:{}
[2024-04-11T14:26:47.137] [INFO] info - post params:{}
[2024-04-11T14:26:50.421] [INFO] info - get params:{"state":"1","pageNum":"1","pageSize":"10"}
[2024-04-11T14:26:50.422] [INFO] info - post params:{}
[2024-04-11T14:26:50.731] [INFO] info - get params:{}
[2024-04-11T14:26:50.731] [INFO] info - post params:{}
[2024-04-11T14:26:50.732] [INFO] info - get params:{}
[2024-04-11T14:26:50.732] [INFO] info - post params:{}
[2024-04-11T14:26:53.347] [INFO] info - get params:{"menuState":"1"}
[2024-04-11T14:26:53.347] [INFO] info - post params:{}
[2024-04-11T14:26:54.598] [INFO] info - get params:{"state":"1","pageNum":"1","pageSize":"10"}
[2024-04-11T14:26:54.598] [INFO] info - post params:{}
[2024-04-11T14:26:54.912] [INFO] info - get params:{}
[2024-04-11T14:26:54.912] [INFO] info - post params:{}
[2024-04-11T14:26:54.913] [INFO] info - get params:{}
[2024-04-11T14:26:54.913] [INFO] info - post params:{}
[2024-04-11T14:31:31.036] [INFO] info - **数据库连接成功**
[2024-04-11T14:31:34.741] [INFO] info - get params:{}
[2024-04-11T14:31:34.742] [INFO] info - post params:{}
[2024-04-11T14:31:35.602] [INFO] info - get params:{}
[2024-04-11T14:31:35.603] [INFO] info - post params:{}
[2024-04-11T14:31:42.127] [INFO] info - get params:{}
[2024-04-11T14:31:42.127] [INFO] info - post params:{}
[2024-04-11T14:31:51.576] [INFO] info - get params:{}
[2024-04-11T14:31:51.576] [INFO] info - post params:{}
[2024-04-11T14:31:58.226] [INFO] info - get params:{}
[2024-04-11T14:31:58.226] [INFO] info - post params:{"userName":"管理员","userPwd":"123456","captcha":"x6F6"}
[2024-04-11T14:31:58.230] [INFO] info - getCaptcha params4:{
  _id: 661783d726b80910ec9c1c17,
  captchaText: 'x6F6',
  expiresAt: 2024-04-11T06:36:51.579Z,
  __v: 0
}
[2024-04-11T14:31:58.478] [INFO] info - get params:{}
[2024-04-11T14:31:58.479] [INFO] info - post params:{"userName":"管理员","userPwd":"123456","captcha":"x6F6"}
[2024-04-11T14:31:58.481] [INFO] info - User-login.findOne:null
[2024-04-11T14:31:58.482] [INFO] info - get params:e10adc3949ba59abbe56e057f20f883e
[2024-04-11T14:33:22.730] [INFO] info - **数据库连接成功**
[2024-04-11T14:33:25.833] [INFO] info - get params:{}
[2024-04-11T14:33:25.833] [INFO] info - post params:{}
[2024-04-11T14:33:32.957] [INFO] info - get params:{}
[2024-04-11T14:33:32.957] [INFO] info - post params:{}
[2024-04-11T14:33:45.200] [INFO] info - get params:{}
[2024-04-11T14:33:45.200] [INFO] info - post params:{"userName":"管理员","userPwd":"123456","captcha":"aGNp"}
[2024-04-11T14:33:45.205] [INFO] info - getCaptcha params4:{
  _id: 6617843c21c5c971f0840c77,
  captchaText: 'aGNp',
  expiresAt: 2024-04-11T06:38:32.961Z,
  __v: 0
}
[2024-04-11T14:33:45.523] [INFO] info - get params:{}
[2024-04-11T14:33:45.523] [INFO] info - post params:{"userName":"管理员","userPwd":"123456","captcha":"aGNp"}
[2024-04-11T14:33:45.527] [INFO] info - User-login.findOne:{
  deptId: [ '65d1f9a4f66eb050ec4e493c' ],
  state: 1,
  role: 1,
  roleList: [ '65d0c8b51388403ba81aa28e' ],
  createTime: 2024-02-17T15:07:41.178Z,
  lastLoginTime: 2024-04-11T06:16:36.899Z,
  _id: 65d0d056848da6578c813ae5,
  userId: 10321,
  userName: '管理员',
  userPwd: 'e10adc3949ba59abbe56e057f20f883e',
  userEmail: 'guanliyuan@imooc.com',
  __v: 0,
  job: null,
  mobile: null
}
[2024-04-11T14:33:45.814] [INFO] info - get params:{}
[2024-04-11T14:33:45.814] [INFO] info - post params:{}
[2024-04-11T14:33:45.851] [INFO] info - get params:{}
[2024-04-11T14:33:45.851] [INFO] info - post params:{}
[2024-04-11T14:33:52.156] [INFO] info - get params:{}
[2024-04-11T14:33:52.156] [INFO] info - post params:{}
[2024-04-11T14:33:52.218] [INFO] info - get params:{"state":"1","pageNum":"1","pageSize":"10"}
[2024-04-11T14:33:52.218] [INFO] info - post params:{}
[2024-04-11T14:33:52.220] [INFO] info - get params:{}
[2024-04-11T14:33:52.221] [INFO] info - post params:{}
[2024-04-11T14:33:52.521] [INFO] info - get params:{}
[2024-04-11T14:33:52.522] [INFO] info - post params:{}
[2024-04-11T14:33:58.071] [INFO] info - get params:{"state":"2","pageNum":"1","pageSize":"10","total":"4"}
[2024-04-11T14:33:58.071] [INFO] info - post params:{}
[2024-04-11T14:34:05.595] [INFO] info - get params:{}
[2024-04-11T14:34:05.595] [INFO] info - post params:{}
[2024-04-11T14:34:09.639] [INFO] info - get params:{}
[2024-04-11T14:34:09.639] [INFO] info - post params:{}
[2024-04-11T14:34:16.503] [INFO] info - get params:{}
[2024-04-11T14:34:16.503] [INFO] info - post params:{"userName":"测试222","userPwd":"222222","captcha":"qjtd"}
[2024-04-11T14:34:16.505] [INFO] info - getCaptcha params4:{
  _id: 6617846121c5c971f0840c8b,
  captchaText: 'qjtd',
  expiresAt: 2024-04-11T06:39:09.642Z,
  __v: 0
}
[2024-04-11T14:34:16.819] [INFO] info - get params:{}
[2024-04-11T14:34:16.819] [INFO] info - post params:{"userName":"测试222","userPwd":"222222","captcha":"qjtd"}
[2024-04-11T14:34:16.821] [INFO] info - User-login.findOne:null
[2024-04-11T14:34:16.821] [INFO] info - get params:e3ceb5881a0a1fdaad01296d7554868d
[2024-04-11T14:34:43.949] [INFO] info - get params:{}
[2024-04-11T14:34:43.949] [INFO] info - post params:{}
[2024-04-11T14:34:53.493] [INFO] info - get params:{}
[2024-04-11T14:34:53.493] [INFO] info - post params:{"userName":"管理员","userPwd":"123456","captcha":"YMwa"}
[2024-04-11T14:34:53.495] [INFO] info - getCaptcha params4:{
  _id: 6617848321c5c971f0840c90,
  captchaText: 'YMwa',
  expiresAt: 2024-04-11T06:39:43.951Z,
  __v: 0
}
[2024-04-11T14:34:53.756] [INFO] info - get params:{}
[2024-04-11T14:34:53.756] [INFO] info - post params:{"userName":"管理员","userPwd":"123456","captcha":"YMwa"}
[2024-04-11T14:34:53.758] [INFO] info - User-login.findOne:{
  deptId: [ '65d1f9a4f66eb050ec4e493c' ],
  state: 1,
  role: 1,
  roleList: [ '65d0c8b51388403ba81aa28e' ],
  createTime: 2024-02-17T15:07:41.178Z,
  lastLoginTime: 2024-04-11T06:33:45.527Z,
  _id: 65d0d056848da6578c813ae5,
  userId: 10321,
  userName: '管理员',
  userPwd: 'e10adc3949ba59abbe56e057f20f883e',
  userEmail: 'guanliyuan@imooc.com',
  __v: 0,
  job: null,
  mobile: null
}
[2024-04-11T14:34:53.804] [INFO] info - get params:{}
[2024-04-11T14:34:53.804] [INFO] info - post params:{}
[2024-04-11T14:34:54.086] [INFO] info - get params:{}
[2024-04-11T14:34:54.086] [INFO] info - post params:{}
[2024-04-11T14:34:55.686] [INFO] info - get params:{"state":"1","pageNum":"1","pageSize":"10"}
[2024-04-11T14:34:55.687] [INFO] info - post params:{}
[2024-04-11T14:34:55.997] [INFO] info - get params:{}
[2024-04-11T14:34:55.998] [INFO] info - post params:{}
[2024-04-11T14:34:55.999] [INFO] info - get params:{}
[2024-04-11T14:34:55.999] [INFO] info - post params:{}
[2024-04-11T14:38:51.273] [INFO] info - get params:{}
[2024-04-11T14:38:51.273] [INFO] info - post params:{}
[2024-04-11T14:38:51.290] [INFO] info - get params:{}
[2024-04-11T14:38:51.290] [INFO] info - post params:{}
[2024-04-11T14:38:51.403] [INFO] info - get params:{}
[2024-04-11T14:38:51.403] [INFO] info - post params:{}
[2024-04-11T14:38:51.404] [INFO] info - get params:{}
[2024-04-11T14:38:51.404] [INFO] info - post params:{}
[2024-04-11T14:39:55.172] [INFO] info - get params:{}
[2024-04-11T14:39:55.172] [INFO] info - post params:{}
[2024-04-11T14:39:55.187] [INFO] info - get params:{}
[2024-04-11T14:39:55.187] [INFO] info - post params:{}
[2024-04-11T14:39:55.336] [INFO] info - get params:{}
[2024-04-11T14:39:55.336] [INFO] info - post params:{}
[2024-04-11T14:39:55.338] [INFO] info - get params:{}
[2024-04-11T14:39:55.338] [INFO] info - post params:{}
[2024-04-11T14:42:37.440] [INFO] info - get params:{}
[2024-04-11T14:42:37.441] [INFO] info - post params:{}
[2024-04-11T14:42:37.459] [INFO] info - get params:{}
[2024-04-11T14:42:37.459] [INFO] info - post params:{}
[2024-04-11T14:42:37.644] [INFO] info - get params:{}
[2024-04-11T14:42:37.644] [INFO] info - post params:{}
[2024-04-11T14:42:37.646] [INFO] info - get params:{}
[2024-04-11T14:42:37.647] [INFO] info - post params:{}
[2024-04-11T15:44:46.857] [INFO] info - get params:{"state":"1","pageNum":"1","pageSize":"10"}
[2024-04-11T15:44:46.858] [INFO] info - post params:{}
[2024-04-11T15:44:46.998] [INFO] info - get params:{}
[2024-04-11T15:44:46.998] [INFO] info - post params:{}
[2024-04-11T15:44:47.159] [INFO] info - get params:{}
[2024-04-11T15:44:47.160] [INFO] info - post params:{}
[2024-04-11T15:44:48.420] [INFO] info - get params:{}
[2024-04-11T15:44:48.421] [INFO] info - post params:{}
[2024-04-11T16:27:41.818] [INFO] info - get params:{}
[2024-04-11T16:27:41.819] [INFO] info - post params:{}
[2024-04-11T16:27:41.956] [INFO] info - get params:{}
[2024-04-11T16:27:41.956] [INFO] info - post params:{}
[2024-04-11T17:09:17.390] [INFO] info - get params:{}
[2024-04-11T17:09:17.390] [INFO] info - post params:{}
[2024-04-11T17:09:17.655] [INFO] info - get params:{}
[2024-04-11T17:09:17.655] [INFO] info - post params:{}
[2024-04-11T17:09:42.800] [INFO] info - get params:{}
[2024-04-11T17:09:42.800] [INFO] info - post params:{"userName":"管理员","userPwd":"123456","captcha":"eBrs"}
[2024-04-11T17:09:42.802] [INFO] info - getCaptcha params4:{
  _id: 6617a8bd21c5c971f0840cbb,
  captchaText: 'eBrs',
  expiresAt: 2024-04-11T09:14:17.658Z,
  __v: 0
}
[2024-04-11T17:09:43.109] [INFO] info - get params:{}
[2024-04-11T17:09:43.109] [INFO] info - post params:{"userName":"管理员","userPwd":"123456","captcha":"eBrs"}
[2024-04-11T17:09:43.111] [INFO] info - User-login.findOne:{
  deptId: [ '65d1f9a4f66eb050ec4e493c' ],
  state: 1,
  role: 1,
  roleList: [ '65d0c8b51388403ba81aa28e' ],
  createTime: 2024-02-17T15:07:41.178Z,
  lastLoginTime: 2024-04-11T06:34:53.759Z,
  _id: 65d0d056848da6578c813ae5,
  userId: 10321,
  userName: '管理员',
  userPwd: 'e10adc3949ba59abbe56e057f20f883e',
  userEmail: 'guanliyuan@imooc.com',
  __v: 0,
  job: null,
  mobile: null
}
[2024-04-11T17:09:43.409] [INFO] info - get params:{}
[2024-04-11T17:09:43.409] [INFO] info - post params:{}
[2024-04-11T17:09:43.437] [INFO] info - get params:{}
[2024-04-11T17:09:43.437] [INFO] info - post params:{}
[2024-04-11T17:11:00.352] [INFO] info - get params:{}
[2024-04-11T17:11:00.353] [INFO] info - post params:{}
[2024-04-11T17:11:00.408] [INFO] info - get params:{}
[2024-04-11T17:11:00.408] [INFO] info - post params:{}
[2024-04-11T17:11:00.410] [INFO] info - get params:{}
[2024-04-11T17:11:00.410] [INFO] info - post params:{}
[2024-04-11T17:12:59.259] [INFO] info - get params:{"state":"1","pageNum":"1","pageSize":"10"}
[2024-04-11T17:12:59.259] [INFO] info - post params:{}
[2024-04-11T17:12:59.260] [INFO] info - get params:{}
[2024-04-11T17:12:59.260] [INFO] info - post params:{}
[2024-04-11T17:12:59.261] [INFO] info - get params:{}
[2024-04-11T17:12:59.261] [INFO] info - post params:{}
[2024-04-11T17:13:01.122] [INFO] info - get params:{"menuState":"1"}
[2024-04-11T17:13:01.122] [INFO] info - post params:{}
[2024-04-11T17:18:22.723] [INFO] info - **数据库连接成功**
[2024-04-11T17:18:31.970] [INFO] info - get params:{}
[2024-04-11T17:18:31.971] [INFO] info - post params:{"parentId":["6616721827df5d2720f9db6c","6616726827df5d2720f9db6f"],"menuType":1,"menuState":1,"menuName":"11111","action":"add"}
[2024-04-11T17:18:31.974] [INFO] info - menu_operate:[object Object]
[2024-04-11T17:18:32.220] [INFO] info - get params:{"menuState":"1"}
[2024-04-11T17:18:32.221] [INFO] info - post params:{}
[2024-04-11T17:19:17.269] [INFO] info - get params:{}
[2024-04-11T17:19:17.270] [INFO] info - post params:{"_id":"6617aae729f48354e001eaf4","action":"delete"}
[2024-04-11T17:19:17.270] [INFO] info - menu_operate:[object Object]
[2024-04-11T17:19:17.589] [INFO] info - get params:{"menuState":"1"}
[2024-04-11T17:19:17.589] [INFO] info - post params:{}
[2024-04-11T17:19:26.273] [INFO] info - get params:{}
[2024-04-11T17:19:26.274] [INFO] info - post params:{"parentId":["6616721827df5d2720f9db6c","6616726827df5d2720f9db6f"],"menuType":1,"menuState":1,"menuName":"1111","action":"add"}
[2024-04-11T17:19:26.274] [INFO] info - menu_operate:[object Object]
[2024-04-11T17:19:26.600] [INFO] info - get params:{"menuState":"1"}
[2024-04-11T17:19:26.601] [INFO] info - post params:{}
[2024-04-11T17:19:34.148] [INFO] info - **数据库连接成功**
[2024-04-11T17:19:41.263] [INFO] info - get params:{}
[2024-04-11T17:19:41.264] [INFO] info - post params:{"parentId":["6616721827df5d2720f9db6c","6616726827df5d2720f9db6f"],"menuType":1,"menuState":1,"menuName":"2222","action":"add"}
[2024-04-11T17:19:41.267] [INFO] info - menu_operate:{"parentId":["6616721827df5d2720f9db6c","6616726827df5d2720f9db6f"],"menuType":1,"menuState":1,"menuName":"2222"}
[2024-04-11T17:19:41.621] [INFO] info - get params:{"menuState":"1"}
[2024-04-11T17:19:41.621] [INFO] info - post params:{}
[2024-04-11T17:20:11.656] [INFO] info - get params:{}
[2024-04-11T17:20:11.656] [INFO] info - post params:{"_id":"6617ab2d16fe5920982ea8eb","action":"delete"}
[2024-04-11T17:20:11.657] [INFO] info - menu_operate:{}
[2024-04-11T17:20:11.975] [INFO] info - get params:{"menuState":"1"}
[2024-04-11T17:20:11.975] [INFO] info - post params:{}
[2024-04-11T17:20:13.016] [INFO] info - get params:{}
[2024-04-11T17:20:13.016] [INFO] info - post params:{"_id":"6617ab1e29f48354e001eafa","action":"delete"}
[2024-04-11T17:20:13.017] [INFO] info - menu_operate:{}
[2024-04-11T17:20:13.342] [INFO] info - get params:{"menuState":"1"}
[2024-04-11T17:20:13.342] [INFO] info - post params:{}
[2024-04-12T15:27:39.085] [INFO] info - **数据库连接成功**
[2024-04-13T14:51:55.436] [INFO] info - **数据库连接成功**
[2024-04-13T14:53:24.387] [INFO] info - get params:{}
[2024-04-13T14:53:24.387] [INFO] info - post params:{}
[2024-04-13T14:53:24.401] [INFO] info - get params:{}
[2024-04-13T14:53:24.401] [INFO] info - post params:{}
[2024-04-13T14:53:24.410] [INFO] info - get params:{}
[2024-04-13T14:53:24.411] [INFO] info - post params:{}
[2024-04-13T14:53:26.025] [INFO] info - get params:{}
[2024-04-13T14:53:26.026] [INFO] info - post params:{}
[2024-04-13T14:53:30.218] [INFO] info - get params:{}
[2024-04-13T14:53:30.219] [INFO] info - post params:{}
[2024-04-13T14:53:30.612] [INFO] info - get params:{}
[2024-04-13T14:53:30.612] [INFO] info - post params:{}
[2024-04-13T14:53:32.105] [INFO] info - get params:{}
[2024-04-13T14:53:32.105] [INFO] info - post params:{}
[2024-04-13T14:53:33.950] [INFO] info - get params:{}
[2024-04-13T14:53:33.950] [INFO] info - post params:{}
[2024-04-13T14:53:35.557] [INFO] info - get params:{}
[2024-04-13T14:53:35.557] [INFO] info - post params:{}
[2024-04-13T14:53:44.889] [INFO] info - get params:{}
[2024-04-13T14:53:44.890] [INFO] info - post params:{"userName":"管理员","userPwd":"123456","captcha":"XNUX"}
[2024-04-13T14:53:44.900] [INFO] info - getCaptcha params4:{
  _id: 661a2befcbe88e0c44abcaa6,
  captchaText: 'XNUX',
  expiresAt: 2024-04-13T06:58:35.560Z,
  __v: 0
}
[2024-04-13T14:53:45.216] [INFO] info - get params:{}
[2024-04-13T14:53:45.217] [INFO] info - post params:{"userName":"管理员","userPwd":"123456","captcha":"XNUX"}
[2024-04-13T14:53:45.234] [INFO] info - User-login.findOne:{
  deptId: [ '65d1f9a4f66eb050ec4e493c' ],
  state: 1,
  role: 1,
  roleList: [ '65d0c8b51388403ba81aa28e' ],
  createTime: 2024-02-17T15:07:41.178Z,
  lastLoginTime: 2024-04-11T09:09:43.112Z,
  _id: 65d0d056848da6578c813ae5,
  userId: 10321,
  userName: '管理员',
  userPwd: 'e10adc3949ba59abbe56e057f20f883e',
  userEmail: 'guanliyuan@imooc.com',
  __v: 0,
  job: null,
  mobile: null
}
[2024-04-13T14:53:45.482] [INFO] info - get params:{}
[2024-04-13T14:53:45.483] [INFO] info - post params:{}
[2024-04-13T14:53:45.573] [INFO] info - get params:{}
[2024-04-13T14:53:45.573] [INFO] info - post params:{}
[2024-04-13T14:53:54.809] [INFO] info - get params:{}
[2024-04-13T14:53:54.809] [INFO] info - post params:{}
[2024-04-13T14:53:57.176] [INFO] info - get params:{"menuState":"1"}
[2024-04-13T14:53:57.176] [INFO] info - post params:{}
[2024-04-13T15:05:50.774] [INFO] info - get params:{}
[2024-04-13T15:05:50.774] [INFO] info - post params:{}
[2024-04-13T15:05:50.802] [INFO] info - get params:{}
[2024-04-13T15:05:50.803] [INFO] info - post params:{}
[2024-04-13T15:05:50.948] [INFO] info - get params:{}
[2024-04-13T15:05:50.949] [INFO] info - post params:{}
[2024-04-13T15:05:50.952] [INFO] info - get params:{}
[2024-04-13T15:05:50.952] [INFO] info - post params:{}
[2024-04-13T15:08:48.736] [INFO] info - get params:{}
[2024-04-13T15:08:48.736] [INFO] info - post params:{}
[2024-04-13T15:08:48.763] [INFO] info - get params:{}
[2024-04-13T15:08:48.764] [INFO] info - post params:{}
[2024-04-13T15:08:48.933] [INFO] info - get params:{}
[2024-04-13T15:08:48.933] [INFO] info - post params:{}
[2024-04-13T15:08:48.934] [INFO] info - get params:{}
[2024-04-13T15:08:48.935] [INFO] info - post params:{}
[2024-04-13T15:08:59.376] [INFO] info - get params:{}
[2024-04-13T15:08:59.376] [INFO] info - post params:{}
[2024-04-13T15:08:59.405] [INFO] info - get params:{}
[2024-04-13T15:08:59.405] [INFO] info - post params:{}
[2024-04-13T15:08:59.533] [INFO] info - get params:{}
[2024-04-13T15:08:59.533] [INFO] info - post params:{}
[2024-04-13T15:08:59.534] [INFO] info - get params:{}
[2024-04-13T15:08:59.534] [INFO] info - post params:{}
[2024-04-13T15:09:06.155] [INFO] info - get params:{"menuState":"1"}
[2024-04-13T15:09:06.156] [INFO] info - post params:{}
[2024-04-13T15:09:25.375] [INFO] info - get params:{}
[2024-04-13T15:09:25.375] [INFO] info - post params:{"parentId":["6616721827df5d2720f9db6c","6616726827df5d2720f9db6f"],"menuType":1,"menuState":1,"createTime":"2021-04-04T13:23:49.765Z","updateTime":"2024-04-11T01:59:19.285Z","_id":"661743b7bca54a496ca60338","menuName":"加载图层","__v":0,"path":"/three/cesium/cesiumLayer","component":"Cesium/cesiumLayer","icon":"","action":"edit"}
[2024-04-13T15:09:25.376] [INFO] info - menu_operate:{"parentId":["6616721827df5d2720f9db6c","6616726827df5d2720f9db6f"],"menuType":1,"menuState":1,"createTime":"2021-04-04T13:23:49.765Z","updateTime":"2024-04-11T01:59:19.285Z","menuName":"加载图层","__v":0,"path":"/three/cesium/cesiumLayer","component":"Cesium/cesiumLayer","icon":""}
[2024-04-13T15:09:25.643] [INFO] info - get params:{"menuState":"1"}
[2024-04-13T15:09:25.644] [INFO] info - post params:{}
[2024-04-13T15:09:28.305] [INFO] info - get params:{}
[2024-04-13T15:09:28.305] [INFO] info - post params:{}
[2024-04-13T15:09:28.343] [INFO] info - get params:{}
[2024-04-13T15:09:28.343] [INFO] info - post params:{}
[2024-04-13T15:09:28.427] [INFO] info - get params:{"menuState":"1"}
[2024-04-13T15:09:28.427] [INFO] info - post params:{}
[2024-04-13T15:09:28.429] [INFO] info - get params:{}
[2024-04-13T15:09:28.429] [INFO] info - post params:{}
[2024-04-13T15:09:28.432] [INFO] info - get params:{}
[2024-04-13T15:09:28.432] [INFO] info - post params:{}
[2024-04-13T15:16:44.789] [INFO] info - get params:{}
[2024-04-13T15:16:44.790] [INFO] info - post params:{}
[2024-04-13T15:16:44.815] [INFO] info - get params:{}
[2024-04-13T15:16:44.815] [INFO] info - post params:{}
[2024-04-13T15:16:49.200] [INFO] info - get params:{}
[2024-04-13T15:16:49.200] [INFO] info - post params:{}
[2024-04-13T15:16:49.227] [INFO] info - get params:{}
[2024-04-13T15:16:49.227] [INFO] info - post params:{}
[2024-04-13T15:17:22.615] [INFO] info - get params:{}
[2024-04-13T15:17:22.616] [INFO] info - post params:{}
[2024-04-13T15:17:22.643] [INFO] info - get params:{}
[2024-04-13T15:17:22.643] [INFO] info - post params:{}
[2024-04-13T15:17:46.648] [INFO] info - get params:{}
[2024-04-13T15:17:46.648] [INFO] info - post params:{}
[2024-04-13T15:17:46.667] [INFO] info - get params:{}
[2024-04-13T15:17:46.667] [INFO] info - post params:{}
[2024-04-13T15:17:46.841] [INFO] info - get params:{}
[2024-04-13T15:17:46.841] [INFO] info - post params:{}
[2024-04-13T15:17:46.849] [INFO] info - get params:{}
[2024-04-13T15:17:46.850] [INFO] info - post params:{}
[2024-04-13T15:29:11.986] [INFO] info - get params:{}
[2024-04-13T15:29:11.987] [INFO] info - post params:{}
[2024-04-13T15:29:12.009] [INFO] info - get params:{}
[2024-04-13T15:29:12.009] [INFO] info - post params:{}
[2024-04-13T15:29:12.236] [INFO] info - get params:{}
[2024-04-13T15:29:12.236] [INFO] info - post params:{}
[2024-04-13T15:29:12.242] [INFO] info - get params:{}
[2024-04-13T15:29:12.243] [INFO] info - post params:{}
[2024-04-13T15:32:28.624] [INFO] info - get params:{}
[2024-04-13T15:32:28.624] [INFO] info - post params:{}
[2024-04-13T15:32:28.658] [INFO] info - get params:{}
[2024-04-13T15:32:28.658] [INFO] info - post params:{}
[2024-04-13T15:32:29.105] [INFO] info - get params:{}
[2024-04-13T15:32:29.105] [INFO] info - post params:{}
[2024-04-13T15:32:29.108] [INFO] info - get params:{}
[2024-04-13T15:32:29.108] [INFO] info - post params:{}
[2024-04-13T15:32:40.053] [INFO] info - get params:{}
[2024-04-13T15:32:40.053] [INFO] info - post params:{}
[2024-04-13T15:32:40.074] [INFO] info - get params:{}
[2024-04-13T15:32:40.074] [INFO] info - post params:{}
[2024-04-13T15:32:40.373] [INFO] info - get params:{}
[2024-04-13T15:32:40.373] [INFO] info - post params:{}
[2024-04-13T15:32:40.376] [INFO] info - get params:{}
[2024-04-13T15:32:40.377] [INFO] info - post params:{}
[2024-04-13T15:40:30.200] [INFO] info - get params:{}
[2024-04-13T15:40:30.201] [INFO] info - post params:{}
[2024-04-13T15:40:30.226] [INFO] info - get params:{}
[2024-04-13T15:40:30.226] [INFO] info - post params:{}
[2024-04-13T15:40:30.578] [INFO] info - get params:{}
[2024-04-13T15:40:30.578] [INFO] info - post params:{}
[2024-04-13T15:40:30.579] [INFO] info - get params:{}
[2024-04-13T15:40:30.579] [INFO] info - post params:{}
[2024-04-13T15:43:46.607] [INFO] info - get params:{}
[2024-04-13T15:43:46.607] [INFO] info - post params:{}
[2024-04-13T15:43:46.627] [INFO] info - get params:{}
[2024-04-13T15:43:46.627] [INFO] info - post params:{}
[2024-04-13T15:43:46.975] [INFO] info - get params:{}
[2024-04-13T15:43:46.975] [INFO] info - post params:{}
[2024-04-13T15:43:46.977] [INFO] info - get params:{}
[2024-04-13T15:43:46.977] [INFO] info - post params:{}
[2024-04-13T15:44:06.840] [INFO] info - get params:{}
[2024-04-13T15:44:06.840] [INFO] info - post params:{}
[2024-04-13T15:44:06.863] [INFO] info - get params:{}
[2024-04-13T15:44:06.864] [INFO] info - post params:{}
[2024-04-13T15:44:07.198] [INFO] info - get params:{}
[2024-04-13T15:44:07.198] [INFO] info - post params:{}
[2024-04-13T15:44:07.199] [INFO] info - get params:{}
[2024-04-13T15:44:07.199] [INFO] info - post params:{}
[2024-04-13T15:44:52.652] [INFO] info - get params:{}
[2024-04-13T15:44:52.653] [INFO] info - post params:{}
[2024-04-13T15:44:52.672] [INFO] info - get params:{}
[2024-04-13T15:44:52.672] [INFO] info - post params:{}
[2024-04-13T15:44:52.968] [INFO] info - get params:{}
[2024-04-13T15:44:52.968] [INFO] info - post params:{}
[2024-04-13T15:44:52.969] [INFO] info - get params:{}
[2024-04-13T15:44:52.969] [INFO] info - post params:{}
[2024-04-13T15:48:04.088] [INFO] info - get params:{}
[2024-04-13T15:48:04.089] [INFO] info - post params:{}
[2024-04-13T15:48:04.103] [INFO] info - get params:{}
[2024-04-13T15:48:04.103] [INFO] info - post params:{}
[2024-04-13T15:48:04.346] [INFO] info - get params:{}
[2024-04-13T15:48:04.346] [INFO] info - post params:{}
[2024-04-13T15:48:04.348] [INFO] info - get params:{}
[2024-04-13T15:48:04.348] [INFO] info - post params:{}
[2024-04-13T15:52:56.586] [INFO] info - get params:{}
[2024-04-13T15:52:56.586] [INFO] info - post params:{}
[2024-04-13T15:52:56.602] [INFO] info - get params:{}
[2024-04-13T15:52:56.603] [INFO] info - post params:{}
[2024-04-13T15:52:56.836] [INFO] info - get params:{}
[2024-04-13T15:52:56.836] [INFO] info - post params:{}
[2024-04-13T15:52:56.837] [INFO] info - get params:{}
[2024-04-13T15:52:56.838] [INFO] info - post params:{}
[2024-04-13T15:55:33.370] [INFO] info - get params:{}
[2024-04-13T15:55:33.371] [INFO] info - post params:{}
[2024-04-13T15:55:33.376] [INFO] info - get params:{}
[2024-04-13T15:55:33.377] [INFO] info - post params:{}
[2024-04-13T15:55:34.924] [INFO] info - get params:{}
[2024-04-13T15:55:34.925] [INFO] info - post params:{}
[2024-04-13T15:55:34.926] [INFO] info - get params:{}
[2024-04-13T15:55:34.926] [INFO] info - post params:{}
[2024-04-13T15:55:35.020] [INFO] info - get params:{}
[2024-04-13T15:55:35.021] [INFO] info - post params:{}
[2024-04-13T15:55:52.059] [INFO] info - get params:{}
[2024-04-13T15:55:52.059] [INFO] info - post params:{"userName":"管理员","userPwd":"123456","captcha":"iLed"}
[2024-04-13T15:55:52.061] [INFO] info - getCaptcha params4:null
[2024-04-13T15:55:53.731] [INFO] info - get params:{}
[2024-04-13T15:55:53.731] [INFO] info - post params:{}
[2024-04-13T15:56:00.737] [INFO] info - get params:{}
[2024-04-13T15:56:00.738] [INFO] info - post params:{"userName":"管理员","userPwd":"123456","captcha":"QKQ8"}
[2024-04-13T15:56:00.740] [INFO] info - getCaptcha params4:{
  _id: 661a3a89cbe88e0c44abcb28,
  captchaText: 'QKQ8',
  expiresAt: 2024-04-13T08:00:53.734Z,
  __v: 0
}
[2024-04-13T15:56:01.002] [INFO] info - get params:{}
[2024-04-13T15:56:01.002] [INFO] info - post params:{"userName":"管理员","userPwd":"123456","captcha":"QKQ8"}
[2024-04-13T15:56:01.005] [INFO] info - User-login.findOne:{
  deptId: [ '65d1f9a4f66eb050ec4e493c' ],
  state: 1,
  role: 1,
  roleList: [ '65d0c8b51388403ba81aa28e' ],
  createTime: 2024-02-17T15:07:41.178Z,
  lastLoginTime: 2024-04-13T06:53:45.236Z,
  _id: 65d0d056848da6578c813ae5,
  userId: 10321,
  userName: '管理员',
  userPwd: 'e10adc3949ba59abbe56e057f20f883e',
  userEmail: 'guanliyuan@imooc.com',
  __v: 0,
  job: null,
  mobile: null
}
[2024-04-13T15:56:01.063] [INFO] info - get params:{}
[2024-04-13T15:56:01.063] [INFO] info - post params:{}
[2024-04-13T15:56:01.341] [INFO] info - get params:{}
[2024-04-13T15:56:01.342] [INFO] info - post params:{}
[2024-04-13T15:56:04.450] [INFO] info - get params:{}
[2024-04-13T15:56:04.450] [INFO] info - post params:{}
[2024-04-13T15:59:59.722] [INFO] info - get params:{}
[2024-04-13T15:59:59.722] [INFO] info - post params:{}
[2024-04-13T15:59:59.743] [INFO] info - get params:{}
[2024-04-13T15:59:59.743] [INFO] info - post params:{}
[2024-04-13T15:59:59.958] [INFO] info - get params:{}
[2024-04-13T15:59:59.958] [INFO] info - post params:{}
[2024-04-13T15:59:59.960] [INFO] info - get params:{}
[2024-04-13T15:59:59.960] [INFO] info - post params:{}
[2024-04-13T16:00:07.208] [INFO] info - get params:{}
[2024-04-13T16:00:07.209] [INFO] info - post params:{}
[2024-04-13T16:00:07.226] [INFO] info - get params:{}
[2024-04-13T16:00:07.226] [INFO] info - post params:{}
[2024-04-13T16:00:07.417] [INFO] info - get params:{}
[2024-04-13T16:00:07.417] [INFO] info - post params:{}
[2024-04-13T16:00:07.419] [INFO] info - get params:{}
[2024-04-13T16:00:07.419] [INFO] info - post params:{}
[2024-04-13T16:01:14.190] [INFO] info - get params:{}
[2024-04-13T16:01:14.191] [INFO] info - post params:{}
[2024-04-13T16:01:14.208] [INFO] info - get params:{}
[2024-04-13T16:01:14.208] [INFO] info - post params:{}
[2024-04-13T16:01:14.560] [INFO] info - get params:{}
[2024-04-13T16:01:14.561] [INFO] info - post params:{}
[2024-04-13T16:01:14.562] [INFO] info - get params:{}
[2024-04-13T16:01:14.562] [INFO] info - post params:{}
[2024-04-13T16:01:53.202] [INFO] info - get params:{}
[2024-04-13T16:01:53.202] [INFO] info - post params:{}
[2024-04-13T16:01:53.220] [INFO] info - get params:{}
[2024-04-13T16:01:53.220] [INFO] info - post params:{}
[2024-04-13T16:01:53.558] [INFO] info - get params:{}
[2024-04-13T16:01:53.559] [INFO] info - post params:{}
[2024-04-13T16:01:53.560] [INFO] info - get params:{}
[2024-04-13T16:01:53.560] [INFO] info - post params:{}
[2024-04-13T16:03:40.573] [INFO] info - get params:{}
[2024-04-13T16:03:40.573] [INFO] info - post params:{}
[2024-04-13T16:03:40.588] [INFO] info - get params:{}
[2024-04-13T16:03:40.588] [INFO] info - post params:{}
[2024-04-13T16:03:40.807] [INFO] info - get params:{}
[2024-04-13T16:03:40.808] [INFO] info - post params:{}
[2024-04-13T16:03:40.809] [INFO] info - get params:{}
[2024-04-13T16:03:40.809] [INFO] info - post params:{}
[2024-04-13T16:06:03.968] [INFO] info - get params:{}
[2024-04-13T16:06:03.968] [INFO] info - post params:{}
[2024-04-13T16:06:03.983] [INFO] info - get params:{}
[2024-04-13T16:06:03.983] [INFO] info - post params:{}
[2024-04-13T16:06:04.358] [INFO] info - get params:{}
[2024-04-13T16:06:04.358] [INFO] info - post params:{}
[2024-04-13T16:06:04.360] [INFO] info - get params:{}
[2024-04-13T16:06:04.360] [INFO] info - post params:{}
[2024-04-13T16:09:31.596] [INFO] info - get params:{}
[2024-04-13T16:09:31.597] [INFO] info - post params:{}
[2024-04-13T16:09:31.621] [INFO] info - get params:{}
[2024-04-13T16:09:31.621] [INFO] info - post params:{}
[2024-04-13T16:10:23.153] [INFO] info - get params:{}
[2024-04-13T16:10:23.153] [INFO] info - post params:{}
[2024-04-13T16:10:23.193] [INFO] info - get params:{}
[2024-04-13T16:10:23.193] [INFO] info - post params:{}
[2024-04-13T16:10:23.514] [INFO] info - get params:{}
[2024-04-13T16:10:23.514] [INFO] info - post params:{}
[2024-04-13T16:10:23.516] [INFO] info - get params:{}
[2024-04-13T16:10:23.516] [INFO] info - post params:{}
[2024-04-13T16:10:31.458] [INFO] info - get params:{}
[2024-04-13T16:10:31.459] [INFO] info - post params:{}
[2024-04-13T16:10:31.476] [INFO] info - get params:{}
[2024-04-13T16:10:31.476] [INFO] info - post params:{}
[2024-04-13T16:10:31.743] [INFO] info - get params:{}
[2024-04-13T16:10:31.743] [INFO] info - post params:{}
[2024-04-13T16:10:31.744] [INFO] info - get params:{}
[2024-04-13T16:10:31.745] [INFO] info - post params:{}
[2024-04-13T16:13:12.332] [INFO] info - get params:{}
[2024-04-13T16:13:12.333] [INFO] info - post params:{}
[2024-04-13T16:13:12.357] [INFO] info - get params:{}
[2024-04-13T16:13:12.357] [INFO] info - post params:{}
[2024-04-13T16:13:12.651] [INFO] info - get params:{}
[2024-04-13T16:13:12.651] [INFO] info - post params:{}
[2024-04-13T16:13:12.653] [INFO] info - get params:{}
[2024-04-13T16:13:12.653] [INFO] info - post params:{}
[2024-04-13T16:17:11.290] [INFO] info - get params:{}
[2024-04-13T16:17:11.290] [INFO] info - post params:{}
[2024-04-13T16:17:11.315] [INFO] info - get params:{}
[2024-04-13T16:17:11.315] [INFO] info - post params:{}
[2024-04-13T16:17:11.683] [INFO] info - get params:{}
[2024-04-13T16:17:11.684] [INFO] info - post params:{}
[2024-04-13T16:17:11.685] [INFO] info - get params:{}
[2024-04-13T16:17:11.685] [INFO] info - post params:{}
[2024-04-13T16:20:36.991] [INFO] info - get params:{}
[2024-04-13T16:20:36.991] [INFO] info - post params:{}
[2024-04-13T16:20:37.006] [INFO] info - get params:{}
[2024-04-13T16:20:37.006] [INFO] info - post params:{}
[2024-04-13T16:20:37.386] [INFO] info - get params:{}
[2024-04-13T16:20:37.386] [INFO] info - post params:{}
[2024-04-13T16:20:37.387] [INFO] info - get params:{}
[2024-04-13T16:20:37.387] [INFO] info - post params:{}
[2024-04-13T16:28:11.383] [INFO] info - get params:{}
[2024-04-13T16:28:11.383] [INFO] info - post params:{}
[2024-04-13T16:28:11.399] [INFO] info - get params:{}
[2024-04-13T16:28:11.399] [INFO] info - post params:{}
[2024-04-13T16:28:11.652] [INFO] info - get params:{}
[2024-04-13T16:28:11.652] [INFO] info - post params:{}
[2024-04-13T16:28:11.654] [INFO] info - get params:{}
[2024-04-13T16:28:11.654] [INFO] info - post params:{}
[2024-04-13T16:52:54.050] [INFO] info - get params:{}
[2024-04-13T16:52:54.050] [INFO] info - post params:{}
[2024-04-13T16:52:54.072] [INFO] info - get params:{}
[2024-04-13T16:52:54.072] [INFO] info - post params:{}
[2024-04-13T16:52:54.369] [INFO] info - get params:{}
[2024-04-13T16:52:54.369] [INFO] info - post params:{}
[2024-04-13T16:52:54.370] [INFO] info - get params:{}
[2024-04-13T16:52:54.370] [INFO] info - post params:{}
[2024-04-13T16:58:04.714] [INFO] info - get params:{}
[2024-04-13T16:58:04.714] [INFO] info - post params:{}
[2024-04-13T16:58:04.725] [INFO] info - get params:{}
[2024-04-13T16:58:04.726] [INFO] info - post params:{}
[2024-04-13T16:58:06.386] [INFO] info - get params:{}
[2024-04-13T16:58:06.387] [INFO] info - post params:{}
[2024-04-13T16:58:06.392] [INFO] info - get params:{}
[2024-04-13T16:58:06.393] [INFO] info - post params:{}
[2024-04-13T16:58:07.937] [INFO] info - get params:{}
[2024-04-13T16:58:07.937] [INFO] info - post params:{}
[2024-04-13T16:58:09.411] [INFO] info - get params:{}
[2024-04-13T16:58:09.411] [INFO] info - post params:{}
[2024-04-13T16:58:17.264] [INFO] info - get params:{}
[2024-04-13T16:58:17.264] [INFO] info - post params:{"userName":"管理员","userPwd":"123456","captcha":"LCmL"}
[2024-04-13T16:58:17.266] [INFO] info - getCaptcha params4:{
  _id: 661a4921cbe88e0c44abcb95,
  captchaText: 'LCmL',
  expiresAt: 2024-04-13T09:03:09.414Z,
  __v: 0
}
[2024-04-13T16:58:17.526] [INFO] info - get params:{}
[2024-04-13T16:58:17.526] [INFO] info - post params:{"userName":"管理员","userPwd":"123456","captcha":"LCmL"}
[2024-04-13T16:58:17.528] [INFO] info - User-login.findOne:{
  deptId: [ '65d1f9a4f66eb050ec4e493c' ],
  state: 1,
  role: 1,
  roleList: [ '65d0c8b51388403ba81aa28e' ],
  createTime: 2024-02-17T15:07:41.178Z,
  lastLoginTime: 2024-04-13T07:56:01.007Z,
  _id: 65d0d056848da6578c813ae5,
  userId: 10321,
  userName: '管理员',
  userPwd: 'e10adc3949ba59abbe56e057f20f883e',
  userEmail: 'guanliyuan@imooc.com',
  __v: 0,
  job: null,
  mobile: null
}
[2024-04-13T16:58:17.591] [INFO] info - get params:{}
[2024-04-13T16:58:17.592] [INFO] info - post params:{}
[2024-04-13T16:58:17.859] [INFO] info - get params:{}
[2024-04-13T16:58:17.859] [INFO] info - post params:{}
[2024-04-13T16:58:20.163] [INFO] info - get params:{}
[2024-04-13T16:58:20.163] [INFO] info - post params:{}
[2024-04-13T16:58:51.917] [INFO] info - get params:{}
[2024-04-13T16:58:51.917] [INFO] info - post params:{}
[2024-04-13T16:58:51.949] [INFO] info - get params:{}
[2024-04-13T16:58:51.949] [INFO] info - post params:{}
[2024-04-13T16:58:52.296] [INFO] info - get params:{}
[2024-04-13T16:58:52.296] [INFO] info - post params:{}
[2024-04-13T16:58:52.299] [INFO] info - get params:{}
[2024-04-13T16:58:52.299] [INFO] info - post params:{}
[2024-04-13T16:59:42.995] [INFO] info - get params:{}
[2024-04-13T16:59:42.996] [INFO] info - post params:{}
[2024-04-13T16:59:43.015] [INFO] info - get params:{}
[2024-04-13T16:59:43.015] [INFO] info - post params:{}
[2024-04-13T16:59:43.260] [INFO] info - get params:{}
[2024-04-13T16:59:43.261] [INFO] info - post params:{}
[2024-04-13T16:59:43.262] [INFO] info - get params:{}
[2024-04-13T16:59:43.262] [INFO] info - post params:{}
[2024-04-13T17:00:02.219] [INFO] info - get params:{}
[2024-04-13T17:00:02.219] [INFO] info - post params:{}
[2024-04-13T17:00:02.239] [INFO] info - get params:{}
[2024-04-13T17:00:02.239] [INFO] info - post params:{}
[2024-04-13T17:00:02.490] [INFO] info - get params:{}
[2024-04-13T17:00:02.490] [INFO] info - post params:{}
[2024-04-13T17:00:02.491] [INFO] info - get params:{}
[2024-04-13T17:00:02.492] [INFO] info - post params:{}
[2024-04-13T17:01:09.558] [INFO] info - get params:{}
[2024-04-13T17:01:09.558] [INFO] info - post params:{}
[2024-04-13T17:01:09.581] [INFO] info - get params:{}
[2024-04-13T17:01:09.582] [INFO] info - post params:{}
[2024-04-13T17:01:09.862] [INFO] info - get params:{}
[2024-04-13T17:01:09.862] [INFO] info - post params:{}
[2024-04-13T17:01:09.865] [INFO] info - get params:{}
[2024-04-13T17:01:09.865] [INFO] info - post params:{}
[2024-04-13T17:01:24.743] [INFO] info - get params:{}
[2024-04-13T17:01:24.743] [INFO] info - post params:{}
[2024-04-13T17:01:24.772] [INFO] info - get params:{}
[2024-04-13T17:01:24.772] [INFO] info - post params:{}
[2024-04-13T17:01:25.088] [INFO] info - get params:{}
[2024-04-13T17:01:25.088] [INFO] info - post params:{}
[2024-04-13T17:01:25.089] [INFO] info - get params:{}
[2024-04-13T17:01:25.090] [INFO] info - post params:{}
[2024-04-13T17:01:45.521] [INFO] info - get params:{}
[2024-04-13T17:01:45.522] [INFO] info - post params:{}
[2024-04-13T17:01:45.540] [INFO] info - get params:{}
[2024-04-13T17:01:45.540] [INFO] info - post params:{}
[2024-04-13T17:01:45.839] [INFO] info - get params:{}
[2024-04-13T17:01:45.839] [INFO] info - post params:{}
[2024-04-13T17:01:45.840] [INFO] info - get params:{}
[2024-04-13T17:01:45.840] [INFO] info - post params:{}
[2024-04-13T17:01:54.186] [INFO] info - get params:{}
[2024-04-13T17:01:54.186] [INFO] info - post params:{}
[2024-04-13T17:01:54.204] [INFO] info - get params:{}
[2024-04-13T17:01:54.204] [INFO] info - post params:{}
[2024-04-13T17:01:54.469] [INFO] info - get params:{}
[2024-04-13T17:01:54.469] [INFO] info - post params:{}
[2024-04-13T17:01:54.471] [INFO] info - get params:{}
[2024-04-13T17:01:54.471] [INFO] info - post params:{}
[2024-04-13T17:02:16.515] [INFO] info - get params:{}
[2024-04-13T17:02:16.515] [INFO] info - post params:{}
[2024-04-13T17:02:16.538] [INFO] info - get params:{}
[2024-04-13T17:02:16.538] [INFO] info - post params:{}
[2024-04-13T17:02:16.857] [INFO] info - get params:{}
[2024-04-13T17:02:16.857] [INFO] info - post params:{}
[2024-04-13T17:02:16.859] [INFO] info - get params:{}
[2024-04-13T17:02:16.859] [INFO] info - post params:{}
[2024-04-13T17:27:23.698] [INFO] info - get params:{}
[2024-04-13T17:27:23.698] [INFO] info - post params:{}
[2024-04-13T17:27:23.720] [INFO] info - get params:{}
[2024-04-13T17:27:23.720] [INFO] info - post params:{}
[2024-04-13T17:27:24.142] [INFO] info - get params:{}
[2024-04-13T17:27:24.142] [INFO] info - post params:{}
[2024-04-13T17:27:24.143] [INFO] info - get params:{}
[2024-04-13T17:27:24.144] [INFO] info - post params:{}
[2024-04-13T17:29:03.802] [INFO] info - get params:{}
[2024-04-13T17:29:03.802] [INFO] info - post params:{}
[2024-04-13T17:29:03.822] [INFO] info - get params:{}
[2024-04-13T17:29:03.822] [INFO] info - post params:{}
[2024-04-13T17:29:04.120] [INFO] info - get params:{}
[2024-04-13T17:29:04.120] [INFO] info - post params:{}
[2024-04-13T17:29:04.121] [INFO] info - get params:{}
[2024-04-13T17:29:04.122] [INFO] info - post params:{}
[2024-04-15T09:12:46.975] [INFO] info - **数据库连接成功**
[2024-04-15T09:14:18.991] [INFO] info - **数据库连接成功**
[2024-04-15T09:14:35.359] [INFO] info - get params:{}
[2024-04-15T09:14:35.360] [INFO] info - post params:{}
[2024-04-15T09:14:35.369] [INFO] info - get params:{}
[2024-04-15T09:14:35.370] [INFO] info - post params:{}
[2024-04-15T09:14:35.375] [INFO] info - get params:{}
[2024-04-15T09:14:35.375] [INFO] info - post params:{}
[2024-04-15T09:14:37.497] [INFO] info - get params:{}
[2024-04-15T09:14:37.498] [INFO] info - post params:{}
[2024-04-15T09:14:42.706] [INFO] info - get params:{}
[2024-04-15T09:14:42.707] [INFO] info - post params:{}
[2024-04-15T09:14:44.911] [INFO] info - get params:{}
[2024-04-15T09:14:44.911] [INFO] info - post params:{}
[2024-04-15T09:14:53.154] [INFO] info - get params:{}
[2024-04-15T09:14:53.155] [INFO] info - post params:{"userName":"管理员","userPwd":"123456","captcha":"YCUi"}
[2024-04-15T09:14:53.161] [INFO] info - getCaptcha params4:{
  _id: 661c7f8493436341d01053b8,
  captchaText: 'YCUi',
  expiresAt: 2024-04-15T01:19:44.914Z,
  __v: 0
}
[2024-04-15T09:14:53.420] [INFO] info - get params:{}
[2024-04-15T09:14:53.420] [INFO] info - post params:{"userName":"管理员","userPwd":"123456","captcha":"YCUi"}
[2024-04-15T09:14:53.433] [INFO] info - User-login.findOne:{
  deptId: [ '65d1f9a4f66eb050ec4e493c' ],
  state: 1,
  role: 1,
  roleList: [ '65d0c8b51388403ba81aa28e' ],
  createTime: 2024-02-17T15:07:41.178Z,
  lastLoginTime: 2024-04-13T08:58:17.529Z,
  _id: 65d0d056848da6578c813ae5,
  userId: 10321,
  userName: '管理员',
  userPwd: 'e10adc3949ba59abbe56e057f20f883e',
  userEmail: 'guanliyuan@imooc.com',
  __v: 0,
  job: null,
  mobile: null
}
[2024-04-15T09:14:53.470] [INFO] info - get params:{}
[2024-04-15T09:14:53.470] [INFO] info - post params:{}
[2024-04-15T09:14:53.778] [INFO] info - get params:{}
[2024-04-15T09:14:53.778] [INFO] info - post params:{}
[2024-04-15T09:14:56.937] [INFO] info - get params:{}
[2024-04-15T09:14:56.937] [INFO] info - post params:{}
[2024-04-15T09:14:57.352] [INFO] info - get params:{"state":"1","pageNum":"1","pageSize":"10"}
[2024-04-15T09:14:57.352] [INFO] info - post params:{}
[2024-04-15T09:14:57.354] [INFO] info - get params:{}
[2024-04-15T09:14:57.354] [INFO] info - post params:{}
[2024-04-15T09:14:57.652] [INFO] info - get params:{}
[2024-04-15T09:14:57.652] [INFO] info - post params:{}
[2024-04-15T09:18:56.634] [INFO] info - get params:{"state":"1","pageNum":"1","pageSize":"10"}
[2024-04-15T09:18:56.635] [INFO] info - post params:{}
[2024-04-15T09:18:56.947] [INFO] info - get params:{}
[2024-04-15T09:18:56.947] [INFO] info - post params:{}
[2024-04-15T09:18:56.948] [INFO] info - get params:{}
[2024-04-15T09:18:56.948] [INFO] info - post params:{}
[2024-04-15T09:18:56.949] [INFO] info - get params:{}
[2024-04-15T09:18:56.949] [INFO] info - post params:{}
[2024-04-15T09:18:56.950] [INFO] info - get params:{}
[2024-04-15T09:18:56.951] [INFO] info - post params:{}
[2024-04-15T09:25:59.883] [INFO] info - get params:{}
[2024-04-15T09:25:59.884] [INFO] info - post params:{}
[2024-04-15T09:26:01.546] [INFO] info - get params:{}
[2024-04-15T09:26:01.546] [INFO] info - post params:{}
[2024-04-15T09:26:03.463] [INFO] info - get params:{}
[2024-04-15T09:26:03.463] [INFO] info - post params:{}
[2024-04-15T09:26:04.766] [INFO] info - get params:{}
[2024-04-15T09:26:04.766] [INFO] info - post params:{}
[2024-04-15T09:26:14.392] [INFO] info - get params:{}
[2024-04-15T09:26:14.392] [INFO] info - post params:{"userName":"管理员","userPwd":"123456","captcha":"Ers5"}
[2024-04-15T09:26:14.394] [INFO] info - getCaptcha params4:{
  _id: 661c822c93436341d01053d7,
  captchaText: 'Ers5',
  expiresAt: 2024-04-15T01:31:04.769Z,
  __v: 0
}
[2024-04-15T09:26:14.399] [INFO] info - get params:{}
[2024-04-15T09:26:14.399] [INFO] info - post params:{"userName":"管理员","userPwd":"123456","captcha":"Ers5"}
[2024-04-15T09:26:14.401] [INFO] info - User-login.findOne:{
  deptId: [ '65d1f9a4f66eb050ec4e493c' ],
  state: 1,
  role: 1,
  roleList: [ '65d0c8b51388403ba81aa28e' ],
  createTime: 2024-02-17T15:07:41.178Z,
  lastLoginTime: 2024-04-15T01:14:53.434Z,
  _id: 65d0d056848da6578c813ae5,
  userId: 10321,
  userName: '管理员',
  userPwd: 'e10adc3949ba59abbe56e057f20f883e',
  userEmail: 'guanliyuan@imooc.com',
  __v: 0,
  job: null,
  mobile: null
}
[2024-04-15T09:26:14.742] [INFO] info - get params:{}
[2024-04-15T09:26:14.743] [INFO] info - post params:{}
[2024-04-15T09:26:14.982] [INFO] info - get params:{}
[2024-04-15T09:26:14.982] [INFO] info - post params:{}
[2024-04-15T09:27:14.314] [INFO] info - get params:{}
[2024-04-15T09:27:14.314] [INFO] info - post params:{}
[2024-04-15T09:27:14.383] [INFO] info - get params:{}
[2024-04-15T09:27:14.383] [INFO] info - post params:{}
[2024-04-15T09:27:14.386] [INFO] info - get params:{}
[2024-04-15T09:27:14.386] [INFO] info - post params:{}
[2024-04-15T09:28:30.230] [INFO] info - get params:{}
[2024-04-15T09:28:30.230] [INFO] info - post params:{}
[2024-04-15T09:28:37.466] [INFO] info - get params:{}
[2024-04-15T09:28:37.466] [INFO] info - post params:{}
[2024-04-15T09:29:11.175] [INFO] info - get params:{}
[2024-04-15T09:29:11.175] [INFO] info - post params:{}
[2024-04-15T09:29:11.241] [INFO] info - get params:{}
[2024-04-15T09:29:11.242] [INFO] info - post params:{}
[2024-04-15T09:29:11.244] [INFO] info - get params:{}
[2024-04-15T09:29:11.244] [INFO] info - post params:{}
[2024-04-15T09:29:46.023] [INFO] info - get params:{}
[2024-04-15T09:29:46.023] [INFO] info - post params:{}
[2024-04-15T09:29:46.076] [INFO] info - get params:{}
[2024-04-15T09:29:46.076] [INFO] info - post params:{}
[2024-04-15T09:29:46.078] [INFO] info - get params:{}
[2024-04-15T09:29:46.078] [INFO] info - post params:{}
[2024-04-15T09:33:04.662] [INFO] info - get params:{}
[2024-04-15T09:33:04.662] [INFO] info - post params:{}
[2024-04-15T09:33:04.969] [INFO] info - get params:{}
[2024-04-15T09:33:04.969] [INFO] info - post params:{}
[2024-04-15T09:33:09.874] [INFO] info - get params:{}
[2024-04-15T09:33:09.874] [INFO] info - post params:{}
[2024-04-15T09:33:09.929] [INFO] info - get params:{}
[2024-04-15T09:33:09.930] [INFO] info - post params:{}
[2024-04-15T09:33:09.932] [INFO] info - get params:{}
[2024-04-15T09:33:09.933] [INFO] info - post params:{}
[2024-04-15T09:33:37.350] [INFO] info - get params:{}
[2024-04-15T09:33:37.351] [INFO] info - post params:{}
[2024-04-15T09:33:37.415] [INFO] info - get params:{}
[2024-04-15T09:33:37.415] [INFO] info - post params:{}
[2024-04-15T09:33:37.417] [INFO] info - get params:{}
[2024-04-15T09:33:37.418] [INFO] info - post params:{}
[2024-04-15T09:35:03.388] [INFO] info - get params:{}
[2024-04-15T09:35:03.388] [INFO] info - post params:{}
[2024-04-15T09:35:03.444] [INFO] info - get params:{}
[2024-04-15T09:35:03.444] [INFO] info - post params:{}
[2024-04-15T09:35:03.446] [INFO] info - get params:{}
[2024-04-15T09:35:03.447] [INFO] info - post params:{}
[2024-04-15T09:36:40.321] [INFO] info - get params:{}
[2024-04-15T09:36:40.321] [INFO] info - post params:{}
[2024-04-15T09:36:40.382] [INFO] info - get params:{}
[2024-04-15T09:36:40.382] [INFO] info - post params:{}
[2024-04-15T09:36:40.384] [INFO] info - get params:{}
[2024-04-15T09:36:40.384] [INFO] info - post params:{}
[2024-04-15T09:37:09.946] [INFO] info - get params:{}
[2024-04-15T09:37:09.946] [INFO] info - post params:{}
[2024-04-15T09:37:10.000] [INFO] info - get params:{}
[2024-04-15T09:37:10.000] [INFO] info - post params:{}
[2024-04-15T09:37:10.002] [INFO] info - get params:{}
[2024-04-15T09:37:10.003] [INFO] info - post params:{}
[2024-04-15T09:37:52.541] [INFO] info - get params:{}
[2024-04-15T09:37:52.541] [INFO] info - post params:{}
[2024-04-15T09:37:52.614] [INFO] info - get params:{}
[2024-04-15T09:37:52.614] [INFO] info - post params:{}
[2024-04-15T09:37:52.616] [INFO] info - get params:{}
[2024-04-15T09:37:52.616] [INFO] info - post params:{}
[2024-04-15T09:38:40.658] [INFO] info - get params:{}
[2024-04-15T09:38:40.658] [INFO] info - post params:{}
[2024-04-15T09:38:40.659] [INFO] info - get params:{}
[2024-04-15T09:38:40.659] [INFO] info - post params:{}
[2024-04-15T09:39:22.677] [INFO] info - get params:{}
[2024-04-15T09:39:22.677] [INFO] info - post params:{}
[2024-04-15T09:39:22.979] [INFO] info - get params:{}
[2024-04-15T09:39:22.979] [INFO] info - post params:{}
[2024-04-15T09:39:25.766] [INFO] info - get params:{}
[2024-04-15T09:39:25.767] [INFO] info - post params:{}
[2024-04-15T09:39:25.817] [INFO] info - get params:{}
[2024-04-15T09:39:25.818] [INFO] info - post params:{}
[2024-04-15T09:39:25.819] [INFO] info - get params:{}
[2024-04-15T09:39:25.820] [INFO] info - post params:{}
[2024-04-15T09:40:03.097] [INFO] info - get params:{}
[2024-04-15T09:40:03.097] [INFO] info - post params:{}
[2024-04-15T09:40:03.402] [INFO] info - get params:{}
[2024-04-15T09:40:03.403] [INFO] info - post params:{}
[2024-04-15T09:41:32.719] [INFO] info - get params:{}
[2024-04-15T09:41:32.719] [INFO] info - post params:{}
[2024-04-15T09:41:32.776] [INFO] info - get params:{}
[2024-04-15T09:41:32.777] [INFO] info - post params:{}
[2024-04-15T09:41:32.780] [INFO] info - get params:{}
[2024-04-15T09:41:32.780] [INFO] info - post params:{}
[2024-04-15T09:42:03.861] [INFO] info - get params:{}
[2024-04-15T09:42:03.861] [INFO] info - post params:{}
[2024-04-15T09:42:04.064] [INFO] info - get params:{}
[2024-04-15T09:42:04.065] [INFO] info - post params:{}
[2024-04-15T09:44:25.203] [INFO] info - get params:{}
[2024-04-15T09:44:25.203] [INFO] info - post params:{}
[2024-04-15T09:44:25.282] [INFO] info - get params:{}
[2024-04-15T09:44:25.283] [INFO] info - post params:{}
[2024-04-15T09:44:25.286] [INFO] info - get params:{}
[2024-04-15T09:44:25.286] [INFO] info - post params:{}
[2024-04-15T09:48:38.262] [INFO] info - get params:{}
[2024-04-15T09:48:38.263] [INFO] info - post params:{}
[2024-04-15T09:48:38.317] [INFO] info - get params:{}
[2024-04-15T09:48:38.317] [INFO] info - post params:{}
[2024-04-15T09:48:38.319] [INFO] info - get params:{}
[2024-04-15T09:48:38.319] [INFO] info - post params:{}
[2024-04-15T10:11:19.848] [INFO] info - get params:{}
[2024-04-15T10:11:19.848] [INFO] info - post params:{}
[2024-04-15T10:11:19.905] [INFO] info - get params:{}
[2024-04-15T10:11:19.905] [INFO] info - post params:{}
[2024-04-15T10:11:19.907] [INFO] info - get params:{}
[2024-04-15T10:11:19.908] [INFO] info - post params:{}
[2024-04-15T10:13:14.082] [INFO] info - get params:{}
[2024-04-15T10:13:14.082] [INFO] info - post params:{}
[2024-04-15T10:13:14.137] [INFO] info - get params:{}
[2024-04-15T10:13:14.137] [INFO] info - post params:{}
[2024-04-15T10:13:14.141] [INFO] info - get params:{}
[2024-04-15T10:13:14.141] [INFO] info - post params:{}
[2024-04-15T10:13:16.004] [INFO] info - get params:{}
[2024-04-15T10:13:16.004] [INFO] info - post params:{}
[2024-04-15T10:13:16.070] [INFO] info - get params:{}
[2024-04-15T10:13:16.070] [INFO] info - post params:{}
[2024-04-15T10:13:16.072] [INFO] info - get params:{}
[2024-04-15T10:13:16.072] [INFO] info - post params:{}
[2024-04-15T10:14:10.512] [INFO] info - get params:{}
[2024-04-15T10:14:10.512] [INFO] info - post params:{}
[2024-04-15T10:14:10.571] [INFO] info - get params:{}
[2024-04-15T10:14:10.571] [INFO] info - post params:{}
[2024-04-15T10:14:10.574] [INFO] info - get params:{}
[2024-04-15T10:14:10.574] [INFO] info - post params:{}
[2024-04-15T10:14:49.745] [INFO] info - get params:{}
[2024-04-15T10:14:49.745] [INFO] info - post params:{}
[2024-04-15T10:14:49.796] [INFO] info - get params:{}
[2024-04-15T10:14:49.796] [INFO] info - post params:{}
[2024-04-15T10:14:49.797] [INFO] info - get params:{}
[2024-04-15T10:14:49.797] [INFO] info - post params:{}
[2024-04-15T10:15:42.578] [INFO] info - get params:{}
[2024-04-15T10:15:42.579] [INFO] info - post params:{}
[2024-04-15T10:15:42.629] [INFO] info - get params:{}
[2024-04-15T10:15:42.630] [INFO] info - post params:{}
[2024-04-15T10:15:42.631] [INFO] info - get params:{}
[2024-04-15T10:15:42.631] [INFO] info - post params:{}
[2024-04-15T10:15:57.185] [INFO] info - get params:{}
[2024-04-15T10:15:57.185] [INFO] info - post params:{}
[2024-04-15T10:15:57.239] [INFO] info - get params:{}
[2024-04-15T10:15:57.239] [INFO] info - post params:{}
[2024-04-15T10:15:57.240] [INFO] info - get params:{}
[2024-04-15T10:15:57.240] [INFO] info - post params:{}
[2024-04-15T10:18:29.060] [INFO] info - get params:{}
[2024-04-15T10:18:29.060] [INFO] info - post params:{}
[2024-04-15T10:18:29.115] [INFO] info - get params:{}
[2024-04-15T10:18:29.115] [INFO] info - post params:{}
[2024-04-15T10:18:29.118] [INFO] info - get params:{}
[2024-04-15T10:18:29.118] [INFO] info - post params:{}
[2024-04-15T10:18:29.365] [INFO] info - get params:{}
[2024-04-15T10:18:29.365] [INFO] info - post params:{}
[2024-04-15T10:18:29.428] [INFO] info - get params:{}
[2024-04-15T10:18:29.428] [INFO] info - post params:{}
[2024-04-15T10:18:29.430] [INFO] info - get params:{}
[2024-04-15T10:18:29.430] [INFO] info - post params:{}
[2024-04-15T10:18:55.183] [INFO] info - get params:{}
[2024-04-15T10:18:55.183] [INFO] info - post params:{}
[2024-04-15T10:18:55.239] [INFO] info - get params:{}
[2024-04-15T10:18:55.240] [INFO] info - post params:{}
[2024-04-15T10:18:55.241] [INFO] info - get params:{}
[2024-04-15T10:18:55.241] [INFO] info - post params:{}
[2024-04-15T10:18:56.208] [INFO] info - get params:{}
[2024-04-15T10:18:56.208] [INFO] info - post params:{}
[2024-04-15T10:18:56.254] [INFO] info - get params:{}
[2024-04-15T10:18:56.255] [INFO] info - post params:{}
[2024-04-15T10:18:56.256] [INFO] info - get params:{}
[2024-04-15T10:18:56.256] [INFO] info - post params:{}
[2024-04-15T10:19:15.338] [INFO] info - get params:{}
[2024-04-15T10:19:15.338] [INFO] info - post params:{}
[2024-04-15T10:19:15.394] [INFO] info - get params:{}
[2024-04-15T10:19:15.394] [INFO] info - post params:{}
[2024-04-15T10:19:15.400] [INFO] info - get params:{}
[2024-04-15T10:19:15.400] [INFO] info - post params:{}
[2024-04-15T10:19:17.484] [INFO] info - get params:{}
[2024-04-15T10:19:17.484] [INFO] info - post params:{}
[2024-04-15T10:19:17.531] [INFO] info - get params:{}
[2024-04-15T10:19:17.531] [INFO] info - post params:{}
[2024-04-15T10:19:17.533] [INFO] info - get params:{}
[2024-04-15T10:19:17.533] [INFO] info - post params:{}
[2024-04-15T10:19:34.919] [INFO] info - get params:{}
[2024-04-15T10:19:34.919] [INFO] info - post params:{}
[2024-04-15T10:19:34.975] [INFO] info - get params:{}
[2024-04-15T10:19:34.975] [INFO] info - post params:{}
[2024-04-15T10:19:34.976] [INFO] info - get params:{}
[2024-04-15T10:19:34.976] [INFO] info - post params:{}
[2024-04-15T10:26:07.365] [INFO] info - get params:{}
[2024-04-15T10:26:07.365] [INFO] info - post params:{}
[2024-04-15T10:26:07.416] [INFO] info - get params:{}
[2024-04-15T10:26:07.416] [INFO] info - post params:{}
[2024-04-15T10:26:07.417] [INFO] info - get params:{}
[2024-04-15T10:26:07.418] [INFO] info - post params:{}
[2024-04-15T10:31:05.104] [INFO] info - get params:{}
[2024-04-15T10:31:05.105] [INFO] info - post params:{}
[2024-04-15T10:31:05.172] [INFO] info - get params:{}
[2024-04-15T10:31:05.173] [INFO] info - post params:{}
[2024-04-15T10:31:05.174] [INFO] info - get params:{}
[2024-04-15T10:31:05.174] [INFO] info - post params:{}
[2024-04-15T10:31:07.341] [INFO] info - get params:{}
[2024-04-15T10:31:07.341] [INFO] info - post params:{}
[2024-04-15T10:31:10.486] [INFO] info - get params:{}
[2024-04-15T10:31:10.486] [INFO] info - post params:{}
[2024-04-15T10:31:13.014] [INFO] info - get params:{}
[2024-04-15T10:31:13.014] [INFO] info - post params:{}
[2024-04-15T10:31:13.359] [INFO] info - get params:{}
[2024-04-15T10:31:13.359] [INFO] info - post params:{}
[2024-04-15T10:31:20.887] [INFO] info - get params:{}
[2024-04-15T10:31:20.887] [INFO] info - post params:{"userName":"管理员","userPwd":"123456","captcha":"D88j"}
[2024-04-15T10:31:20.890] [INFO] info - getCaptcha params4:{
  _id: 661c917193436341d0105488,
  captchaText: 'D88j',
  expiresAt: 2024-04-15T02:36:13.362Z,
  __v: 0
}
[2024-04-15T10:31:21.152] [INFO] info - get params:{}
[2024-04-15T10:31:21.152] [INFO] info - post params:{"userName":"管理员","userPwd":"123456","captcha":"D88j"}
[2024-04-15T10:31:21.155] [INFO] info - User-login.findOne:{
  deptId: [ '65d1f9a4f66eb050ec4e493c' ],
  state: 1,
  role: 1,
  roleList: [ '65d0c8b51388403ba81aa28e' ],
  createTime: 2024-02-17T15:07:41.178Z,
  lastLoginTime: 2024-04-15T01:26:14.402Z,
  _id: 65d0d056848da6578c813ae5,
  userId: 10321,
  userName: '管理员',
  userPwd: 'e10adc3949ba59abbe56e057f20f883e',
  userEmail: 'guanliyuan@imooc.com',
  __v: 0,
  job: null,
  mobile: null
}
[2024-04-15T10:31:21.201] [INFO] info - get params:{}
[2024-04-15T10:31:21.201] [INFO] info - post params:{}
[2024-04-15T10:31:21.491] [INFO] info - get params:{}
[2024-04-15T10:31:21.492] [INFO] info - post params:{}
[2024-04-15T10:31:37.607] [INFO] info - get params:{}
[2024-04-15T10:31:37.608] [INFO] info - post params:{}
[2024-04-15T10:31:37.911] [INFO] info - get params:{}
[2024-04-15T10:31:37.911] [INFO] info - post params:{}
[2024-04-15T10:31:40.775] [INFO] info - get params:{}
[2024-04-15T10:31:40.775] [INFO] info - post params:{}
[2024-04-15T10:31:40.839] [INFO] info - get params:{}
[2024-04-15T10:31:40.839] [INFO] info - post params:{}
[2024-04-15T10:31:40.841] [INFO] info - get params:{}
[2024-04-15T10:31:40.841] [INFO] info - post params:{}
[2024-04-15T10:34:08.603] [INFO] info - get params:{}
[2024-04-15T10:34:08.603] [INFO] info - post params:{}
[2024-04-15T10:34:08.663] [INFO] info - get params:{}
[2024-04-15T10:34:08.664] [INFO] info - post params:{}
[2024-04-15T10:34:08.665] [INFO] info - get params:{}
[2024-04-15T10:34:08.665] [INFO] info - post params:{}
[2024-04-15T10:35:19.521] [INFO] info - get params:{}
[2024-04-15T10:35:19.521] [INFO] info - post params:{}
[2024-04-15T10:35:19.573] [INFO] info - get params:{}
[2024-04-15T10:35:19.573] [INFO] info - post params:{}
[2024-04-15T10:35:19.575] [INFO] info - get params:{}
[2024-04-15T10:35:19.575] [INFO] info - post params:{}
[2024-04-15T10:36:33.082] [INFO] info - get params:{}
[2024-04-15T10:36:33.082] [INFO] info - post params:{}
[2024-04-15T10:36:33.155] [INFO] info - get params:{}
[2024-04-15T10:36:33.155] [INFO] info - post params:{}
[2024-04-15T10:36:33.157] [INFO] info - get params:{}
[2024-04-15T10:36:33.157] [INFO] info - post params:{}
[2024-04-15T10:36:33.408] [INFO] info - get params:{}
[2024-04-15T10:36:33.408] [INFO] info - post params:{}
[2024-04-15T10:36:33.473] [INFO] info - get params:{}
[2024-04-15T10:36:33.474] [INFO] info - post params:{}
[2024-04-15T10:36:33.475] [INFO] info - get params:{}
[2024-04-15T10:36:33.475] [INFO] info - post params:{}
[2024-04-15T10:38:22.304] [INFO] info - get params:{}
[2024-04-15T10:38:22.304] [INFO] info - post params:{}
[2024-04-15T10:38:22.354] [INFO] info - get params:{}
[2024-04-15T10:38:22.354] [INFO] info - post params:{}
[2024-04-15T10:38:22.355] [INFO] info - get params:{}
[2024-04-15T10:38:22.356] [INFO] info - post params:{}
[2024-04-15T10:39:05.625] [INFO] info - get params:{}
[2024-04-15T10:39:05.625] [INFO] info - post params:{}
[2024-04-15T10:39:05.673] [INFO] info - get params:{}
[2024-04-15T10:39:05.673] [INFO] info - post params:{}
[2024-04-15T10:39:05.675] [INFO] info - get params:{}
[2024-04-15T10:39:05.676] [INFO] info - post params:{}
[2024-04-15T10:39:25.398] [INFO] info - get params:{}
[2024-04-15T10:39:25.399] [INFO] info - post params:{}
[2024-04-15T10:39:25.447] [INFO] info - get params:{}
[2024-04-15T10:39:25.448] [INFO] info - post params:{}
[2024-04-15T10:39:25.449] [INFO] info - get params:{}
[2024-04-15T10:39:25.449] [INFO] info - post params:{}
[2024-04-15T11:15:45.022] [INFO] info - get params:{}
[2024-04-15T11:15:45.022] [INFO] info - post params:{}
[2024-04-15T11:15:45.336] [INFO] info - get params:{}
[2024-04-15T11:15:45.336] [INFO] info - post params:{}
[2024-04-15T11:16:44.967] [INFO] info - get params:{}
[2024-04-15T11:16:44.968] [INFO] info - post params:{}
[2024-04-15T11:16:44.969] [INFO] info - get params:{}
[2024-04-15T11:16:44.969] [INFO] info - post params:{}
[2024-04-15T14:32:24.739] [INFO] info - **数据库连接成功**
[2024-04-15T14:32:36.343] [INFO] info - get params:{}
[2024-04-15T14:32:36.343] [INFO] info - post params:{}
[2024-04-15T14:32:36.352] [INFO] info - get params:{}
[2024-04-15T14:32:36.352] [INFO] info - post params:{}
[2024-04-15T14:32:36.358] [INFO] info - get params:{}
[2024-04-15T14:32:36.359] [INFO] info - post params:{}
[2024-04-15T14:32:37.940] [INFO] info - get params:{}
[2024-04-15T14:32:37.940] [INFO] info - post params:{}
[2024-04-15T14:32:51.546] [INFO] info - get params:{}
[2024-04-15T14:32:51.546] [INFO] info - post params:{}
[2024-04-15T14:32:51.869] [INFO] info - get params:{}
[2024-04-15T14:32:51.870] [INFO] info - post params:{}
[2024-04-15T14:32:54.793] [INFO] info - get params:{}
[2024-04-15T14:32:54.793] [INFO] info - post params:{}
[2024-04-15T14:36:13.536] [INFO] info - get params:{}
[2024-04-15T14:36:13.536] [INFO] info - post params:{}
[2024-04-15T14:36:13.609] [INFO] info - get params:{}
[2024-04-15T14:36:13.610] [INFO] info - post params:{}
[2024-04-15T14:36:13.866] [INFO] info - get params:{}
[2024-04-15T14:36:13.867] [INFO] info - post params:{}
[2024-04-15T14:36:13.913] [INFO] info - get params:{}
[2024-04-15T14:36:13.913] [INFO] info - post params:{}
[2024-04-15T14:36:39.143] [INFO] info - get params:{}
[2024-04-15T14:36:39.144] [INFO] info - post params:{}
[2024-04-15T14:36:39.239] [INFO] info - get params:{}
[2024-04-15T14:36:39.239] [INFO] info - post params:{}
[2024-04-15T14:36:53.354] [INFO] info - get params:{}
[2024-04-15T14:36:53.354] [INFO] info - post params:{}
[2024-04-15T14:36:53.412] [INFO] info - get params:{}
[2024-04-15T14:36:53.412] [INFO] info - post params:{}
[2024-04-15T14:39:50.550] [INFO] info - get params:{}
[2024-04-15T14:39:50.550] [INFO] info - post params:{}
[2024-04-15T14:39:50.620] [INFO] info - get params:{}
[2024-04-15T14:39:50.620] [INFO] info - post params:{}
[2024-04-15T14:40:19.098] [INFO] info - get params:{}
[2024-04-15T14:40:19.099] [INFO] info - post params:{}
[2024-04-15T14:40:19.209] [INFO] info - get params:{}
[2024-04-15T14:40:19.209] [INFO] info - post params:{}
[2024-04-15T14:40:32.104] [INFO] info - get params:{}
[2024-04-15T14:40:32.104] [INFO] info - post params:{}
[2024-04-15T14:40:32.155] [INFO] info - get params:{}
[2024-04-15T14:40:32.155] [INFO] info - post params:{}
[2024-04-15T14:41:04.838] [INFO] info - get params:{}
[2024-04-15T14:41:04.838] [INFO] info - post params:{}
[2024-04-15T14:41:04.954] [INFO] info - get params:{}
[2024-04-15T14:41:04.954] [INFO] info - post params:{}
[2024-04-15T14:42:00.773] [INFO] info - get params:{}
[2024-04-15T14:42:00.773] [INFO] info - post params:{}
[2024-04-15T14:42:11.660] [INFO] info - get params:{}
[2024-04-15T14:42:11.660] [INFO] info - post params:{"userName":"管理员","userPwd":"123456","captcha":"n3JJ"}
[2024-04-15T14:42:11.665] [INFO] info - getCaptcha params4:{
  _id: 661ccc38aa165e29342f39dc,
  captchaText: 'n3JJ',
  expiresAt: 2024-04-15T06:47:00.775Z,
  __v: 0
}
[2024-04-15T14:42:11.911] [INFO] info - get params:{}
[2024-04-15T14:42:11.911] [INFO] info - post params:{"userName":"管理员","userPwd":"123456","captcha":"n3JJ"}
[2024-04-15T14:42:11.921] [INFO] info - User-login.findOne:{
  deptId: [ '65d1f9a4f66eb050ec4e493c' ],
  state: 1,
  role: 1,
  roleList: [ '65d0c8b51388403ba81aa28e' ],
  createTime: 2024-02-17T15:07:41.178Z,
  lastLoginTime: 2024-04-15T02:31:21.156Z,
  _id: 65d0d056848da6578c813ae5,
  userId: 10321,
  userName: '管理员',
  userPwd: 'e10adc3949ba59abbe56e057f20f883e',
  userEmail: 'guanliyuan@imooc.com',
  __v: 0,
  job: null,
  mobile: null
}
[2024-04-15T14:42:11.998] [INFO] info - get params:{}
[2024-04-15T14:42:11.998] [INFO] info - post params:{}
[2024-04-15T14:42:12.255] [INFO] info - get params:{}
[2024-04-15T14:42:12.255] [INFO] info - post params:{}
[2024-04-15T14:51:35.166] [INFO] info - get params:{}
[2024-04-15T14:51:35.167] [INFO] info - post params:{}
[2024-04-15T14:51:35.168] [INFO] info - get params:{}
[2024-04-15T14:51:35.168] [INFO] info - post params:{}
[2024-04-15T14:52:26.403] [INFO] info - get params:{}
[2024-04-15T14:52:26.403] [INFO] info - post params:{}
[2024-04-15T14:52:26.465] [INFO] info - get params:{}
[2024-04-15T14:52:26.465] [INFO] info - post params:{}
[2024-04-15T14:52:26.466] [INFO] info - get params:{}
[2024-04-15T14:52:26.467] [INFO] info - post params:{}
[2024-04-15T14:52:42.293] [INFO] info - get params:{}
[2024-04-15T14:52:42.293] [INFO] info - post params:{}
[2024-04-15T14:52:42.363] [INFO] info - get params:{}
[2024-04-15T14:52:42.363] [INFO] info - post params:{}
[2024-04-15T14:52:42.364] [INFO] info - get params:{}
[2024-04-15T14:52:42.364] [INFO] info - post params:{}
[2024-04-15T14:53:14.168] [INFO] info - get params:{}
[2024-04-15T14:53:14.168] [INFO] info - post params:{}
[2024-04-15T14:53:14.363] [INFO] info - get params:{}
[2024-04-15T14:53:14.363] [INFO] info - post params:{}
[2024-04-15T14:53:17.583] [INFO] info - get params:{}
[2024-04-15T14:53:17.583] [INFO] info - post params:{}
[2024-04-15T14:53:17.887] [INFO] info - get params:{}
[2024-04-15T14:53:17.887] [INFO] info - post params:{}
[2024-04-15T14:53:48.357] [INFO] info - get params:{}
[2024-04-15T14:53:48.357] [INFO] info - post params:{}
[2024-04-15T14:53:48.666] [INFO] info - get params:{}
[2024-04-15T14:53:48.667] [INFO] info - post params:{}
[2024-04-15T14:54:18.764] [INFO] info - **数据库连接成功**
[2024-04-15T14:54:22.419] [INFO] info - get params:{}
[2024-04-15T14:54:22.420] [INFO] info - post params:{}
[2024-04-15T14:54:22.467] [INFO] info - get params:{}
[2024-04-15T14:54:22.467] [INFO] info - post params:{}
[2024-04-15T14:54:22.474] [INFO] info - get params:{}
[2024-04-15T14:54:22.474] [INFO] info - post params:{}
[2024-04-15T14:54:47.371] [INFO] info - get params:{}
[2024-04-15T14:54:47.372] [INFO] info - post params:{"userName":"管理员","currentPassword":"11111","newPassword":"admin"}
[2024-04-15T14:55:48.995] [INFO] info - get params:{}
[2024-04-15T14:55:48.995] [INFO] info - post params:{"userName":"管理员","currentPassword":"11111","newPassword":"admin"}
[2024-04-15T14:57:00.025] [INFO] info - get params:{}
[2024-04-15T14:57:00.025] [INFO] info - post params:{}
[2024-04-15T14:57:00.085] [INFO] info - get params:{}
[2024-04-15T14:57:00.085] [INFO] info - post params:{}
[2024-04-15T14:57:00.088] [INFO] info - get params:{}
[2024-04-15T14:57:00.088] [INFO] info - post params:{}
[2024-04-15T14:57:13.376] [INFO] info - get params:{}
[2024-04-15T14:57:13.376] [INFO] info - post params:{"userName":"管理员","currentPassword":"11111","newPassword":"admin"}
[2024-04-15T14:57:55.323] [INFO] info - get params:{}
[2024-04-15T14:57:55.323] [INFO] info - post params:{"userName":"管理员","currentPassword":"11111","newPassword":"admin"}
[2024-04-15T14:59:59.663] [INFO] info - get params:{}
[2024-04-15T14:59:59.663] [INFO] info - post params:{"userName":"管理员","currentPassword":"11111","newPassword":"admin"}
[2024-04-15T15:00:05.761] [INFO] info - **数据库连接成功**
[2024-04-15T15:00:08.723] [INFO] info - get params:{}
[2024-04-15T15:00:08.723] [INFO] info - post params:{}
[2024-04-15T15:00:08.868] [INFO] info - get params:{}
[2024-04-15T15:00:08.868] [INFO] info - post params:{}
[2024-04-15T15:00:08.873] [INFO] info - get params:{}
[2024-04-15T15:00:08.874] [INFO] info - post params:{}
[2024-04-15T15:00:19.160] [INFO] info - get params:{}
[2024-04-15T15:00:19.160] [INFO] info - post params:{"userName":"管理员","currentPassword":"11111","newPassword":"11111"}
[2024-04-15T15:00:19.161] [INFO] info - updatePwd:[object Object]
[2024-04-15T15:00:38.336] [INFO] info - get params:{}
[2024-04-15T15:00:38.336] [INFO] info - post params:{"userName":"管理员","currentPassword":"11111","newPassword":"11111"}
[2024-04-15T15:00:38.336] [INFO] info - updatePwd:[object Object]
[2024-04-15T15:00:44.171] [INFO] info - **数据库连接成功**
[2024-04-15T15:00:46.019] [INFO] info - get params:{}
[2024-04-15T15:00:46.019] [INFO] info - post params:{"userName":"管理员","currentPassword":"11111","newPassword":"11111"}
[2024-04-15T15:00:46.023] [INFO] info - updatePwd:[object Object]
[2024-04-15T15:01:41.064] [INFO] info - get params:{}
[2024-04-15T15:01:41.064] [INFO] info - post params:{"userName":"管理员","currentPassword":"123456","newPassword":"admin"}
[2024-04-15T15:01:41.066] [INFO] info - updatePwd:[object Object]
[2024-04-15T15:01:46.659] [INFO] info - get params:{}
[2024-04-15T15:01:46.659] [INFO] info - post params:{}
[2024-04-15T15:01:46.719] [INFO] info - get params:{}
[2024-04-15T15:01:46.719] [INFO] info - post params:{}
[2024-04-15T15:01:46.810] [INFO] info - get params:{}
[2024-04-15T15:01:46.810] [INFO] info - post params:{}
[2024-04-15T15:02:58.518] [INFO] info - get params:{}
[2024-04-15T15:02:58.518] [INFO] info - post params:{}
[2024-04-15T15:02:58.576] [INFO] info - get params:{}
[2024-04-15T15:02:58.577] [INFO] info - post params:{}
[2024-04-15T15:02:58.578] [INFO] info - get params:{}
[2024-04-15T15:02:58.578] [INFO] info - post params:{}
[2024-04-15T15:03:12.081] [INFO] info - get params:{}
[2024-04-15T15:03:12.081] [INFO] info - post params:{"userName":"管理员","currentPassword":"123456","newPassword":"admin"}
[2024-04-15T15:03:12.082] [INFO] info - updatePwd:[object Object]
[2024-04-15T15:03:18.069] [INFO] info - get params:{}
[2024-04-15T15:03:18.069] [INFO] info - post params:{"userName":"管理员","currentPassword":"admin","newPassword":"admin"}
[2024-04-15T15:03:18.069] [INFO] info - updatePwd:[object Object]
[2024-04-15T15:03:18.428] [INFO] info - get params:{}
[2024-04-15T15:03:18.429] [INFO] info - post params:{}
[2024-04-15T15:03:23.007] [INFO] info - get params:{}
[2024-04-15T15:03:23.007] [INFO] info - post params:{}
[2024-04-15T15:03:24.782] [INFO] info - get params:{}
[2024-04-15T15:03:24.782] [INFO] info - post params:{}
[2024-04-15T15:03:25.090] [INFO] info - get params:{}
[2024-04-15T15:03:25.091] [INFO] info - post params:{}
[2024-04-15T15:03:31.757] [INFO] info - get params:{}
[2024-04-15T15:03:31.757] [INFO] info - post params:{"userName":"管理员","userPwd":"admin","captcha":"5KiU"}
[2024-04-15T15:03:31.759] [INFO] info - getCaptcha params4:null
[2024-04-15T15:03:33.420] [INFO] info - get params:{}
[2024-04-15T15:03:33.420] [INFO] info - post params:{}
[2024-04-15T15:03:44.077] [INFO] info - get params:{}
[2024-04-15T15:03:44.077] [INFO] info - post params:{"userName":"管理员","userPwd":"admin","captcha":"0OLV"}
[2024-04-15T15:03:44.079] [INFO] info - getCaptcha params4:{
  _id: 661cd145b7b9002610c8b62c,
  captchaText: '0OLV',
  expiresAt: 2024-04-15T07:08:33.422Z,
  __v: 0
}
[2024-04-15T15:03:44.345] [INFO] info - get params:{}
[2024-04-15T15:03:44.346] [INFO] info - post params:{"userName":"管理员","userPwd":"admin","captcha":"0OLV"}
[2024-04-15T15:03:44.348] [INFO] info - User-login.findOne:{
  deptId: [ '65d1f9a4f66eb050ec4e493c' ],
  state: 1,
  role: 1,
  roleList: [ '65d0c8b51388403ba81aa28e' ],
  createTime: 2024-02-17T15:07:41.178Z,
  lastLoginTime: 2024-04-15T06:42:11.922Z,
  _id: 65d0d056848da6578c813ae5,
  userId: 10321,
  userName: '管理员',
  userPwd: '21232f297a57a5a743894a0e4a801fc3',
  userEmail: 'guanliyuan@imooc.com',
  __v: 0,
  job: null,
  mobile: null
}
[2024-04-15T15:03:44.414] [INFO] info - get params:{}
[2024-04-15T15:03:44.415] [INFO] info - post params:{}
[2024-04-15T15:03:44.659] [INFO] info - get params:{}
[2024-04-15T15:03:44.659] [INFO] info - post params:{}
[2024-04-15T15:04:22.208] [INFO] info - get params:{}
[2024-04-15T15:04:22.208] [INFO] info - post params:{}
[2024-04-15T15:04:22.511] [INFO] info - get params:{}
[2024-04-15T15:04:22.511] [INFO] info - post params:{}
[2024-04-15T15:07:54.591] [INFO] info - get params:{}
[2024-04-15T15:07:54.592] [INFO] info - post params:{}
[2024-04-15T15:07:54.654] [INFO] info - get params:{}
[2024-04-15T15:07:54.654] [INFO] info - post params:{}
[2024-04-15T15:07:54.656] [INFO] info - get params:{}
[2024-04-15T15:07:54.657] [INFO] info - post params:{}
[2024-04-15T15:08:18.900] [INFO] info - get params:{}
[2024-04-15T15:08:18.900] [INFO] info - post params:{}
[2024-04-15T15:08:18.902] [INFO] info - get params:{"state":"1","pageNum":"1","pageSize":"10"}
[2024-04-15T15:08:18.902] [INFO] info - post params:{}
[2024-04-15T15:08:18.904] [INFO] info - get params:{}
[2024-04-15T15:08:18.904] [INFO] info - post params:{}
